{
  "input_frames": [],

  "template_cloud": "template/Zhu_Mian_Kai_Kong_Template_cut.pcd",

  "pose_correction": [
    1, 0, 0, 0,
    0, 1, 0, 0,
    0, 0, 1, 0,
    0, 0, 0, 1
  ],

  "crop_boxes": [
    {
      "crop_min": [-793.858551, -622.153976, 1453.552124],
      "crop_max": [706.141449, 877.846024, 2253.552124]
    }
  ],

  "statistical_mean_k": 10,
  "statistical_stddev_mul": 3.0,
  "voxel_leaf_mm": 1.0,

  "cylinder_distance_threshold_mm": 2.0,
  "cylinder_max_iterations": 200,

  "icp_max_correspondence_distance_mm": 100.0,
  "icp_max_iterations": 300,
  "icp_transformation_epsilon": 1e-8,
  "icp_fitness_epsilon": 0.001,

  "slice_spacing_mm": 5.0,
  "slice_count": 5,
  "slice_min_points": 30,
  "slice_thickness_mm": 2.0,
  "circle_max_fit_error_mm": 3.0,

  "template_top_plane_feature_points": [
    -841.816650391, -651.763671875, 3572.89794922,
    -873.239501953, -691.556152344, 3610.91186523,
    -910.282958984, -762.321899414, 3681.71191406,
    -183.882965088, -419.013397217, 3426.1550293,
    -57.0048522949, -439.666015625, 3470.15063477,
    43.580947876, -473.943023682, 3524.39648438,
    256.586608887, -884.426452637, 4002.50097656,
    227.586608887, -945.667480469, 4063.69335938,
    188.426055908, -1001.9553833, 4117.96484375,
    -664.905578613, -1198.01452637, 4195.55371094,
    -506.909790039, -1236.32763672, 4262.42675781,
    -321.166381836, -1239.73376465, 4295.59619141
  ],
  "template_top_plane_normal": [-0.10841682, 0.73109460, 0.67360705],
  "top_feature_search_radius_mm": 30.0,

  "straight_side_offset_below_top_mm": 5.0,
  "straight_side_cylinder_crop_height_mm": 35.0,
  "straight_side_crop_height_mm": 80.0,

  "straight_endpoint_search_radius_mm": 20.0,
  "straight_endpoint_slice_thickness_mm": 2.0,
  "straight_line_distance_threshold_mm": 4.0,
  "straight_a_to_b_max_distance_mm": 60.0,
  "straight_b_method": "nearest",
  "straight_b_line_fit_length_mm": 35.0,
  "straight_b_residual_min_threshold_mm": 0.2,
  "straight_b_residual_window_count": 3,

  "straight_bevel_30_offset_mm": 4.0,
  "straight_bevel_45_offset_mm": 4.0,
  "straight_bevel_type": 45,

  "straight_endpoint_pairs": [
    {
      "name": "S1",
      "point_b": [-870.767944, -652.421387, 3650.312744]
    }
  ],

  "template_openings": [
    {
      "name": "N1",
      "search_radius_mm": 100.0,
      "expected_diameter_mm": 29.0,
      "diameter_tolerance_mm": 3.0,
      "projection_direction": [0.4319, -0.7518, -0.4983],
      "projection_image_width": 600,
      "projection_image_height": 600,
      "projection_crop_min": [-885.027, -657.591, 3677.842],
      "projection_crop_max": [-580.596, -465.006, 4020.918],
      "cylinder_feature_points": [
        -745.078430176, -535.463317871, 3868.96972656,
        -760.480895996, -544.837219238, 3884.63671875,
        -740.209411621, -528.317565918, 3877.99926758,
        -733.208190918, -533.383239746, 3882.65551758,
        -736.857177734, -531.986816406, 3875.63354492,
        -735.965393066, -545.369445801, 3892.69848633,
        -737.291931152, -540.100036621, 3895.02294922,
        -747.789306641, -550.993103027, 3893.38061523,
        -747.360839844, -546.826049805, 3896.41137695,
        -756.825256348, -542.485656738, 3873.47924805
      ]
    }
  ]
}
