VERSION .7
FIELDS x y z
SIZE 4 4 4
TYPE F F F
COUNT 1 1 1
WIDTH 12000
HEIGHT 1
VIEWPOINT 0 0 0 1 0 0 0
POINTS 12000
DATA ascii
460.707553 384.772020 547.070885
-375.257217 -468.129606 222.786198
-449.199583 -397.763673 622.004293
291.020965 525.192430 1755.484934
598.108638 51.288459 1538.450831
599.679240 -23.386552 600.215348
-363.038787 477.346233 537.941249
516.191293 305.448071 2089.640941
-227.641506 555.461235 189.537127
259.005475 541.497413 222.095840
-258.332409 540.943675 1082.588055
310.558789 -513.307786 1360.636866
-592.875217 88.915719 1920.517509
-206.724074 562.779957 1226.147610
356.417736 -483.413247 302.285395
-579.337604 -153.150681 2071.864543
174.664405 574.191974 644.014856
-206.661269 -563.035267 1861.035679
-252.147071 -543.977345 183.919873
-482.659478 -356.188729 1367.800492
599.606762 -23.128510 384.225046
423.760913 -425.004951 1881.537476
-598.887082 -32.823353 1751.761056
386.404373 -459.117398 2114.592198
-430.448895 418.158065 758.277789
-269.364290 536.087629 2154.248999
-559.373962 215.518701 484.673684
351.782236 486.083308 2089.184021
557.694156 -221.098657 960.143162
259.170113 -540.898573 1508.199520
-596.294488 64.271752 833.269066
-488.411399 -348.055979 502.797196
554.089765 -229.208879 1444.168466
-261.548092 -539.758787 65.902801
508.087956 318.225805 1147.817870
-457.983115 -387.160015 1416.106375
152.387843 579.863482 192.070400
-598.638099 43.805974 1281.326782
-234.526492 552.363296 1823.134803
-574.378025 -174.500654 250.152129
406.667441 440.935400 338.137709
376.985145 -467.023903 188.747265
598.730566 -32.312996 2045.112061
135.451397 584.480378 518.531496
-430.359899 418.262903 12.856097
-470.638164 -371.781745 929.162045
0.269667 -599.601866 330.643745
549.202442 -240.862634 2170.515247
-574.376487 173.938831 1292.954447
386.212717 -459.920308 1167.618296
85.723753 593.808555 689.514708
-313.923623 -511.489147 351.756288
550.445029 -239.448067 1137.947586
93.291259 -592.221690 1191.392036
-23.463940 599.535384 1710.234935
155.309801 -579.576470 1173.782495
156.028064 -579.029623 2123.250621
536.030231 270.623870 189.932322
-582.894576 143.655581 331.729746
-574.197866 174.416923 1323.119142
539.562993 -262.282222 258.382712
278.071873 -531.971797 1997.839992
320.968403 -507.317604 155.416715
243.927641 -547.644650 957.975188
-127.531733 -586.026540 1697.393207
-555.731734 226.766786 637.031011
-511.466950 313.442787 2086.463063
-255.510075 -543.283090 505.783681
573.349352 178.064845 1608.480654
580.129384 -152.766499 1574.647311
-560.912001 214.008460 856.332087
597.414398 56.565163 1122.181960
-600.348378 9.583252 348.127333
598.154287 47.741509 29.009228
379.395864 464.843632 144.687793
349.358787 -488.384624 232.551483
-336.214851 -496.632615 861.195106
-178.402408 573.017393 1139.178175
470.822710 371.969952 1740.757687
-14.961362 600.030464 2032.002504
460.561061 384.379344 1508.652389
416.299785 432.509398 50.048849
-416.401155 432.496883 159.299020
-556.650929 -223.611628 2079.384367
-276.515795 532.238499 2082.147950
-270.879833 534.934446 2124.667427
278.544911 531.508158 558.072212
568.675074 -191.631984 243.605970
-600.100484 -3.027705 1362.867770
268.960265 -537.012075 1114.250450
-579.222762 158.810236 1852.776371
-595.864261 74.454121 1988.044934
-599.902238 7.266040 1858.731626
169.364486 -575.718630 2028.968186
219.871760 -558.161784 614.854831
-85.036192 594.086956 1163.896288
536.244896 -269.905376 1887.961584
-89.323416 -593.653874 31.007988
-28.417882 599.058715 1523.214784
407.429149 440.034096 619.184419
29.505836 599.333706 462.108984
-268.532448 -536.712268 418.004398
-585.095289 -131.546348 870.359646
-185.679666 -570.313297 99.862737
-244.881880 -547.541571 1834.974122
-519.439334 -300.393328 997.796096
-443.355090 404.784356 675.746974
514.953208 307.486189 1649.285322
393.911901 -452.263052 1190.981326
-117.183959 588.661212 985.174147
-36.254501 599.035104 1304.005371
-258.468042 541.958795 501.857982
141.029785 -583.449819 610.361881
-571.088633 184.201562 368.280505
526.206015 288.452344 427.677780
-539.449956 -262.446326 1753.450367
-199.734190 566.110491 986.972081
178.207928 573.326064 971.796619
576.462704 -166.479343 1668.300991
-139.199221 -583.960227 359.613889
414.634106 -433.454688 1932.692299
571.279494 -183.636588 1153.316622
122.286304 587.658533 2013.000829
550.376313 -237.138980 2037.141580
597.575507 53.685673 946.048948
-579.237589 154.917985 1662.750868
310.402143 -513.622822 1968.272100
98.202567 591.236104 519.384503
-536.865208 267.263722 2049.302397
361.976514 -478.340988 2120.194533
-426.374648 -421.316587 1708.827577
214.211610 -560.308254 468.850509
-419.191320 -429.287943 997.838970
69.177517 596.241667 710.100370
335.799509 -497.370611 985.657345
120.076658 587.815127 925.792122
556.590909 224.175765 1863.166065
-246.664062 547.379807 68.979826
132.333458 -585.720513 46.287449
-148.705335 -580.743762 2005.674709
150.198138 580.714427 1217.138753
-535.193705 -271.787578 124.223200
-450.721659 -396.300254 2106.488532
-130.447802 585.327941 1292.956416
-181.670956 -571.952906 329.668197
-11.792507 -599.989964 1040.314436
-202.166806 564.496789 360.724638
-252.469798 544.011145 1241.359181
-126.732366 586.552916 597.784201
596.716330 -60.395626 265.490038
444.185728 -404.021470 854.676890
-49.745825 598.049493 1269.495644
232.646140 553.147112 1310.994557
372.881212 -469.918641 1075.628695
30.899146 599.096439 622.600250
180.077359 -572.429116 1072.623585
-585.961887 -128.985899 427.212827
207.676495 563.139785 1478.291797
547.178022 246.208492 2012.007578
-595.399874 -70.876804 2177.324172
-557.593567 -220.943723 1908.934249
509.912068 316.063680 972.860330
-127.700328 -586.565923 2068.924994
-572.774717 -177.782112 1842.687371
516.476753 -305.307641 1320.082799
51.208012 597.808732 1386.894800
-554.239652 230.214991 1795.990482
-48.729455 -598.016933 1276.777113
-198.412819 -566.019451 1629.328715
-498.046573 -333.775137 1961.446418
364.551453 -476.521295 919.360117
-597.890248 -50.789728 543.329208
217.331789 -559.395136 1580.122955
304.021473 -517.375822 1738.005748
-598.685816 -35.763414 1880.509051
-248.184073 -546.223859 2000.943341
-111.779132 -589.358591 305.965180
514.375141 308.330995 1776.732884
-89.420733 592.999756 1160.206337
585.884895 -129.198282 107.879298
397.322433 449.614045 357.467157
-552.625584 -234.585609 1856.009208
443.270016 -403.621125 2075.158402
-273.138563 534.078820 1002.051134
-295.639768 -521.924427 2153.817295
598.828410 -39.771756 1060.476875
-578.480708 -158.906175 434.031231
535.234478 271.331007 2147.454983
503.440404 326.750145 282.313349
-323.283025 505.173244 638.299660
-504.130327 -324.800789 1681.415472
-357.827788 481.206669 352.660746
-535.513856 -270.334936 861.898215
-453.668422 393.574428 1437.784722
-480.741975 -359.593668 1439.800480
-93.387370 592.913954 1951.463969
281.821786 530.138806 99.312477
276.166352 -533.192942 489.977179
-564.589357 201.866658 856.555869
266.813632 -537.145894 1772.105686
590.663920 108.332079 1711.007018
586.438430 -126.576582 1764.511585
454.348760 392.077621 1136.343167
-563.624201 205.987251 64.630163
289.904364 -525.824885 125.274118
599.950061 -15.844487 1204.096561
573.691178 175.723202 928.510145
269.676408 535.703712 668.488337
554.509631 -228.059698 1983.595919
198.862075 -566.150896 1224.025982
-239.325036 -550.236551 2173.386786
-447.446987 -399.339374 968.761598
-263.696090 539.067978 1217.164320
592.429001 95.808260 2088.596172
-356.395153 -482.749196 419.801125
-451.917497 -395.288071 291.930506
318.447387 508.275271 651.786799
585.373243 131.336819 2038.664700
-462.640171 382.525480 611.527213
268.240346 536.443054 961.047604
-20.951952 -599.982572 1661.756014
-17.009079 600.189816 784.070081
452.665237 -393.526852 2012.449306
367.143397 -473.973588 387.310272
347.516895 488.980335 1094.768998
334.676392 497.865623 75.064829
393.009697 452.716251 662.443975
-575.173371 -169.622800 1169.789270
599.873646 13.740530 403.577816
-600.299710 4.643704 1041.460426
-563.118882 -207.598409 852.191130
-225.488741 556.315708 1534.753425
599.869683 14.123448 1834.061870
-442.127248 406.134836 1024.057096
142.970275 -582.856206 1404.391375
-562.500887 -207.594026 1353.368026
-469.715103 -373.341909 501.366660
596.574826 63.848094 380.775082
397.113681 449.826849 1397.709758
-552.129757 234.962655 1324.303793
-398.319970 -448.344121 70.930920
-600.415933 -11.521937 1179.358819
-42.267273 598.852474 1465.808303
-180.614400 -572.478364 92.029295
591.106164 -102.890957 1509.580723
-599.391668 20.673349 1886.089268
363.461018 -477.520020 1559.060528
-184.322850 -570.852713 1583.547149
313.079859 -512.140414 1155.220187
599.404472 32.103357 1516.403248
361.824701 478.863933 1102.238849
599.953843 -0.826366 1559.513289
589.346447 113.237284 219.295831
-599.465440 34.288586 315.103276
296.703496 521.380858 1634.259168
316.306628 -509.709116 49.536426
492.522808 -341.811057 205.358977
477.971095 -363.434335 2188.028963
4.268479 -600.232527 2113.257589
-184.313678 -571.660340 2141.080088
471.836628 371.630264 1661.498147
428.229400 -420.163728 241.318218
-439.737485 408.605594 1052.801407
-454.152968 -391.613508 305.448636
134.268829 -585.466198 2091.827721
598.754073 40.690930 1765.642390
59.303680 -597.027497 1221.423771
-487.904525 349.242690 1176.822875
582.668038 -142.911571 2184.121367
-65.582032 596.192164 905.102292
315.259814 -510.459836 1786.763038
594.527494 81.601508 567.354245
246.390400 -546.732253 603.353864
79.026632 -594.556375 1150.670910
600.047624 3.386971 456.355352
-55.219707 597.411109 1545.587798
-8.214159 -599.604876 608.319649
-295.988518 -521.654965 1836.003348
580.750150 150.855745 742.446818
149.890857 581.133590 1602.739475
368.203239 -474.056244 1500.807493
-318.603565 508.050263 913.407740
-489.555173 -346.337844 1634.128563
-315.524648 510.449550 760.555698
510.066339 -315.321023 1727.608924
599.009831 -28.035080 231.587803
-381.696035 462.816679 1749.718737
222.208195 -557.280109 1583.140217
-50.034665 598.171930 878.025933
259.199078 540.610614 967.416059
552.867199 -232.121171 615.118526
-21.177748 599.599646 983.372183
91.663964 -592.809729 1939.310841
575.466975 168.645448 2146.158324
548.789808 243.567360 2180.523384
29.642324 599.498705 441.533330
545.661871 -248.381835 1923.938317
450.935218 396.073521 2021.828981
-100.817919 591.334011 1343.351145
180.196220 -572.559635 1704.928145
476.418220 365.189957 485.676618
-240.405647 549.845870 1993.911068
588.797468 114.552201 1570.061750
326.924821 -503.162628 1102.007516
63.870533 596.747427 1647.896013
-19.241352 599.937128 1870.482930
172.916120 575.025674 686.793668
490.244534 -345.526929 724.451653
-589.097275 -114.182678 258.930429
361.051699 479.677633 641.421848
376.167848 -467.399156 1178.080087
343.649912 -492.351695 1747.525047
-599.039266 30.873041 296.599165
409.638947 438.120340 1454.513397
-575.893665 168.985234 561.146403
576.551127 165.242969 20.827196
-234.245610 -552.486924 1153.284955
599.356839 33.884385 990.252406
-439.765353 -407.982261 1586.260566
594.090767 -85.374160 1301.535111
160.806894 577.989718 75.435178
483.552786 -355.751907 1541.211928
596.530031 -61.644098 1194.848118
-249.214958 545.682153 1204.539132
520.522526 -298.824116 2168.898054
131.072755 -585.649147 995.697574
598.285755 46.572838 191.043889
574.625551 172.801486 1367.028013
436.689841 -411.522926 999.560246
462.480684 -381.603278 629.733020
532.731236 -275.470522 1259.335702
388.996179 456.859492 382.769796
-32.374652 -599.721141 783.243715
-297.762294 -521.308795 1368.714080
532.278038 -277.297002 1511.649128
-151.605252 580.707132 1212.847619
-583.731987 -138.195332 476.923719
-254.904889 543.622631 2183.283699
358.437297 480.970317 334.800983
-587.186676 123.863431 909.868504
-114.849528 -588.815302 1656.471858
562.482996 209.730177 786.605625
361.920187 -478.092485 527.283258
145.979866 -581.563288 1688.248004
78.653401 -594.385649 1556.500955
342.724704 -492.804676 1408.787006
-552.248267 233.498880 1032.595672
-83.762765 594.005212 1022.510805
-589.811218 -110.545263 1280.568733
177.493810 573.406301 720.693255
354.937181 483.118957 2059.352408
-502.699130 326.136122 1131.065528
-443.595932 403.993968 2006.631912
598.100333 -44.065362 1919.769118
-225.723122 -555.726617 1333.262926
-556.122924 -224.251452 1125.894302
-501.022407 330.884402 2105.474533
31.219889 -598.600896 1346.190221
550.501777 -239.426078 680.055378
-575.645966 -167.867205 1008.265936
-145.757457 -582.446935 2045.311738
400.491914 -446.633453 1850.061537
590.827899 105.706566 1061.707012
371.932998 470.621793 1223.274587
-487.609857 -349.133673 333.755266
-592.111758 -97.230972 1744.879467
518.867136 300.797794 386.931178
526.432861 -286.450184 1821.856583
-497.972296 -334.354229 581.538842
-53.447080 597.319767 995.276397
596.621519 62.773516 1287.815926
566.164967 197.894329 908.812983
-590.525828 105.253696 2051.782396
-577.753338 162.538097 2.374462
599.596983 20.870045 597.087607
-495.355419 -338.467504 909.221624
-539.879736 -262.672784 19.510225
-5.690741 -600.312661 1673.562538
579.388319 154.504436 152.284221
-559.730742 -216.638098 1572.049101
-451.186645 395.605765 1367.687481
387.920511 458.018084 83.637479
-391.979135 454.627131 134.941583
399.558081 447.779140 1979.014090
560.933720 -214.544116 2186.273516
-118.248453 -588.111572 1193.356875
-591.610596 98.465694 1553.626828
-139.845851 -583.499822 1251.053641
-577.946710 160.687120 512.813828
-598.988957 -37.571569 915.482930
-73.930605 595.573691 1691.553310
352.464277 485.467857 751.385126
-525.462139 -288.652541 2109.754547
-500.029852 332.211326 1297.056825
488.898915 348.704144 1228.808014
-118.674903 -588.381432 60.793325
-358.970610 481.445369 1906.489900
-459.260710 386.014890 568.596288
477.390681 -363.010101 1053.587011
-359.938249 480.072743 1863.067650
-70.557273 -595.870341 1336.252413
-344.029273 491.392080 1117.170372
144.558716 582.062887 1319.470781
-307.747384 -515.194035 331.101257
-530.058954 -281.672620 965.292705
599.599630 18.516695 721.893779
-277.635085 -531.183230 483.443401
587.384493 -119.717290 1543.485667
226.612586 -555.357308 2052.640834
-587.884394 -120.294972 427.274993
-299.122155 520.347208 983.637084
440.277874 -407.618719 1246.332142
-598.676776 -44.701734 2062.405540
595.273869 73.577516 933.615257
341.600930 493.206661 1922.048364
-587.350628 123.232314 513.988915
-203.869934 564.005601 1931.209564
592.106141 -99.016982 167.474133
-450.349639 -396.423797 1729.910793
-442.182867 405.668304 3.619771
-379.436330 -464.717434 715.551714
189.347769 -569.732467 268.355766
-586.982044 126.375436 1578.537602
234.626822 552.271364 2142.638168
596.350091 -68.013640 445.517844
-588.680622 115.890446 775.605501
-466.154057 -376.997969 922.761029
586.332709 127.642068 2009.141916
26.381934 599.382350 1703.624904
-499.991997 -330.916690 95.302220
-29.468755 599.136055 2138.675156
481.919871 -358.152340 1844.649516
98.621191 591.887684 644.917344
-91.954763 -592.517129 387.872841
21.403391 -599.715320 1573.483110
-485.943058 351.609498 123.714522
116.131751 588.284025 1759.727965
543.598261 254.101090 1444.174881
252.722986 543.768717 1543.559781
403.771433 -444.368479 1779.052084
-130.859103 -585.809702 1408.226302
-585.275222 -132.241017 2029.798957
323.264720 505.463671 1036.274907
-110.187349 589.985592 383.262212
-443.523870 404.155791 1518.151495
-568.054578 -191.893724 1182.939052
304.938595 -516.623981 876.282648
-311.311956 -512.997652 1835.841816
-227.301110 -555.070846 2137.117706
-541.944961 258.718545 267.687665
-600.042994 20.566389 1769.499001
582.089257 145.873548 2165.455770
530.010149 281.076429 1583.941834
359.973231 479.953058 930.731059
-304.221507 -517.163242 2170.154301
592.861567 92.190850 33.766201
545.177949 251.749589 2014.791997
277.843227 531.529633 512.298536
570.010001 -187.421455 595.814347
562.404959 208.378088 748.044595
370.094647 472.705818 524.399774
-274.752800 -533.352929 1555.152539
192.928382 568.050118 314.259233
436.945263 411.236495 507.689266
-42.815003 598.556557 144.105682
-276.922614 532.468940 1273.460566
-73.732658 -595.416858 818.550473
87.985784 -594.002810 2176.896441
478.821686 -361.682003 693.060832
335.407021 -497.003605 1200.232383
-346.995527 -489.154990 1072.674906
289.516322 -525.657867 1619.096834
-303.847825 517.523821 1460.077721
-501.502161 328.977725 431.736273
-366.132077 475.033095 1346.520523
-598.679680 41.510454 564.557738
-170.452589 575.337189 224.547994
-268.068966 536.901277 1011.931439
351.272841 -486.036819 1638.196972
595.513012 74.500292 1505.518440
-141.887097 582.884514 1519.297162
166.539866 576.672701 508.086637
-518.460641 -301.386006 263.973586
182.976662 570.877469 2158.310220
458.239502 386.822519 1344.278520
-112.995735 -589.349882 1775.925536
514.339532 309.093722 359.051618
-585.836007 -127.400629 2000.673123
-472.196859 370.912867 1621.362483
-304.907316 -516.807052 377.090561
-148.540908 581.171858 579.792078
-357.301935 -481.716856 1563.049903
571.378498 182.097567 329.419576
414.868230 433.422167 1214.052064
325.684692 504.035112 1548.002320
-249.969021 545.473103 1662.282866
-575.532509 168.962491 1486.983221
120.405078 -587.428727 1147.128106
143.356987 -582.694501 1068.327585
572.162063 180.298153 462.828358
204.199427 -563.973848 1652.267626
526.940272 -287.554975 1891.530909
-386.194756 459.299694 1902.626685
185.058262 -570.447608 1980.340317
-393.302061 -452.746872 5.357011
294.396819 -522.813554 1803.554303
-525.844777 288.789729 63.785762
-152.390821 580.208230 1185.281453
-599.795513 12.813452 1297.150887
-382.274758 462.723054 207.037035
-537.341586 265.832495 927.257550
186.120131 -570.553366 1215.371878
-568.625503 -189.636926 1024.621300
-461.526066 -383.735338 917.246381
-330.024215 500.949651 1924.626692
-124.585784 -586.532100 155.344878
121.356541 -587.113876 2173.955942
514.506550 307.174552 549.029066
173.048584 -574.807755 94.166759
-485.922602 -352.250258 987.235440
358.778501 -480.443546 1115.329575
-29.992780 -599.042586 602.349455
-361.148088 -479.123352 1405.782077
376.568131 -467.971103 1836.130031
-89.472388 -593.544379 2007.642833
-407.609388 439.911203 1058.251797
390.262819 -456.018881 464.640074
599.480062 25.076592 1052.289034
245.585795 -547.230963 30.965883
535.970387 -269.922360 257.861905
-471.490702 371.118213 440.806109
379.369103 -465.407616 1145.442064
-597.327731 -56.216999 1836.456581
556.677843 -223.955423 1768.363522
-100.963274 591.228175 37.103522
0.134772 599.581675 851.785937
-370.903644 -471.319754 67.137970
12.367502 -599.538343 897.024514
-599.928804 10.674222 1960.772762
569.974389 -186.681310 126.552839
-569.263854 -188.597410 1645.424669
576.214724 166.901500 1547.077848
-490.152695 -346.779623 711.202397
-335.805815 496.737093 77.006684
-598.303782 -45.096875 415.183562
-311.820292 513.096692 905.534867
456.670155 -389.919539 1956.359725
215.195307 -560.173514 1849.457235
366.721624 -475.455206 420.433974
-585.441301 -129.614238 298.063983
-569.065486 190.255297 1395.121994
-570.552871 -185.164176 609.466945
201.044547 565.423263 580.001209
532.015815 276.790608 1459.397720
203.757782 564.226577 376.559419
596.843039 62.772017 1225.805710
586.307427 126.636398 2049.921878
536.321275 -268.182329 1470.473212
419.244026 429.956584 145.030665
600.038278 2.437938 498.184195
154.761260 579.306577 645.580052
-358.639277 480.988438 409.668226
-362.759098 -477.772643 1049.923659
586.751434 125.993282 232.534031
-78.781904 595.105033 779.781760
-570.214979 -186.183664 1206.233811
527.355122 -286.122682 1958.361649
208.022929 -562.678070 2025.032486
346.661786 489.707029 953.713654
-486.098851 -351.342020 39.917181
-314.018071 510.759596 2107.462916
-329.643796 -500.961919 1596.333494
-221.818942 558.247455 1045.540622
54.437560 -597.243407 810.535735
546.830869 246.695148 941.686322
348.994023 -488.242368 2012.495946
323.818177 505.320903 605.551319
-466.743914 376.914165 779.908591
-570.077494 187.846835 1125.160268
-394.726376 -451.675086 79.060777
-584.448767 -136.913645 941.089191
242.612055 548.779195 397.177907
587.609699 -120.921581 334.094023
236.952489 551.191290 1442.796096
218.899603 558.766429 1816.192143
-214.974109 -559.875182 1600.762832
392.313667 -454.068606 2198.366497
344.117071 491.746471 1119.034234
-482.494318 356.080626 2089.571489
362.648753 477.845715 606.463106
156.290509 -579.496121 1933.451842
-59.732007 596.953946 286.707976
587.772841 -118.551425 480.646935
472.961633 -369.418731 767.799771
-107.742947 -590.647165 1470.537882
-138.935037 583.740336 1503.957496
29.045596 -599.496052 429.687166
336.272896 496.488592 1612.952551
439.841128 408.591984 103.511063
369.488985 -472.715327 871.052087
-466.667743 376.320790 2152.761623
598.944251 35.598626 1479.643830
597.933588 51.453264 467.132422
-562.388976 -208.737857 1841.048063
593.128355 -94.122495 1877.836269
-589.409236 115.593616 1886.948111
588.828991 115.540262 1000.057679
-590.324027 106.660135 2064.337410
-402.762298 444.559680 1792.739270
-561.360964 211.933421 1771.774144
-186.047467 570.585573 1710.475024
-588.837544 115.425236 2074.328988
58.923261 596.343604 83.040326
-510.522637 315.467885 1333.499014
55.462452 597.366519 611.093341
486.042429 351.663426 1074.361014
64.591595 596.837687 1919.096329
-574.907031 171.210510 505.347043
-408.836829 -438.668966 1602.039521
119.334195 -588.369550 433.042838
411.912001 -435.688090 1752.495699
560.236493 215.165650 1470.529492
583.966716 -139.032364 1753.995234
-146.005169 581.475736 1106.798299
-576.222011 -167.002468 1708.116003
555.164440 -227.061541 1346.362189
599.493937 25.626044 22.234771
-582.121342 -144.119665 2038.826553
201.902042 -564.802359 2094.694243
599.169637 -31.956843 1631.277273
511.776788 313.045599 307.369643
-284.366445 -528.356149 1061.806058
-20.822731 599.589528 1876.506434
-565.392164 200.251177 1713.893615
597.872934 54.322000 1773.673160
14.648788 -599.522243 1748.030024
505.742867 -323.240764 909.524876
-273.079248 -533.858897 1240.909326
-13.570015 -600.155431 1152.079656
-179.127744 -572.272996 757.731653
518.891065 301.870340 1752.719762
-154.928547 579.387322 1452.035937
319.989019 507.427958 1638.699888
405.917970 -441.423262 1077.406295
531.377342 -278.633676 108.698635
509.008042 -317.982035 1192.808993
105.247410 590.821905 188.336061
-163.942500 576.606322 755.398561
200.035426 565.702291 1356.885375
551.820763 -233.508594 1164.006379
-116.590903 588.501428 672.588724
-159.867306 -578.027177 1115.434721
-598.313984 32.070658 1845.655501
-401.508855 -444.940803 1624.797094
50.210052 597.685984 235.359084
522.469349 295.749038 242.637194
-550.307129 -240.382097 1030.290338
425.988009 -422.099124 325.604648
561.809231 210.815476 912.916631
199.706335 565.364303 446.078748
413.336843 -434.846361 1441.637275
527.858050 285.438809 625.153599
-136.572361 -584.614618 308.242400
-411.400694 -437.240817 372.189587
-526.033781 -289.038793 681.964031
541.869471 257.715551 1684.966808
486.646709 349.874417 1487.868128
34.789778 -598.911623 48.548959
542.253587 -256.503150 1980.759381
-330.025365 501.546136 674.787893
-257.363635 542.130601 1780.868203
-371.684466 -470.456997 1697.969120
-300.890795 -518.832958 1314.095991
-308.398965 514.490414 1056.241835
-366.223181 475.217936 2002.400574
-494.468832 -339.996694 606.917905
-599.605131 23.514070 371.729405
-597.706878 52.486623 257.203161
-242.219144 -549.662430 2031.659653
-425.976742 -422.996785 2132.098404
488.856695 -348.266816 1789.610540
424.785528 423.656219 1632.851169
283.435804 -528.926216 1292.941328
-496.821347 336.647111 1306.823928
-498.567185 -334.414351 958.165910
-250.786517 -544.544128 1016.275671
-479.851555 358.937792 725.108839
471.609294 370.368106 1064.681947
588.246626 -116.064582 1681.284383
-423.481366 -425.097724 2195.037182
586.559059 125.695222 752.048867
-573.491248 -174.834372 384.817655
252.253009 544.732949 1354.302663
203.990319 -564.444741 783.527653
-486.236123 -350.962237 2133.035896
304.904298 516.649681 1647.217014
-85.441644 594.073505 2053.837035
-243.414609 -548.302452 2021.161760
-91.429339 -592.609922 267.834795
-230.957705 553.568162 24.817849
-590.198475 108.019620 1111.755262
65.825387 -595.651229 1278.980785
-147.742615 -581.750807 1299.054042
-352.333969 -485.707744 1773.447239
-6.731636 -599.366240 1744.215649
568.101112 192.725493 75.332462
-577.211994 -164.484949 1986.966635
300.612392 519.080493 44.816576
-526.097282 288.247386 956.554324
32.699298 -598.854069 1364.398647
-75.796279 -595.649278 1319.391662
-51.093285 -597.966020 1714.087647
511.674660 -313.869340 5.713703
-360.900107 479.095627 1171.041036
-100.548518 591.474595 2031.392382
592.628308 91.058264 1473.096448
-19.700599 599.324240 101.033781
-427.880264 -420.280262 1888.641555
-437.562311 -411.249333 108.055786
-551.249748 -236.407337 1684.735747
-146.002969 -582.131323 886.123818
544.035334 -253.030919 327.860801
-140.258598 582.882608 345.442671
573.924149 -175.012018 1130.537339
-327.364587 -502.498433 1380.929040
-598.198347 -37.038248 1393.789469
315.770302 -510.129421 916.901519
43.501224 598.323416 1001.929322
26.997238 -599.183633 76.394756
-307.652436 -515.585792 1987.290780
134.551934 584.385282 1675.286450
-432.390384 415.275391 847.723677
363.883755 -477.053887 869.083711
-254.718621 -543.299500 1427.518306
359.713511 480.060649 576.795672
385.386034 -459.351079 625.752607
143.248185 -582.623282 1265.912903
218.873925 558.715472 1673.653986
473.330876 368.852654 753.112911
447.849479 -398.288560 1115.740317
-344.264671 491.326822 1193.594859
566.145468 -198.655917 1798.129000
-528.017279 -284.960374 646.142019
-568.924800 189.872023 410.139522
-565.191980 -201.249003 1750.450950
581.496671 -145.891850 1647.399097
-23.921637 599.478392 597.126343
201.756955 -565.424697 20.746889
191.861607 -568.545832 1808.398295
219.437465 -558.942838 512.685968
534.412729 -272.382355 887.069995
290.016475 524.820584 13.212753
-567.464903 -196.500780 2028.707999
-497.870390 335.298124 1180.759049
-113.973733 -588.742387 1784.143366
59.143803 -597.041187 1195.068884
-541.690329 257.706372 1483.743235
503.272250 -326.737052 131.912907
587.370515 120.770502 1050.406561
421.314851 426.874032 43.797820
-599.665109 -19.739879 88.109598
600.258725 3.489119 1344.137254
542.547506 -258.117270 1041.359613
-312.535480 -512.272092 750.013549
-178.173928 -572.958611 138.531918
303.774004 -517.540466 1872.708493
-599.293090 22.917646 117.962691
46.677624 598.162400 1125.493832
-578.989486 155.471562 274.959939
257.548089 -541.532420 1212.768710
583.262101 -141.405395 811.468739
-441.736531 -405.866708 1313.259626
-214.118365 560.570139 272.332761
-317.992019 508.642684 1490.499750
-39.702961 598.855499 1721.743362
280.981005 529.835489 1395.862011
-466.482199 -377.314776 57.891623
369.188873 -473.557629 1614.455630
266.932458 -537.414239 1328.663705
-82.197407 -594.347690 737.869270
200.564599 -566.154659 1581.209137
-565.853501 -199.259575 1427.310160
593.379993 -86.694588 1099.201430
218.725288 559.417943 901.817190
304.006954 516.744169 805.239631
565.847810 -201.085901 1959.251346
-332.251704 498.933382 1494.331633
-342.901029 492.303650 1620.895437
-442.603863 -405.370304 1587.575902
-538.426086 264.341637 578.059779
448.886304 -397.988165 1974.075310
548.803789 243.681910 1642.716224
599.821063 0.212366 1580.802478
-327.180758 -502.891329 1671.994873
283.488800 -529.236516 1838.147703
-495.117805 -339.026988 1560.689353
241.727021 -549.045067 1792.785078
-13.543590 599.620122 1295.068640
587.254107 -125.130099 580.131084
-279.694039 -530.724961 349.246109
547.814957 -245.095587 2095.408390
379.422662 -464.636421 1251.370819
512.985831 311.501759 2.869654
-515.344372 -307.605770 804.676594
-79.557704 -594.566276 2186.686089
100.868665 591.396554 1736.824246
-113.420525 588.706867 952.690464
-253.617764 -543.758095 1724.103034
161.892777 -577.714418 359.854519
393.846912 -453.285817 548.212623
587.240432 -120.360816 1806.930757
589.191309 113.087215 1556.146910
-598.887613 -29.850655 9.101775
-255.858710 543.265536 1009.815430
-495.114212 -338.850786 63.526722
-239.349665 -550.700905 956.408157
-563.809697 -205.388487 1109.388439
38.998330 -598.678790 2015.056971
-600.439919 -10.168054 479.293756
-567.380914 195.890833 1710.330000
-521.739366 296.247534 827.886474
268.010657 -536.898842 567.357459
-316.535700 509.081036 818.934619
-183.612631 -571.137525 1756.334663
113.374336 589.101725 2189.986700
300.548729 -519.504412 766.317447
356.604265 -482.240455 719.412725
427.752138 -421.449190 669.483907
-554.742815 -228.316870 2163.611096
516.231746 -305.944726 1360.962182
77.419969 595.257117 6.606336
-222.735688 557.235581 1740.800121
-278.007253 -531.516108 1364.957028
599.395652 29.993005 1765.056869
461.328391 -384.184830 1641.925426
-287.998487 526.016349 1613.749628
-79.812377 594.786208 1054.883227
-360.140098 -479.608157 1828.250724
582.064274 146.809181 2154.905635
284.045799 527.819200 2017.817112
279.829585 -530.788960 1832.926218
-527.920272 -285.019267 1236.110024
-338.617570 -495.171743 1848.672366
-92.614381 592.510765 1379.576586
588.025581 -117.669732 1050.839822
383.320226 -461.055024 355.281811
584.229080 133.720974 1314.305683
-472.802391 369.422730 1749.925143
210.821800 561.796625 1249.472958
-488.177993 349.226669 1259.253698
575.481346 168.153072 48.172513
464.440871 380.269716 1589.118617
-576.712121 -165.502857 1074.753699
-106.225013 589.782195 1854.536819
79.221377 -594.611757 1704.630199
-187.117114 569.778336 1464.804615
565.264308 -201.513104 1355.327983
531.482638 278.678877 1010.084068
39.993907 598.344789 2145.607463
-507.004442 320.595550 632.923625
-437.567544 410.176222 576.805793
-293.782209 523.238906 597.162351
397.053899 -449.631183 2075.513023
563.095144 206.089546 2042.553567
539.319867 263.419920 675.980498
536.184979 268.838578 781.278536
-435.292185 413.089638 708.236612
-69.332417 595.631603 457.102678
371.747822 471.428705 260.807839
-74.770208 595.746999 1970.249717
-195.549811 567.218075 1999.466841
492.103777 342.816612 1850.042211
-117.191749 -588.228199 1468.114457
-60.996264 -596.512067 875.441918
-400.631924 446.755025 1853.543542
590.962772 105.255982 925.103746
-595.975451 -66.669362 1535.677826
-383.483433 461.938663 1106.881404
-191.741717 568.654850 1464.692125
-470.966759 372.244810 446.794519
-596.314391 66.238278 80.682360
-577.418597 -162.444580 3.192845
-297.114624 -521.043668 1003.654691
569.044997 190.374854 275.716957
351.121322 -486.739446 93.397049
518.091335 302.608250 1785.857496
-39.695455 -599.289181 229.064046
270.405332 534.861882 1879.903156
10.474840 599.774095 1831.437418
-27.549632 -599.059827 821.528611
-564.789613 202.511898 2090.390515
454.633696 -391.711169 1328.071661
-538.805018 -264.350267 1959.894084
-479.341245 -361.067874 906.639176
129.537660 586.034256 158.672962
-10.895406 600.291630 700.567041
420.906842 -428.376009 837.680717
-597.039341 -63.871911 1223.074973
-480.487624 -359.534624 617.938084
-405.517824 -442.240065 932.841116
128.497572 -586.220223 2007.247312
398.500603 447.953477 1397.026117
535.792135 -269.687017 957.995129
-375.614067 467.521270 2078.796514
-353.112431 -484.980333 2095.388997
-431.335614 417.082406 2183.048558
-599.090537 40.265932 1118.622255
346.331733 -489.977458 1262.441733
-412.453479 -435.445296 913.103646
560.928526 212.270025 1741.089984
138.110210 -584.206682 419.900000
-128.986198 -586.049947 726.011537
-583.836519 138.543821 993.957180
297.529047 -521.035342 1369.524209
172.783693 574.249379 1546.283830
-267.376191 536.867639 1417.896224
590.811655 -105.522858 2121.954141
-584.119319 136.746353 1284.010098
108.396582 -589.983207 835.638309
-362.001102 477.955685 974.124453
101.552365 -591.339239 1438.221918
-126.390760 -585.847527 525.937014
-185.967106 570.282414 1440.656599
-92.055943 593.120832 2001.798059
-193.097178 -567.860626 106.286731
-521.054765 297.817165 1016.601154
295.691229 521.654609 2158.239458
599.584805 25.440232 2056.542805
581.356519 -146.282785 1037.749614
-379.923531 464.331097 583.744758
-599.544676 -32.535686 566.202135
-98.845444 -591.657307 1540.726624
326.803989 503.301208 1917.696748
599.887082 14.397671 212.185150
-594.840979 78.782682 2153.948340
-325.871511 504.186520 230.780184
-470.605856 -371.848236 845.163468
594.603033 78.463000 380.031959
-363.778839 -476.426038 1400.112974
356.543923 -482.214817 1075.495427
531.088822 -278.952679 1136.522135
-368.889608 -472.661637 819.250572
373.724407 469.476578 626.707048
593.786134 -86.484536 219.887154
-454.054403 -392.351169 1962.834935
-460.270750 -384.299278 135.255954
-143.611399 581.952873 2152.714786
-497.246337 -335.886220 189.020200
-555.306467 -227.577860 1428.511690
187.009912 -569.574070 1045.796097
599.318882 -30.983761 2162.833460
-254.586455 -543.507158 1173.698274
117.270606 588.561298 681.879837
556.803367 -223.675184 1594.671443
418.079670 -429.786634 2072.720042
-41.513761 -598.945688 46.011794
-230.821833 554.189576 240.297445
-216.800845 -559.333470 1188.780964
62.658324 -596.824391 816.570193
-597.397702 54.500682 1706.326808
-210.004132 562.420283 1442.677025
-579.306034 -155.860435 363.522580
404.623558 442.636976 1841.308605
205.648703 563.258905 1372.230249
591.333817 103.859538 208.256527
568.447038 192.500410 1889.480984
75.803607 -595.125893 1151.574854
510.045022 315.377093 310.776690
350.295367 -487.325370 1350.462553
594.440550 -78.350134 2111.868604
-401.963864 445.408159 1413.415400
53.975650 597.711218 1199.320774
406.658024 -440.982658 1011.943084
108.462348 589.733523 1711.356117
-19.714493 -599.957051 1287.465578
-583.827717 -136.220045 1543.741814
260.398831 540.208372 787.051841
274.146193 533.763788 2010.845783
29.909792 -599.221946 1945.010288
-451.499523 394.892275 4.142024
136.332226 584.721150 1841.811170
-554.551385 228.784361 1163.100580
464.735734 379.192433 1796.201828
-337.207004 -496.302016 2082.919431
54.385400 598.158796 1721.356785
-117.968898 588.242383 554.994598
-276.099814 532.637929 735.295864
161.131727 578.104870 1915.489286
-590.310311 -110.860676 1290.853865
-318.217004 508.797496 619.438871
392.305952 454.244269 876.915446
-60.549131 597.116466 1465.943641
514.085651 308.862180 1957.403715
181.654439 -572.541818 1120.022223
-440.966751 406.921054 308.638460
112.604016 589.125379 558.915979
174.602436 573.972142 605.838779
-68.750583 -596.154331 1412.223154
593.795805 -88.303341 729.797183
-94.989789 -592.645609 428.137767
-588.147520 -117.644559 1964.979143
-363.822899 -477.951205 734.925578
-593.404844 87.360898 672.580794
405.663753 441.852004 1614.257332
131.730571 585.418500 1880.492895
-593.418130 87.086598 2171.559675
586.096694 -128.054023 1918.251017
122.821692 -587.464061 1881.449687
-560.833685 211.966570 1189.603641
71.715860 -596.077239 1480.238504
36.469594 598.810291 2040.253224
-370.922244 -472.305555 265.234295
127.218675 -586.895350 961.106598
411.114358 -436.876236 1862.546200
545.017042 -251.687753 868.992075
-403.860013 -443.613604 2057.191940
599.113046 22.468944 1778.680148
-441.962699 -405.893646 536.423740
-574.579288 174.636137 2183.114099
124.592441 -586.738461 353.131453
492.504137 342.541642 305.815238
572.862283 -179.230383 1740.710620
87.342613 594.087314 1571.634365
506.571277 -321.109788 82.345961
-448.165796 -399.321784 6.087038
-553.190396 -230.753540 1426.491522
-436.434881 411.863334 1235.030465
-597.385067 -60.290476 679.965864
115.376601 -589.192816 1562.138089
-194.593564 567.682127 19.514072
-586.302817 127.803466 1999.153292
517.219516 303.419510 1058.741259
-97.906751 -591.963157 1875.645300
-468.527759 374.246155 1031.641980
-591.524308 -102.279718 1299.900842
-526.872710 -287.393379 124.237516
-366.554920 474.679920 472.715563
-298.364403 520.076131 1368.770061
166.588487 -576.098194 52.297691
-180.606943 571.983862 552.349736
543.008074 -255.500998 1289.968444
574.434782 172.762498 802.528323
457.851778 387.307196 659.562677
519.984273 298.765879 574.518735
-406.881775 -441.334353 1341.721926
93.300925 -593.100275 1611.342573
202.722642 -564.923406 1041.847428
-87.019112 -593.610668 1865.387194
559.077417 -217.790606 1741.637548
-410.463388 -437.591495 1630.316047
592.734803 -95.030319 752.916967
382.975363 -461.949083 1700.336421
177.617256 573.240494 842.825655
99.152494 592.202912 626.199044
13.785952 -599.659279 855.717326
-298.017080 520.676327 294.604069
447.828328 -399.486860 2054.141342
193.250626 -567.776054 489.771469
299.037012 520.742778 1975.099313
-335.231745 -497.995665 916.052299
-593.310321 90.099366 724.088631
-26.561023 599.255308 927.437139
243.743927 -547.771241 1148.128835
456.083843 390.136503 506.348760
-590.446509 -106.571757 175.310532
398.280339 -448.705770 1914.294305
-456.418522 388.910347 1457.351123
-599.621579 17.434199 282.712665
-553.414995 231.858089 179.103012
563.303696 -207.126771 1248.803996
368.423727 473.522754 1501.558986
-484.130152 -354.815120 639.177685
-580.752678 -151.485764 1804.848334
501.450079 -329.618091 1938.592231
-579.102926 155.928434 563.205035
560.595449 -212.118217 187.369403
-123.757495 586.904206 412.610117
-481.706288 358.172107 10.033206
594.608723 -76.455182 2091.887269
-410.927665 436.624035 2043.504793
-275.546873 -532.862209 620.907235
539.301487 261.953350 998.583952
-471.170946 -370.953429 339.165976
10.287801 -600.382413 1814.423127
452.135181 -394.195969 431.034500
328.764533 502.100171 1408.193280
-194.388316 -568.062746 643.004522
-181.955116 571.731904 115.489970
-587.278894 122.230877 718.307927
30.210695 -599.045016 541.444828
-594.562779 76.510094 1283.053500
371.464949 470.990083 832.236750
-379.531499 464.359109 1894.901426
174.753305 573.991897 984.458271
475.051332 365.981070 717.836433
74.296755 -595.375021 880.703555
-395.110556 451.190307 1697.750230
68.314711 -596.563413 2132.713686
-472.750763 -369.472270 1600.782121
267.929337 -536.775161 38.418575
105.311406 -590.582162 1251.429071
-540.708563 -260.718543 875.478100
492.444710 -342.750849 1104.479952
-218.010180 -558.862702 1087.920282
-150.929333 -581.003883 676.032710
-544.919384 251.230661 28.315536
-565.212256 -201.139238 699.785012
-330.785803 -500.447762 1429.862907
-588.409938 116.373226 496.121650
272.523686 -533.949452 831.509723
-574.769090 -171.100904 434.283449
-600.388299 10.129166 1054.801065
562.595344 -208.804640 385.012789
6.167417 -599.899572 1425.969909
449.759427 -396.416714 127.885019
-395.398207 -451.719629 376.044041
147.035928 -582.207599 1019.292911
-248.047977 546.118253 32.880019
351.244058 -486.774438 1829.461169
-597.757726 55.242892 1750.898843
-545.141416 250.699147 173.330501
-599.252634 -31.293175 548.208789
-572.250798 179.960588 972.800110
598.455138 39.583351 278.360857
-286.241129 -527.082965 1875.942461
-2.818076 -600.413463 2060.896341
55.919739 596.809994 783.786496
68.330317 596.261646 690.826765
-600.095907 11.914971 41.607056
-273.578502 533.819855 857.927824
432.468585 416.266582 201.791039
439.848647 407.986461 377.462702
-585.978260 131.615969 303.546771
-511.019846 -314.385444 84.880985
562.672811 208.189976 1786.758412
353.162801 484.724658 1468.855842
-549.683139 240.001501 1939.238682
226.481232 -555.762431 1449.139143
24.681713 599.979986 891.042309
-273.044632 534.440828 1499.343811
572.937503 177.130017 543.812295
-228.640065 -554.701485 1400.073151
567.307738 195.199584 1897.297919
-596.735329 65.727194 1239.872383
-548.489521 -244.091210 212.985348
357.699340 -482.254493 1132.468153
-337.853003 495.817188 1380.413252
-63.781216 -596.947537 271.375917
15.308154 599.925989 1569.257605
-342.306939 492.861658 1794.465255
-65.868177 -596.327727 1859.825883
-597.349802 -58.083218 692.467371
6.545855 -599.666937 652.341817
252.693863 544.117595 1147.264327
-583.402501 137.447620 1888.732131
598.363427 -42.135791 1494.761626
-527.023411 -287.534736 307.390810
-272.413919 -535.189224 1958.086843
-598.231437 -43.613224 1361.137581
541.547483 258.499338 1461.277026
-201.859412 -565.065398 347.410199
-99.590444 -591.358732 1314.901822
-340.868566 -494.412819 217.257303
-54.907093 597.879875 116.497481
329.525398 -500.875667 366.457244
275.077962 533.576021 114.866422
-329.175029 501.326023 1744.929873
487.479940 -350.533120 306.134933
-514.615365 -308.271525 1623.930042
-460.259893 -384.353629 1111.334728
-276.950996 -532.547451 1920.651794
240.367509 549.833711 629.323854
-382.144155 -462.807860 557.526578
514.093112 308.818583 1868.797782
-413.667404 -434.817140 1976.875553
521.768341 297.233505 888.213669
-542.942542 256.310690 1558.031529
443.619974 403.491115 758.270766
303.374134 -517.552529 229.343475
596.982464 60.024342 476.422961
507.363622 319.777805 759.850226
506.001297 322.386229 2080.421365
-513.334888 -310.787672 1883.677689
-265.672297 -538.007031 407.498317
543.332097 -253.619969 864.119516
-567.263542 -195.336934 1295.914163
598.419743 -44.201038 698.700443
-574.612217 -172.766230 378.565227
-391.872354 -454.379608 83.365800
600.008607 -9.131764 495.430139
344.610171 491.713972 1015.969395
279.149975 -531.593291 1588.254698
528.046531 284.720986 1896.040008
257.738969 542.663594 653.976222
-111.499948 -589.725870 1780.355739
-383.614664 -461.363883 1906.825396
-31.636042 599.336516 1012.777005
537.785604 -266.524374 1772.236916
380.698907 463.995890 2016.388574
538.660377 -263.460516 492.475651
-306.669217 -515.900620 1816.695089
559.359979 216.377797 1804.694762
-599.446786 26.795696 1738.080127
-210.528028 -561.835308 1222.950924
561.871008 -209.754535 1863.502048
-69.712760 -595.544261 467.480734
122.802203 587.155879 976.462315
-333.099218 -499.309016 239.942835
-453.861255 -392.832404 1178.441823
375.508269 -467.744183 45.983086
522.851324 293.178664 1448.146490
581.641459 148.279885 1155.205483
-39.352003 598.586812 1737.003773
223.989266 -556.094194 921.668471
-417.086633 -430.894127 580.179203
-550.790670 -237.545869 525.993324
542.101644 257.217149 323.493215
464.874392 378.927808 1268.866066
-259.901397 -540.922414 2064.087977
46.209596 598.270605 506.209309
580.716487 151.320497 220.679316
-486.992416 -350.294803 569.187854
571.641700 -182.512805 1236.787089
-595.760883 -72.885520 731.869539
-510.496456 315.792085 999.721772
-409.772007 -437.795158 2096.821227
-585.227955 132.950617 1900.045110
152.937438 580.192606 1204.602200
-516.128834 306.437793 229.391224
-102.050535 591.079031 811.853264
-480.490927 -360.192225 1803.871395
-590.902292 -106.175364 2188.684460
-541.477161 -258.229570 1821.215827
-123.353302 586.876300 577.956082
477.367975 -363.710277 1273.046193
544.438381 252.318412 1089.134371
194.481200 567.870169 1404.156880
-534.586181 272.658932 1091.432771
353.909023 484.483801 276.368539
-565.907043 198.283296 1733.282662
-488.932178 -348.612001 987.023768
-597.703444 54.136626 781.777514
579.933335 155.300372 1558.901225
440.363042 -407.818816 1156.054512
-473.762890 368.599663 346.960606
-282.371318 529.379751 545.759806
-598.799750 -34.942312 1620.425920
-204.955888 -563.975764 1128.792232
267.533328 537.398083 1402.801739
-251.189507 545.287023 285.863109
-596.182049 -71.207589 1199.420700
-311.271765 513.043838 1966.489060
-599.567533 6.397137 1869.201027
599.134011 35.734657 1266.321447
461.054134 384.379463 2002.676651
141.002957 -583.101257 628.835914
-593.961424 -87.026720 1221.870062
193.839177 -567.885493 989.445873
482.779067 -355.652018 1794.192664
597.170435 -60.141993 1850.054515
-141.750266 -582.634273 1437.103769
-589.435636 111.627738 1455.129625
-599.670877 21.589934 1089.027459
496.922055 -335.790547 551.005759
-426.300057 422.466772 288.768001
170.034841 575.439966 1861.517332
39.497638 599.075030 127.369550
-558.244874 -219.201804 37.044085
-266.202130 537.927362 507.996224
-164.035875 576.972487 1177.691877
504.856052 323.843557 111.241837
-443.096389 404.692653 1803.974675
439.001478 -409.037242 247.411431
-253.301514 -543.839190 35.716573
-211.445430 -561.057416 940.433030
145.691198 -582.056330 1616.138056
-60.582451 597.098762 1058.349017
-581.669109 145.800163 1501.964026
256.641490 -542.283324 1243.087244
-527.242555 -286.892493 742.640894
-446.070768 -401.004714 1936.581432
-67.480574 596.397379 1628.217776
66.877586 -595.909065 1339.242223
204.170156 564.108905 138.207869
-162.951627 577.528307 1547.038591
-580.431605 150.384013 731.299194
458.229980 387.302948 1485.936513
-388.948569 456.775824 1204.366104
336.695350 496.198601 1732.310189
233.388161 -552.576133 1689.965170
64.558424 596.681966 1896.598885
-196.074817 -567.218623 88.853021
400.501177 -447.001885 1028.044244
-549.526123 -240.492131 987.015820
404.496519 -442.681846 302.566722
-530.385584 -280.143760 304.872093
-117.157021 588.599478 1947.051660
387.788426 457.443690 1366.155995
549.620407 -240.768984 1954.695025
-142.585744 -582.851604 1215.972401
210.906711 561.559656 223.513541
-457.425378 -388.026835 14.631684
-506.530909 -320.911316 1082.298385
414.200561 434.737379 1638.090524
284.515201 -527.790137 1578.371674
-162.456080 577.701732 202.900358
-201.392642 -565.493997 1873.827018
373.046115 469.329930 1479.973312
307.666867 -515.330787 1876.133619
72.386216 -595.550753 379.739801
487.834645 348.924404 2105.863778
-270.591344 -535.191941 1968.464112
-233.682448 553.108326 1819.668627
290.195736 525.553965 938.412084
516.115989 -306.153457 1411.197712
-268.553072 536.176962 1384.685895
462.854081 381.997706 1245.552614
-401.571152 -445.145150 1017.516372
-594.116713 -81.626861 2068.552577
-597.441421 -49.614750 770.208956
-540.499250 259.206838 1378.518146
497.218579 335.968948 1311.940174
427.054942 421.291779 417.394233
583.546771 -136.133472 1231.607470
-512.955144 312.682909 1342.979842
-164.389157 577.430349 482.496439
599.879421 -4.797065 456.330297
551.940154 234.853861 2143.614560
-573.502594 175.672972 1790.510366
-466.954548 -376.762025 662.461677
-205.104957 564.016913 718.784135
-528.826205 283.408522 2172.413381
-427.224299 420.920641 733.191225
-473.068316 -369.871411 1209.300773
406.188339 -441.507396 1205.619680
481.739732 -358.258402 1339.146787
-258.688483 540.693094 338.700715
-283.981105 528.315011 662.549059
597.344644 57.263782 1463.266568
-240.948944 550.297974 1199.345628
-499.647559 332.682654 1617.870305
600.184585 -6.832453 1813.642694
-256.907265 542.323882 1423.675914
-417.381395 -430.868061 836.510775
-285.304910 -527.392466 1069.166296
541.258246 -258.984393 156.451188
-457.821269 387.632258 1451.946589
283.298775 -529.000128 2048.588656
541.371429 -258.535207 1827.051589
-546.116954 -248.301027 54.429526
483.993031 354.434611 600.531524
92.267156 -592.260749 85.716809
520.999926 297.586870 44.177204
473.475547 368.530689 1990.096119
599.957967 20.870523 468.644076
510.233363 -315.761105 467.061403
495.904506 337.770532 652.057024
140.581598 -583.059304 809.230550
-56.735604 597.360517 317.843083
-271.119255 535.571774 1310.957139
-258.716194 -541.427392 854.454681
-549.169986 242.131154 1135.859204
-245.993338 -547.499297 1824.154905
247.377747 546.354649 218.497960
-119.601916 -588.009608 556.742455
293.612425 523.047371 2099.031122
583.795747 -139.451694 323.002563
-171.128360 575.372929 241.504326
-232.888637 -553.759613 827.272952
77.671034 -595.216199 1718.104146
566.487427 -198.587798 1492.149325
-477.992699 -362.771163 2020.155590
520.189800 -298.673406 574.418947
582.703597 143.051282 780.108523
139.236884 582.598013 1400.379723
-439.095427 -408.550801 1591.607249
-556.249900 223.648873 1243.848666
-126.185097 -586.983165 1649.016071
389.907642 -455.569543 422.324969
-595.536837 78.132272 1356.505164
-267.534230 536.789456 1592.701476
473.782740 -368.351280 1880.255900
-562.351294 208.860323 1448.617258
507.324699 320.476566 1390.360407
-165.234395 -576.754777 2000.863033
519.182692 -301.227645 1498.172124
596.539122 -62.742532 2054.148094
578.949844 158.204367 2000.541252
-491.180916 344.000127 592.877873
-332.031687 -499.428384 2095.845417
246.913628 546.761853 1491.735094
569.636903 -188.087298 668.168401
329.532785 501.163567 26.354011
578.401171 157.743405 1853.637503
106.715831 -590.404263 1390.359649
-382.309769 -462.800769 767.409350
9.917049 -599.444483 1983.568562
-120.198121 587.852794 514.989907
-579.542626 155.693415 660.825780
-178.953264 572.646009 1749.407329
-402.667494 -444.937372 552.072940
555.535641 225.951078 1516.891109
-505.152021 323.887215 2.690335
-2.926062 -600.104091 315.631115
-551.030717 238.370516 2058.069363
368.729353 473.189483 1807.357312
60.394724 -596.695186 92.929092
-525.490735 -289.044521 643.556888
595.279276 75.509511 1058.276904
566.062013 -199.381370 1620.057583
156.113175 -579.536381 1782.240983
-345.295645 -490.135483 1904.583908
594.537129 -85.545304 80.534527
-277.881314 -531.207532 22.407638
-377.051426 466.085714 1959.746043
476.099608 366.124104 156.257311
435.735560 -412.009577 1144.985451
227.166214 555.854016 1790.672874
-600.095984 7.214293 1328.543274
-501.815623 328.960866 437.592984
-457.896473 -388.131209 2058.889194
549.092174 -241.835730 702.300874
-553.403562 -230.798662 1144.679027
-277.899248 -532.163117 1908.909211
-586.692245 -126.097349 1088.752285
561.130234 212.491503 308.053871
-471.170768 372.027385 2121.533175
40.343943 598.739758 895.949837
600.186109 5.087983 195.640663
-539.078200 -263.314693 590.840940
546.864016 -245.890148 384.987159
130.201771 -585.762267 1391.629043
-229.011793 554.826930 1699.994569
-553.942362 228.834456 1446.344929
-195.542095 567.782086 1900.726367
461.374814 383.343668 398.042460
78.353183 594.936062 1964.401194
-367.847154 -474.001333 1125.804672
-103.398779 -591.291309 1508.446294
-22.253217 -599.377375 812.328495
-446.301403 -401.467067 909.938389
115.181317 588.420492 1085.101611
585.263154 131.239469 1984.749608
-315.324578 -510.451848 2162.557781
-448.292717 397.638936 1273.455199
543.234425 -254.428098 912.214951
-449.582113 397.813348 980.627387
423.711558 424.823427 1147.910057
-261.045558 -540.026505 651.576837
535.274884 271.422260 1754.199129
599.652703 14.301233 1548.146203
-440.116446 407.597476 1188.617643
-593.648462 -86.119614 711.512209
-443.740865 404.030522 1851.274826
495.983201 -338.328446 1983.654775
195.797422 567.433173 737.997926
-468.199383 374.793341 1404.221396
-205.319559 564.310660 29.987241
-526.800188 -287.032971 310.152940
-331.693083 499.354502 621.773017
540.856910 -259.628156 1203.484451
321.414909 506.262025 1174.515546
-92.925016 -592.493309 1258.707743
468.297364 -374.754164 414.447787
-503.752634 -325.818586 1811.455969
587.588397 120.927036 2140.496604
-504.304237 -325.556459 347.494650
586.672755 125.454149 1397.383907
363.137143 -477.330714 143.052678
-541.722437 -258.416967 513.836763
558.664214 -219.244895 1009.252005
278.838170 -530.718354 1684.572650
-139.593811 -583.573699 1709.732535
-561.696422 210.102030 443.447749
-383.729498 -460.953247 1153.874418
17.634325 599.555089 1926.746491
175.737257 -573.546563 2079.800226
484.650881 353.434532 515.689816
-582.722902 142.142666 639.151952
18.135409 -599.842685 1159.493487
-486.265969 -351.563882 507.478127
543.449744 252.911171 89.354263
-99.063945 592.128854 2082.909360
528.840045 -284.246250 424.922621
295.426666 522.848818 1404.990274
552.520688 234.154379 1067.844439
-595.906226 70.928565 1076.673352
-598.033709 47.306596 2001.020251
-283.491473 528.680853 9.474294
511.041835 314.515732 1421.076199
-588.826184 115.569426 495.015573
345.159791 490.824742 404.834523
-131.275674 586.180794 347.594695
-150.688551 -580.151703 2191.231388
555.112555 -227.948736 1705.802450
590.833002 105.956856 1799.056403
445.398071 -401.564323 1794.227445
-522.607206 -294.732566 2145.461681
-544.981786 -250.570497 49.910112
503.751176 -327.003346 718.922013
-447.179037 -399.814269 889.846194
192.874407 567.988125 1327.926603
-217.018818 -559.289769 751.617009
-285.669439 527.395510 35.302951
-572.075512 181.469300 1306.274560
-557.867914 -221.135330 434.302940
-240.746891 549.806986 857.637901
-217.951659 -558.689094 2196.753936
189.747887 569.054134 2082.572453
-530.282021 -280.392179 561.053153
489.676738 -347.796372 1799.437961
291.076931 524.853769 2010.925672
591.748655 97.937459 2059.407253
-586.479704 125.849371 1245.169713
-36.795372 598.888671 1705.627378
-598.039765 44.959469 1276.510111
-488.660933 348.172245 2125.597696
-89.768598 -593.373846 1126.575368
-599.821639 -10.270611 1352.247871
531.658355 -277.996003 1684.439076
345.523519 490.572239 518.854290
34.834131 -599.352925 1249.079823
-577.974975 -160.817078 278.076780
-558.885708 218.715821 1474.791409
-239.281362 550.028853 1468.924742
359.374541 -480.120328 1382.491929
-26.541854 599.654612 819.641575
530.614958 279.738694 1990.180008
-587.308851 -123.473491 1863.005512
-147.857176 581.322482 245.030896
-476.432660 -365.723444 1885.519831
-486.634557 -351.341173 1441.739207
265.220020 538.070427 1279.358115
530.261644 -280.265384 814.523380
-146.005268 581.429032 1167.719009
71.845132 -595.329745 1325.610606
88.005404 593.491992 1387.065280
583.309316 -142.104737 661.747067
337.130252 -495.915626 1364.145673
552.523182 233.189010 460.370414
-462.241609 382.463414 1585.456879
-353.765647 -484.583774 2146.699141
333.946241 498.554359 466.347423
-547.471697 -245.381375 2006.142004
-110.851503 588.990721 565.570998
-473.216698 -368.756416 360.519339
-60.265283 597.720776 1250.784063
-588.366285 119.078072 2106.851399
79.512971 -594.950246 2010.679040
-300.642546 519.167080 267.039338
586.297134 125.029608 2188.031132
-134.711948 584.618871 1564.000153
-264.013650 -538.780960 1382.907652
147.529674 581.432019 1397.829364
-568.505591 192.141335 324.552558
-567.992788 -194.908095 1310.977945
438.172414 409.726032 1238.535201
549.952264 240.209667 1351.203924
353.411233 484.685369 1440.868821
494.037250 -340.980511 433.989500
-513.308796 -311.436078 2009.133659
594.177231 -83.813440 402.428105
-541.976253 257.296738 1573.080154
-502.235391 328.357893 68.750772
544.564356 251.386998 1566.650303
147.398044 -582.035441 299.716245
-562.352202 207.813052 1620.062283
464.578111 -380.174362 148.896038
592.498178 -91.985867 1232.717536
280.223471 530.238530 117.798215
-383.110636 -461.471618 4.329393
-461.913600 -383.149350 1326.471323
598.265821 -50.149752 2049.205227
575.911264 -172.019149 426.994108
560.023590 215.043625 1440.397045
-474.363330 366.984593 836.161394
-309.047642 514.292427 124.685148
423.424998 -424.938863 127.117018
597.490598 47.935749 1395.702240
-165.045931 -577.367188 1036.868835
68.373409 -596.149288 13.561495
-80.950490 594.477984 163.580025
-478.280227 362.836286 181.511078
596.372480 -63.259790 670.711666
-548.366720 -243.593017 929.830388
416.803854 -431.023862 687.065338
89.260291 -593.364869 64.312882
597.821949 47.897872 2116.538759
51.573296 -597.999556 1730.751591
-120.565687 -588.095343 373.008104
396.710985 -449.266823 964.967552
559.727021 216.215208 260.685638
270.329277 535.191835 1097.970872
-587.033246 121.722945 1948.837666
-599.061812 -36.550867 1145.647762
484.079461 -354.233892 1476.553840
-300.565569 -519.373785 1552.709982
-590.373171 108.527222 1115.990467
-594.954173 76.363223 1031.191763
-300.979030 -519.719912 1362.025010
229.972305 -554.211813 1632.258164
-438.075132 -410.116133 838.762263
-16.545455 599.862889 577.705735
-278.340662 -532.273177 276.491141
-560.575174 212.496072 1446.288248
-322.975052 -505.773025 1342.539188
547.163414 245.362201 2151.075105
-599.780660 17.466008 590.486113
431.490837 -416.980907 2152.647588
594.031419 83.511292 551.742147
450.418136 -396.582433 926.145463
499.831402 331.857690 980.594468
-26.454857 -599.664304 30.269346
596.567491 -64.450945 1005.967086
567.975622 -194.910291 387.351519
468.181183 -375.230549 29.095440
-234.666265 -551.993893 2024.054795
-212.809129 561.204761 855.635816
574.967779 -170.688850 14.553341
-519.858442 299.521075 1837.715235
-570.592498 -186.198425 1512.252405
-78.953810 594.916674 224.883771
-594.464045 -77.520690 428.852178
362.370331 -478.193765 1377.068304
366.687758 -474.830596 1172.118124
317.747044 -509.469161 329.212362
-470.518334 -372.024801 1245.708317
599.650098 11.679076 1026.726677
-172.995586 -574.667784 267.019783
143.749046 582.476687 1428.392057
-555.532841 225.878885 1893.026947
80.178711 -594.687900 1195.335088
302.868510 -517.388982 1494.860463
510.161108 316.247616 2007.603587
546.501720 -247.078629 1252.942708
492.639044 343.019280 356.453955
-598.837362 -33.705188 1047.681958
596.657905 64.536072 2141.009827
30.026249 599.752022 431.773770
315.928502 510.554675 1357.725705
45.653580 -597.396347 563.536929
-146.502210 -581.366775 1482.445480
159.374210 578.533098 308.580731
-105.872047 590.703004 929.713116
-99.919231 592.401840 888.941224
208.099192 -562.387666 274.529766
-24.544968 -599.173302 1792.540849
-237.014241 551.788587 241.632844
96.297407 -592.121485 196.971910
-31.597969 -598.660621 1373.175356
158.779523 578.361878 2027.840764
-253.214172 544.388841 1400.547245
-561.471622 -212.008351 257.059311
596.103016 -69.400998 1253.152283
-169.861364 576.052080 673.974625
-597.504038 55.836634 1592.241248
-127.070999 -585.816527 1725.072304
134.949308 584.659073 936.482972
543.134011 254.144595 1198.195971
-24.746262 599.078988 1372.908862
597.549714 -53.230330 388.494867
-592.210692 95.676774 1348.311063
461.097828 -384.282372 1398.682855
584.103413 138.550957 856.220715
406.715418 441.279026 970.280244
479.990483 359.578031 1106.771179
476.807411 364.388252 1377.305369
162.671899 576.933145 2190.039674
-228.344458 554.562415 732.238505
466.802822 -376.473530 1425.853526
531.622154 -277.432570 1344.299432
274.056012 533.691123 546.872826
-537.207905 268.106632 1516.285426
182.481781 571.694310 2022.734176
335.776073 497.441321 1903.474945
79.608736 594.539701 533.331200
226.915377 555.879400 854.546001
592.510155 -92.733403 2034.866290
536.637437 -267.771009 2136.116566
-595.161217 76.794458 1040.378375
-125.984926 586.850354 396.117291
-400.570193 -446.411880 460.186251
560.370503 -214.329657 437.502224
-412.756940 435.016114 1518.916320
-337.534985 496.367005 1413.121914
-584.996714 -132.109287 135.808929
-579.043801 156.876722 1993.607662
-84.756386 593.418809 1260.437417
141.499563 583.136622 563.049162
38.378651 -598.716764 2088.665301
561.883697 -210.956405 520.941115
-569.882379 187.633707 1028.802064
376.152530 -467.140783 388.945274
-501.785644 329.256919 2077.943872
-69.358971 -596.065490 1440.972857
-416.694662 431.320478 625.663402
-25.011076 -599.392434 427.159937
503.518291 325.715852 1952.372007
272.080970 534.835206 476.907065
-598.917861 28.365951 938.793949
-597.886110 -48.546597 2137.506884
178.303177 572.563660 1177.717344
-519.389194 301.047889 628.055056
-576.612535 -164.455864 333.478139
249.807204 -545.725744 1607.199193
237.911748 550.339825 2058.929157
41.175330 598.548508 1050.623330
-333.383301 -498.810696 1274.127636
-580.815708 150.734436 262.454029
-586.425884 -125.964345 1587.507791
-568.295424 -193.867422 1073.671862
-217.728296 -559.029585 1312.258345
443.930075 403.557705 1590.428021
597.402816 -58.132184 699.502252
-23.021759 599.812211 507.830302
567.561190 -195.450581 409.667864
-370.873960 -472.252297 1538.242714
-586.838114 125.348012 822.175910
-97.960219 -591.631177 297.121163
-478.673626 -362.156000 536.871520
594.346579 -81.252710 911.744938
591.572930 100.759473 684.872777
375.382946 467.656808 680.464002
-522.709503 -295.079987 2043.744306
-104.189751 -590.347805 182.268702
-594.998945 81.087341 1015.871812
178.925770 -572.870746 2151.601015
-489.215604 -347.584327 2028.435998
429.692004 -418.515710 1926.008858
-9.338856 -600.498036 1497.491505
31.597746 -599.538473 1684.770100
-251.068596 545.173423 996.576273
599.751112 -21.273225 1769.757239
-362.428530 -478.409263 152.744531
-162.516159 -577.898770 1408.045235
129.604714 -586.041212 69.652531
387.776816 -457.223805 857.083569
94.267684 -592.303604 475.493227
-541.023284 260.048256 1383.017396
344.535528 491.425736 376.807339
595.041410 77.906091 1571.138632
-579.337842 154.762137 21.926456
420.422236 -427.711330 771.076350
475.740530 -365.239744 1962.605036
57.945558 596.936132 609.546631
-478.898176 362.243061 993.744120
-336.353577 -496.452067 1043.157083
256.136967 542.760245 8.526874
-552.324699 233.976994 603.951046
-382.445270 462.423929 1741.539849
-518.486625 302.314579 63.545295
599.695276 -14.655978 1577.162166
273.099487 -534.217114 693.874181
-412.076314 -436.736201 2053.902204
-329.439886 -501.145756 1660.940790
528.584066 283.888580 2078.305338
595.429829 -74.708635 166.807382
208.333254 562.687544 449.943967
147.057371 582.059737 510.430827
-320.394028 -507.769879 174.987141
-201.804536 -566.058256 549.728497
244.415543 -547.350238 1337.170440
-293.740420 522.502519 612.533802
-351.038575 -486.332689 1552.020891
-456.854681 388.895336 482.496432
-410.589416 -438.079450 568.723833
-99.937520 591.967117 804.121049
-371.478132 -470.579379 1115.482106
307.716212 -514.970707 1478.375867
-36.671846 -598.666878 311.332553
598.290637 -40.463234 455.632189
307.231945 -515.333158 60.914499
-463.934594 379.896422 419.294220
279.164524 531.153162 2057.427987
47.726329 -597.991097 920.494298
-473.190914 368.563010 1020.331279
418.330112 -429.695275 1351.248869
392.951211 -452.914801 785.690557
63.962590 -597.223032 1156.954084
280.039461 -530.928581 888.595185
-596.012352 69.701767 511.973561
238.686546 550.758733 1221.713774
595.461485 71.378904 1515.861175
-440.792531 406.547186 1108.989589
-154.105288 579.827738 252.210678
-391.273544 -454.796591 1333.662274
-280.666901 530.039836 2118.519393
399.859537 -447.307259 59.519552
210.303594 -562.562959 1010.867426
506.706950 -321.596554 1346.659570
-599.002887 -27.170907 1505.615171
590.867708 103.050067 1314.581195
560.800132 -212.566620 40.530258
-348.980881 487.520850 1665.103547
-465.024152 379.552549 663.401955
-318.461313 508.675616 764.678233
56.141862 -597.213611 1036.844867
452.664881 393.614593 787.925408
333.973561 -498.087941 2061.174913
-19.169964 600.047362 1614.612809
583.507299 137.793841 1940.965004
67.952756 -596.476408 302.525230
250.814322 -545.168065 406.480692
340.469269 -494.017094 1647.566880
-588.543770 -120.328146 1625.620793
-588.627820 118.595839 767.161083
-515.231737 307.900786 809.345423
61.837385 596.956897 2189.072220
152.021255 -580.879862 1026.694386
1.403310 -600.209438 2151.930239
564.516398 203.555434 2124.439690
-458.263801 387.129403 1733.126066
-502.576937 -327.524210 1614.619827
-184.433092 -571.510152 1094.180150
-586.850568 128.596119 551.894964
-599.434381 -32.183503 2188.030565
-181.792952 571.754267 1443.742647
-456.875724 -389.524521 1081.117062
-257.799257 541.535318 1114.889841
-307.731720 514.713449 2016.033219
365.487935 -476.311643 197.666342
-561.987622 209.403502 1863.205618
-328.396892 -502.081128 135.581369
325.255267 503.883284 11.944449
-531.270865 279.863645 205.412770
-196.005105 -567.118720 1677.025789
43.864310 -598.586129 526.658013
-114.874133 589.372590 488.411736
595.338018 71.240998 457.569183
236.032136 551.683926 1631.588992
462.924898 -381.978544 1576.638767
485.849623 -352.516123 1842.774450
108.096698 589.819857 1939.875392
530.341045 -280.413299 781.077852
-575.374927 169.669731 308.921707
485.999951 351.659225 687.217789
449.243238 -397.185002 1016.398912
-541.961002 256.957534 1453.212933
-223.227329 557.353731 1170.145957
243.483449 548.429322 474.798492
365.355840 475.181423 218.816618
-56.587700 -597.511692 2164.020748
11.588278 599.801123 2118.851753
423.577555 -424.839747 413.625167
293.263472 -523.955687 1650.004699
-587.106075 125.155404 161.653198
456.179501 -390.102119 1744.301089
378.275865 465.885363 1532.444294
371.239245 -471.246071 1456.768219
599.024913 -19.387106 867.605057
-580.452047 150.211605 837.104063
234.425467 552.592369 518.640450
413.255763 -435.393809 1202.249234
-549.033311 -242.590752 1087.673743
-361.404859 -479.011515 1885.237191
518.143864 -301.288752 218.618469
198.407171 565.958281 877.732145
489.620112 -346.862425 2190.663175
-552.646605 -234.216211 97.130642
317.651896 508.921909 487.496985
290.727593 -524.866258 1235.779835
-322.451789 505.660356 174.368173
454.659195 392.143067 627.581801
416.293571 432.405596 868.987701
-292.720930 523.459119 1942.229221
-452.921053 393.312970 543.469283
-532.960219 275.306137 212.454231
558.656930 219.097863 1934.613109
498.263819 -333.525761 798.579315
511.568653 -313.310099 1675.744169
-581.287876 -147.470282 2124.182478
-380.796426 463.402054 681.809395
493.120678 -342.198861 1043.820104
-556.778610 -224.528889 246.885042
84.016704 593.889749 1116.546378
-308.130370 -514.572598 1854.486635
-438.316427 409.616780 2004.337303
-381.107376 463.861303 1574.476996
-491.588264 343.239843 1889.215045
-232.033519 553.528587 1540.438194
-573.039803 176.739818 1956.763727
-557.822075 -221.788824 2032.523472
64.445086 -596.297394 1989.580898
53.743057 597.590718 823.641035
116.640656 588.649785 542.018214
-533.754316 273.536116 870.158888
-485.772439 -352.297614 1009.006668
63.316205 596.497432 52.933981
-192.059188 -568.448149 1937.618881
-599.647730 8.890001 1589.485843
-175.255128 -574.066198 580.900851
-450.917066 396.039494 438.469373
191.435797 -568.712015 1074.593395
-52.542481 597.970549 190.427255
591.867910 -98.627718 1087.730632
330.492238 501.464422 1890.860059
-306.431924 516.113453 1879.291571
-590.318766 -104.702887 1126.813472
-316.213312 -509.224651 999.449858
-227.787452 554.902925 259.823258
-233.236447 553.294737 2025.328940
-360.808642 479.716015 1483.330883
69.268250 -595.808725 2111.681399
125.796107 -587.015506 433.774449
569.240074 -188.941362 788.332060
-394.844939 451.709027 1704.670740
-329.545890 501.620342 208.176088
209.895595 561.895022 1469.005568
331.137394 500.707704 1499.937718
571.852665 -182.533666 2177.190832
-472.633510 -369.660899 1363.938896
-321.284057 -506.938982 1266.760320
-519.569605 -300.053729 533.459591
422.615928 426.045196 1580.950810
-33.091688 -598.690594 1355.941545
599.510496 -27.507395 2048.280158
599.817103 -21.607095 1567.482425
356.541173 482.682378 1069.083731
597.148419 56.696578 626.900673
578.158055 158.802478 1208.947927
246.031838 547.082231 843.070644
535.704205 -269.962819 1752.028772
-550.072166 240.828874 2168.127358
169.954524 -575.331226 651.920912
-600.196203 11.389394 1600.132434
-285.427813 526.932031 12.507073
-231.657104 -553.538681 1283.530733
159.454351 578.320878 905.364355
-291.307924 524.824640 562.625102
600.261968 -3.159740 1171.550828
589.496339 -110.078745 1489.771906
39.323068 -599.181503 1617.147170
-599.628106 -25.683146 1858.048471
-598.854498 -38.387248 2060.754846
503.067565 -326.577869 1441.432955
-227.691272 -555.106469 254.053724
276.958974 532.180217 752.938206
-414.504019 -434.499345 676.942540
233.459657 552.840227 984.428992
-263.631391 539.098628 1845.422145
477.555302 -363.548452 1123.455118
531.062338 -278.952872 1803.441088
478.124808 363.273350 126.793342
517.872316 -302.722880 1199.864373
-256.341429 541.592757 351.250526
154.994179 -579.835361 158.674740
-469.736540 -372.280003 2045.761311
584.684729 134.583020 31.979206
-87.378891 593.081371 1901.483234
-591.938843 98.372520 1799.427984
-159.031433 578.468793 922.959752
564.022479 203.699563 687.813683
-600.299562 -3.424840 1714.097656
-562.940037 -207.879407 1219.738397
-593.105921 91.553210 1752.740558
25.450972 -599.310082 1974.677552
-591.317359 100.048828 1797.537979
-477.850073 -363.164953 1173.929436
-446.172253 400.589548 1819.987650
522.109442 -294.767240 1177.772551
515.008307 308.597582 104.876230
599.621200 23.002956 1988.067055
595.976335 -66.686000 2168.442095
500.950565 -330.238844 985.138511
45.688313 598.662916 1261.379004
-348.817347 487.694910 1517.139361
242.543810 548.625691 981.261722
-225.782659 -555.723623 53.046577
264.728324 -538.253018 1548.846776
95.467025 592.355889 167.051870
-595.323870 -74.064687 1492.412238
109.626355 589.747882 965.963483
-561.310501 -211.371167 1961.286582
-571.929718 -182.142451 1380.391647
1.937877 -600.172419 1076.522782
324.078273 505.065842 1755.462676
-569.143088 189.922701 1111.889215
-559.326686 216.601000 2100.195248
64.570119 596.456402 1117.359575
544.779646 250.283322 1265.428764
-600.433347 -6.961156 1305.081797
-596.284148 -62.455204 1823.014087
319.677535 507.450648 142.158440
240.138496 -550.213812 1592.989334
-577.453912 -163.561994 1491.367784
592.496033 94.748876 898.465341
278.946677 530.884530 2068.352549
-593.174667 -90.839017 120.174142
374.097623 -468.924321 1773.564296
595.533021 73.918777 2.835473
500.949241 330.317949 1496.699269
224.534158 -556.679540 1012.486699
567.963728 193.089299 193.806745
-520.730887 -296.660596 1139.679032
-524.433097 -291.027327 983.790484
435.626579 412.632098 396.264775
396.000840 450.931013 263.928723
-111.818024 -589.618287 1024.046894
-348.922479 -488.543277 1041.445936
-410.138123 437.666000 21.621186
-219.136816 558.306492 352.461230
276.343722 -532.590463 1375.769520
190.202513 568.985404 349.607564
-346.149088 490.073772 1056.080609
569.255256 -189.252544 1477.967370
-36.189481 -599.099141 1798.811377
-264.269535 -538.448938 707.028953
418.184645 -430.861831 222.566305
-473.522003 -368.312826 1816.022694
-320.120486 506.946358 108.115756
96.836323 -592.199441 1029.717649
586.870942 126.111093 2186.825614
567.481277 194.136204 234.542979
-584.084299 137.991344 1171.078557
-545.509175 248.986633 477.609744
-87.385557 593.674310 1746.579319
112.818073 589.154452 712.489231
-332.633076 498.781621 93.969169
508.377097 318.694436 375.803977
390.975962 -453.988645 809.158350
-566.861884 -197.109950 79.951380
511.191185 313.455654 1039.972974
-572.208199 180.559789 1671.742356
512.926134 312.457473 1538.974117
597.819366 55.227440 753.798254
580.749120 -148.961694 1323.820661
-495.971608 338.449774 2199.921870
-321.815910 -506.334788 1515.822446
-576.760425 -164.519449 489.398000
292.796718 -523.348413 1708.266788
-491.543773 -344.470535 181.743227
-373.332016 469.268354 207.826273
-600.514219 13.043924 371.510171
-53.842368 597.325734 927.952082
512.191694 -311.887221 330.671301
218.066819 559.042999 1250.022817
599.330793 28.485211 249.600495
-598.760796 -39.919318 2066.619035
-569.652678 190.118441 2111.421230
37.430460 598.677569 1019.551062
-483.068838 -355.623796 1769.346315
-286.516208 527.233898 1199.621657
-457.114466 -388.719616 56.528864
-300.335589 519.447376 275.749782
-341.533662 493.207121 1348.189383
-513.938375 -309.779148 626.959829
-597.928219 44.924869 1228.076602
-221.789234 557.633657 1601.829135
7.765895 -599.746836 640.631819
-547.573304 244.856936 243.800684
508.821175 317.405948 863.646850
-585.344566 131.147240 1948.819821
-260.733918 540.314125 1.294025
-558.161664 218.794126 1997.244205
194.746908 -567.222341 2095.189393
-2.903774 599.981609 852.867195
535.615792 -270.348222 1972.559095
-68.763751 -596.045055 1339.303040
541.823750 258.332764 174.053940
-520.400683 298.319794 1372.155747
3.559544 599.829838 2062.013825
-130.063551 585.470106 1396.364122
-497.219905 -335.355214 75.930895
138.387880 -584.304042 1843.177130
-105.649330 590.202526 166.507679
-226.145812 -555.923730 335.374658
-393.521392 453.550686 2134.333348
17.902903 599.813307 217.482474
-196.770966 -567.146729 1347.133392
-222.511640 -556.997903 658.821020
501.605292 329.458116 312.876897
-558.176939 220.723286 661.217582
184.771799 -570.387017 798.608972
593.803433 -86.031338 987.635288
596.979192 58.159142 844.482094
266.200480 -537.760887 1724.630015
479.471220 -360.267612 106.195051
-544.438854 252.843915 1695.083447
-201.295219 565.123571 1203.057744
-548.175638 -243.517722 1413.274791
-561.797136 209.851147 1780.699943
-515.187592 308.085103 1837.560290
-110.311043 -589.640195 1262.326207
-504.880056 -325.226703 1684.262583
300.959990 -518.813717 966.930808
-331.191946 -500.794482 352.547386
564.755154 203.555359 2192.786382
-537.715365 -267.216520 1133.261541
116.607038 588.328008 1458.700736
586.384297 126.262615 1256.835790
246.182045 547.354806 298.652244
533.403729 275.422042 1883.300237
600.135031 5.370689 1600.834910
471.874117 -370.269365 490.547468
-597.763898 52.279815 1632.250464
-595.033923 73.758124 256.450536
305.027356 517.048308 210.699510
599.860843 22.875254 1704.736672
505.423242 -323.062872 282.175359
448.524725 398.184472 586.797813
163.194468 -577.254980 281.452579
598.631034 35.612601 1371.192401
544.145247 -250.900033 1072.484087
-483.049443 356.500174 1360.147647
293.487372 523.232401 618.986945
-597.396871 56.011634 1244.870989
-356.463006 482.611679 550.013121
38.437249 -599.098635 1632.794149
-185.908557 -570.196960 445.754661
-591.847033 -99.815951 698.347101
-380.908398 463.828603 190.262550
-25.401702 599.216735 72.476243
-124.710183 586.651704 1356.134460
-453.404973 393.107978 165.110569
-594.685153 78.891444 1972.441815
-45.270123 598.316884 2146.013844
458.690682 -387.149668 381.349031
544.928713 -250.298126 1710.857823
14.852555 599.090768 1344.995346
-365.783325 -476.385241 442.791799
-108.048647 -590.458042 2059.462092
-455.996879 -389.990147 385.004829
-484.407535 353.904890 517.099238
361.469839 -478.788954 1162.611555
-258.191798 541.342729 266.556957
-587.982789 120.512160 1787.485361
499.177697 332.239561 240.810760
-599.117466 37.083964 1495.527667
580.289516 -152.554481 1243.838246
-542.289196 256.960562 1375.917203
-598.736635 46.896593 156.466106
-279.090261 -531.259755 662.454954
246.389291 547.456198 159.113769
-594.811201 -78.804969 1096.604315
-220.894894 -558.081712 22.258797
-50.458538 -598.046984 2119.441257
169.993944 575.036447 743.726871
585.974088 128.991479 1844.586841
-598.159164 -47.973125 1208.598338
457.370041 387.979225 602.552334
507.268169 -320.655355 404.152216
-596.151081 68.867472 1053.656865
565.589117 -199.621156 67.511303
-517.534683 303.803388 1182.525196
-171.615681 575.121604 2195.309755
-81.342735 -594.394265 647.365547
-457.618352 -387.977901 1465.333671
206.953492 -563.344441 1022.528327
-410.723104 436.971626 796.788640
-47.180164 -598.538542 943.963180
-282.673708 529.284676 1757.987457
205.793163 564.449624 568.566388
-485.014577 -353.168397 1557.502501
-401.733337 -445.889687 1481.050600
-147.887866 -581.681076 784.415888
-510.442651 315.521911 967.751379
266.322920 536.916206 1996.827393
-576.279468 166.454169 340.906442
380.139200 464.169099 2061.603399
554.476876 -229.419467 853.474951
554.807288 228.329306 730.453826
66.306897 -595.531536 1408.592975
339.485768 -494.503649 67.258497
455.582232 389.904520 1924.542450
221.403242 -558.021993 130.871699
531.230808 -279.363018 1578.422972
-363.600261 477.422298 1449.746804
595.521414 -71.624025 201.430019
484.230524 353.835838 733.885147
-447.047189 -400.097094 482.152300
-352.730837 485.716506 1081.732548
-55.868640 -597.455375 874.079121
297.435006 -520.848433 1081.017962
-266.397813 -537.172417 390.257969
242.761157 548.701482 622.234602
-12.238776 599.562670 737.914756
-386.851698 -458.515694 852.534725
-35.809592 599.269004 583.709279
523.825207 -293.001307 1070.519936
139.514504 -583.292568 732.184212
549.750640 -239.739430 710.527178
-412.580459 435.267404 1992.630304
-207.569510 -562.530965 1244.380708
510.991198 -314.320765 527.335860
471.373128 -370.616406 2109.646236
281.784504 529.355016 452.772050
598.536407 37.853714 1553.795290
234.097949 552.336359 1901.493207
138.471993 583.217438 268.051482
110.959192 -589.697447 975.976066
-548.123588 244.926505 1499.984412
-340.957284 493.259428 1737.590186
295.585855 521.916594 391.755885
49.578437 598.106178 1973.170283
-79.663717 594.591738 52.198871
332.549109 499.160307 181.594863
591.331295 -100.573133 252.417594
-536.013684 269.987689 465.365834
256.132101 -542.793278 749.255118
582.868333 -142.308531 423.122780
-576.745490 -165.006026 299.400630
123.795614 587.270503 1525.459156
212.365204 -561.286920 508.615594
261.969692 -539.504203 311.809113
-576.539135 -166.626907 571.014552
-305.742703 515.913528 368.377662
391.429001 454.944718 1321.665158
542.081590 256.346742 1422.311678
-83.950551 593.546800 439.841776
-546.524502 246.171555 1468.318963
-279.948408 -530.775304 757.376860
-522.604029 294.817339 856.898716
560.913311 -212.928424 1915.894338
-519.670862 -300.425678 212.824642
-22.325383 -599.665978 150.625762
599.879446 3.892566 1842.979117
-21.697325 599.596147 1349.048322
-283.439171 528.954182 287.132345
-272.343690 -534.899132 1119.354102
-524.496882 291.776300 486.457385
598.832838 -31.610565 641.389920
-585.458787 -131.681405 132.182873
-589.253219 112.751213 1844.528306
592.919879 -90.271293 891.887772
-553.224156 232.386989 29.043678
302.608263 517.925566 333.744405
-134.806622 584.771218 999.692522
595.881689 -71.123154 90.920380
570.194655 -187.360255 1906.408768
-565.678730 -200.043992 1921.604325
-491.635894 344.374288 1104.846391
-411.897193 436.459471 1387.344177
-495.138531 338.247393 2163.468497
148.968519 -580.688830 1223.229912
-243.074782 548.526406 2038.618035
-577.112819 -163.518567 454.039058
-61.975509 -596.832813 1905.615859
-554.696770 229.221066 149.257735
42.758861 598.930751 1891.707655
600.067008 -17.402630 463.036434
598.388477 35.251576 559.460065
458.553324 -387.022239 60.615587
-575.006794 -172.474452 1058.315501
599.641547 11.652702 1742.687982
569.588921 189.261969 1778.246780
-599.806824 32.779427 2049.697761
-599.740007 9.997154 1069.922310
-485.717604 352.089244 1005.850127
584.414578 138.616076 1865.132557
313.184617 511.396729 878.501531
-208.767005 562.848772 419.916311
484.524801 -354.404954 948.546042
-457.233533 -388.327007 659.506940
267.019159 537.541761 1241.296032
-594.043408 -86.823590 511.413160
594.157669 83.065680 587.963206
-359.881290 -479.779040 919.200452
-165.699420 -576.349399 488.935559
-380.519215 -463.696278 1858.874234
324.182377 504.768356 1933.973768
444.739720 402.113058 169.057726
575.544355 -168.757255 843.261449
-513.426337 310.056878 865.650897
-513.213732 309.737652 918.185281
592.273399 93.837419 1766.054524
-199.512772 566.125245 555.473743
14.839543 599.685826 772.462714
124.737994 -586.674572 148.606696
-556.244551 225.671152 564.506936
121.246616 587.503707 2039.529025
-532.845856 -275.997199 2048.170919
563.674868 205.966430 198.853088
-365.816843 -475.386001 18.593638
-390.796335 -455.262136 666.258870
231.838354 -553.101697 146.481491
-107.594874 -590.778072 1354.920604
582.946350 -141.000291 672.375559
-475.678082 366.662745 2174.254579
-244.606876 547.728587 1406.412217
-220.833440 -558.293375 1826.326100
-370.159841 -472.325905 438.442041
10.460793 -600.120486 424.717589
247.695642 546.446598 1722.430377
-3.576183 -600.306222 1937.780735
484.167250 354.647352 1409.596759
-145.312138 -582.068013 1595.111790
220.877794 -557.767194 863.475727
569.129234 -189.301436 643.674084
597.900598 45.858286 2079.704037
306.136104 -516.226020 710.159739
-568.661430 -191.218335 877.943676
458.017290 387.343966 1770.410241
-254.848592 542.911744 286.482889
-373.649829 -469.222543 524.899595
598.362101 40.846282 1085.202441
-258.851932 -540.850546 174.839390
-110.293771 589.589328 421.534858
390.387986 455.658025 162.060942
558.998346 217.061462 1585.239298
537.153676 -267.444258 323.233515
-565.962944 -198.613179 936.909258
-211.013432 561.493438 1792.876622
-380.058904 464.104159 1696.386562
326.628807 -503.544338 92.324822
599.856506 -2.246285 919.557525
-584.414509 133.838862 171.362968
-587.857801 119.865831 1343.763850
-553.815112 -230.146164 132.871354
-288.079897 526.468869 858.891004
-478.916605 361.665509 599.218042
-31.457018 599.517048 1476.381003
98.527448 -591.964464 1478.102279
569.942297 -188.752833 488.039256
175.354111 -573.629524 1734.550042
69.979231 596.180189 2159.819343
570.779072 -186.207797 394.881660
-487.549948 349.398116 426.338510
407.360608 -441.082313 1339.766473
-248.809914 546.016139 1227.657295
116.485889 -588.679806 890.559995
-501.213432 329.184057 629.499733
-570.196531 -187.138077 1580.157799
-469.347436 373.677992 1944.067003
-327.574844 502.897976 1009.249852
113.476776 589.270190 1839.490907
231.679925 553.638197 787.105585
-435.182364 412.786429 341.072217
-562.661518 209.114057 515.925713
410.403644 437.337897 689.221541
595.020631 75.181836 542.487714
441.893548 -406.148393 1477.027368
-591.553542 -101.773516 883.201423
548.264268 -242.579146 1945.318028
-592.412925 92.607551 1750.156762
-574.984861 -171.784365 549.502018
-592.927166 89.227672 1008.671987
-217.593697 559.132029 302.268591
-342.847469 492.608045 279.013113
-573.175700 -175.773568 47.303627
533.784608 -274.442565 1620.747343
531.687617 278.405883 711.717582
-388.943099 -456.862700 1129.120946
442.505714 405.044562 254.929953
-598.849373 43.525004 600.201464
-175.558448 573.709442 36.616049
-330.687416 -500.716866 1849.214259
358.995077 -480.788318 312.183817
119.007136 587.986579 1924.544472
-367.107352 -474.641492 1582.392747
-162.704739 577.822614 1222.190215
-446.567110 400.700455 409.384791
496.760247 335.709450 30.230330
-382.050793 -462.727078 521.537575
443.625343 404.381287 331.384558
-273.672155 -534.128455 177.243792
-218.676490 -558.555237 1296.536008
505.847172 322.295496 116.616102
591.884845 97.513712 830.163527
296.642619 -521.687989 814.532300
514.375587 308.500344 2182.418792
597.506609 -52.446108 1420.518489
-549.824235 238.641257 1525.613770
-80.282423 594.277801 1228.877638
-476.737723 364.352579 842.175968
-515.583758 307.200663 1063.248877
596.261616 -66.735115 835.537788
-590.479307 109.758269 1928.082905
493.052871 341.933009 1018.169065
-394.958924 451.838641 225.359929
166.239372 576.356655 754.482578
-463.218893 380.755733 1719.681475
-94.502269 592.816290 928.523948
263.669814 -538.696069 1008.256533
-598.681102 -34.706638 1141.267712
542.469226 256.808250 572.618384
-595.620815 -72.400120 145.426404
530.550824 -279.277216 1400.228480
-502.827511 -328.088276 1936.661214
-176.578378 -573.825425 198.942292
-455.424838 390.389320 347.775799
404.925466 443.117041 1295.145940
440.057275 407.678689 2117.576111
-593.726297 89.555310 1556.055951
384.383479 461.103340 485.219194
590.026734 -107.727484 1978.543127
350.475309 486.686802 10.803477
593.914619 86.438534 1513.289444
-191.319566 -568.727162 1082.371234
-476.728775 -365.143856 562.981705
-598.545444 36.136066 1646.722464
170.116948 575.475465 209.325478
-322.939213 505.432697 1395.839221
-189.974288 -568.811106 333.685103
245.176351 547.423139 623.709837
551.722336 234.647911 837.985501
-463.243682 380.670614 1537.525278
151.116889 580.961849 553.124541
-599.655202 1.674321 1882.453124
285.532720 -527.678879 526.997894
13.422472 599.661950 1960.478646
268.794851 -536.281066 1999.833312
589.716624 111.498331 318.230760
585.008391 -134.100775 810.099106
156.789681 578.901133 747.153041
481.622256 356.924861 620.755892
376.644903 466.955920 2136.611644
-587.190515 -125.200555 547.195800
-57.321761 -596.617887 416.801468
349.319207 488.180192 1646.620702
336.399547 497.159649 2056.314208
-575.544365 -169.771858 1439.414533
-572.305520 -179.336614 1719.302507
119.346302 -588.316342 2106.356308
596.991940 59.652599 1841.330460
-2.365611 -599.964407 1657.668868
271.223792 -534.696712 1562.836061
-122.234944 587.159042 192.171794
-539.620607 -261.761085 1800.134965
552.737499 232.984354 547.002901
-598.448781 -42.429468 475.822194
190.871271 -568.967600 1306.816247
-255.955245 542.961846 1474.041859
482.015910 357.370534 1543.920316
-501.832605 -329.861296 287.827459
588.540078 118.178469 1271.633455
576.889770 -166.047866 847.398518
-600.101286 -11.056084 2055.882137
230.407075 -553.950306 393.310615
-283.912903 528.826481 832.671022
355.464446 483.635941 1704.983616
205.380639 564.154344 1468.084083
-547.550212 245.160643 427.169743
500.438461 -330.605399 376.865007
176.292028 -573.022243 1114.698096
-591.510265 -101.001244 403.034161
472.407457 368.889197 945.431013
-577.411455 -164.294880 2139.252360
-144.818987 -582.166815 316.395889
587.533526 124.098982 859.603445
306.446534 515.155955 1405.553614
-393.377379 -452.960275 545.936207
-382.890031 -461.528610 2120.229081
537.096130 -267.622962 856.718588
131.340879 -585.309200 1864.660396
-599.113242 36.270604 1136.909966
-522.574709 -295.051500 417.793326
-167.753952 576.341876 210.687516
577.493615 163.567212 906.173334
56.098223 597.157262 868.788410
-495.022475 339.746527 854.205044
370.918879 -471.856404 1165.114716
341.865599 493.384920 1150.066044
-585.480906 131.956798 894.897707
216.245163 559.615096 1588.589523
-313.916955 -511.378569 201.822934
-299.709226 519.870995 1149.434932
232.438778 -553.229206 234.460287
-277.180024 -532.421733 2129.850314
-501.465557 328.972997 518.824622
-596.176443 -67.106881 1697.964755
98.536347 -591.930306 1317.511995
546.531272 -248.024107 494.582633
462.281676 381.864075 907.366800
-561.134766 -212.475886 1039.569959
-565.921776 -200.182925 1283.155467
453.396698 -392.402991 695.958877
82.074826 -594.075671 1466.173372
598.695130 36.094303 1547.290327
-245.697176 -547.014662 777.545807
-558.269294 -218.822255 900.854480
106.458384 -591.221323 641.723042
-12.849671 -599.926249 911.514549
-230.605156 -553.729389 2022.622478
557.781584 221.851186 1741.312175
600.232165 5.882446 554.234072
-593.801608 -88.225020 1551.300871
-518.196511 301.495304 549.588674
-389.910355 -456.087372 434.068199
-377.789103 466.406766 1802.080573
403.293534 -444.123027 240.708183
-375.060883 468.069839 471.650325
52.975277 -597.823575 1900.440031
592.389598 94.930125 673.559354
588.391337 -118.717874 1518.754427
521.780430 296.296297 1045.961315
-409.820361 -438.385031 723.408778
427.168132 421.099081 531.709594
51.343031 597.770153 504.911548
-164.973226 576.697989 554.631248
599.882563 2.157004 1729.070041
-188.164084 569.836755 595.260585
453.591850 -392.798057 118.471309
222.327793 557.077834 613.974479
240.648541 -549.282112 2141.608330
-186.316862 570.332404 949.855124
479.436073 -361.383125 67.296105
-423.805101 -424.490130 510.829052
526.506192 288.230348 1040.857815
438.319992 409.356721 1204.221123
-521.578190 296.371024 1244.466304
197.122804 -566.819361 2035.117351
465.027503 -379.354250 1524.390915
-423.464742 -425.608407 635.351487
-196.090814 566.909016 1256.232511
-555.636719 226.574579 231.242824
402.431726 -445.440207 1179.532184
184.546281 -570.791756 755.740761
-576.432991 -166.486710 1192.391959
282.933405 -529.033563 107.246256
-216.281273 -559.259048 1.081875
273.993452 -533.558968 710.051250
-382.949365 -462.059948 1154.915844
-450.923236 -395.614723 395.911275
492.225617 343.567601 935.942731
526.584584 288.553626 2070.765312
-338.664010 495.517973 36.950897
-445.536377 401.744256 412.862756
585.257480 130.447670 509.361438
117.987023 -588.631522 1728.704003
69.569578 -596.141793 442.578705
-309.162467 514.060271 1255.096403
-547.836003 245.078823 439.305297
-550.852473 -237.755920 2081.973353
336.649460 496.643026 427.711261
-513.368159 310.921411 356.316417
102.495616 -591.172995 887.683397
-453.029344 -393.632735 150.836283
317.641524 -508.501196 1559.010109
-396.508323 -450.601421 1520.318345
593.189451 90.431909 541.292806
-473.410605 368.459217 1008.436760
574.037121 -175.938660 68.533960
-544.981430 251.589281 1280.815232
589.140390 114.550529 963.669832
-153.933449 580.247085 115.027757
-224.028658 556.665988 115.241460
-334.774255 -498.103433 104.078401
-569.813115 -186.686112 1411.387142
104.363921 -591.272132 851.273054
-46.919347 -597.755573 1191.200743
-536.702923 268.446412 556.132365
-391.001947 455.543595 629.948082
-181.775503 -571.380996 514.475940
-570.456376 185.713319 587.081204
-592.053617 98.083225 1634.738676
-258.947670 541.335263 1915.508068
134.992982 584.142702 1682.657134
497.678475 334.672946 138.282489
-295.815319 521.803036 1901.939715
-471.371143 371.565739 1528.827745
-496.111806 336.938794 1390.460232
-121.718493 -587.331471 1975.851660
-141.878057 -582.878920 593.170106
-599.798296 -18.241938 2105.898253
-506.486388 321.073748 1894.439296
-458.762644 -386.518867 855.545349
525.501649 290.408774 639.035405
-160.497538 -578.321695 662.848625
234.126728 552.889668 105.383013
598.683259 -34.001660 549.860175
-401.021011 446.145904 2109.786609
541.836979 257.820593 1310.667337
-243.736473 -548.995229 343.064075
-596.416132 -60.637376 736.535108
580.457793 -150.111914 633.790427
-309.802127 513.596306 1976.129054
595.661678 -70.125060 1466.725581
-390.361120 455.519609 913.610564
-522.405845 -294.851411 1369.794998
23.100530 -599.837823 1250.790749
594.406466 78.381363 1497.043397
-391.415159 -455.266369 1327.643460
536.938632 -267.756450 73.626770
-597.922613 52.384380 2024.381148
435.733745 -412.321710 554.977759
-543.319174 253.256373 989.657513
161.355538 578.196489 1668.312558
579.181946 -157.530425 640.399453
436.397778 -412.773617 65.653476
-171.158853 -575.239152 1518.713946
419.611936 -429.361293 392.655221
-10.940830 -600.211406 740.499891
249.553952 545.767127 1440.859558
-91.233409 -593.127221 1041.001741
-378.507552 465.028152 390.350506
591.948866 -100.476816 193.675780
-599.821872 6.457803 326.249305
-454.281167 -392.112152 1107.097011
368.241224 473.564927 982.942988
489.449848 346.563638 1159.294863
594.606033 -77.706679 1958.319851
318.134389 -508.473679 1977.308689
-541.717007 -257.508778 1274.283234
121.977623 -586.938029 123.530287
-589.179405 111.496351 1152.235012
-414.843657 -433.987417 1576.961380
510.663620 315.496554 2196.306090
597.033622 -63.246989 741.019055
-295.381224 -521.571467 1483.999024
-343.449934 -491.182148 307.584893
411.989038 435.298633 589.391946
425.678195 -423.166781 1774.380355
508.632615 -319.406761 1923.443512
109.393447 -589.697892 2032.554583
-520.538081 -298.593645 1792.117968
507.849597 -319.635632 1386.090499
-596.355557 65.836131 771.602262
-338.248209 495.710535 890.334072
-584.382701 136.031098 1360.408639
-580.690632 -151.679318 702.482889
-502.272825 329.317045 1063.034284
595.635436 -68.609301 292.473055
253.098067 543.877403 190.291491
482.124400 357.274180 1953.568970
204.528896 564.479979 1931.241064
-331.462102 -499.416808 1243.323199
-476.122345 364.857821 2177.123591
-535.906869 -270.318448 1807.291921
454.129365 -391.727530 2161.481122
90.694261 593.216845 877.133892
595.891205 74.208580 1693.828507
-396.538781 -450.228946 349.324045
-598.659486 37.833038 1994.137088
-366.233370 -475.323172 316.272633
516.196670 306.217019 230.646175
-306.910758 515.632428 739.782243
592.519989 -92.988009 1856.749160
599.928248 3.708528 2134.331800
-462.688883 -382.252109 873.176870
-474.047733 -367.588744 1718.571383
-540.621622 260.439959 1135.646248
-566.870865 -196.618252 1067.238592
428.536859 419.298378 109.292788
-431.906927 -416.578203 2001.509319
-244.869835 547.818188 2058.249683
-209.333190 562.344619 2076.747452
-388.523772 -457.775488 1611.728994
332.231686 -499.259225 898.778499
501.444249 329.879006 2055.145001
-302.052105 518.065193 1070.343092
-520.776023 -297.988470 2107.382478
-416.797655 432.039550 961.122437
-513.529257 -310.329631 599.183740
595.631301 69.969403 708.422501
599.703426 7.825717 566.164114
-581.527290 147.610812 203.477196
24.578940 599.563762 742.549157
-37.734409 599.000469 411.427108
-133.385257 585.410430 1929.546771
381.159798 -463.502144 1096.832509
487.316142 -350.667097 207.035772
431.884765 416.521601 156.571875
284.616910 -528.151911 683.216913
-106.430295 590.102920 1036.991474
70.057950 -595.835673 762.636830
552.792969 234.774292 1683.895149
599.335693 -17.258552 1959.235000
119.849609 588.246197 1314.205855
-64.273590 -596.878621 5.267338
597.423916 58.033261 2121.282716
-536.196432 -270.321013 666.704377
-598.954153 -36.162110 1170.838481
541.319131 -258.492739 539.154360
79.359917 -594.249277 2101.721443
-591.948942 -96.719403 1022.604104
-328.863356 -501.405163 1655.445794
-95.241468 -592.286592 2174.807412
382.265443 -462.203422 346.988242
-401.935972 445.466264 1028.588852
-546.733051 -247.438339 1284.243141
-221.970200 -557.373326 1126.866029
529.318897 282.366118 692.885589
562.046832 210.495954 1287.866661
289.311394 525.647930 1711.944837
-297.174922 521.601839 899.798372
-187.264416 -569.908914 126.416973
14.238519 599.442265 1772.997809
-317.734442 508.622786 121.922454
439.850020 -407.694621 1500.565585
301.595599 519.205382 708.386932
-599.097306 26.182604 265.654153
425.193889 423.350958 294.639110
263.947922 -538.924986 732.837043
-586.532829 -124.676505 1308.893369
-265.847411 537.650947 1277.831473
-382.281730 -462.366582 842.069849
384.228618 461.078208 1986.792876
-510.087759 -316.385922 1307.490433
-258.106611 541.092750 1315.180683
-12.356683 600.084412 862.010821
-581.101466 149.250306 1415.665690
599.534111 -18.611541 920.939393
318.427361 508.697877 1723.491294
-599.521773 21.488393 2055.913148
-571.792985 -182.782679 230.031367
-336.376770 496.662154 773.267925
32.605983 -599.205359 1067.056891
532.119549 -277.138542 1398.378497
-594.619353 76.756420 1266.239530
-587.891448 -121.475773 2017.789387
-345.514638 -491.005407 68.944584
535.167142 271.282077 1416.268091
597.757873 49.932023 1570.731287
-432.216841 -416.805951 889.760864
-142.000822 582.806816 1473.592984
-540.399588 260.975753 258.742153
474.470962 367.112011 1805.804332
320.338881 507.005332 488.956532
140.316504 583.318642 1103.787742
-67.001945 -596.591553 1973.962278
548.078929 -243.035662 425.877042
-554.362446 230.784302 949.083945
587.199264 -123.783978 1468.571844
144.468129 582.391540 1577.256649
-480.241791 358.628939 1042.047949
524.606352 291.945519 891.639945
599.985463 6.050959 1998.701262
-397.724122 448.762882 227.469405
31.470962 599.213800 1439.678015
-289.558145 525.071234 1262.479892
-325.119271 -504.647426 2011.787886
556.992180 -222.687286 1497.234836
-143.329417 -582.527989 1859.110022
-71.432535 596.312577 1896.918814
-136.277971 -584.957281 1121.801101
443.217511 404.414045 1032.394485
179.491983 572.393041 531.513487
-332.850136 498.748652 1252.806307
381.354754 462.887382 243.864316
489.116533 347.438128 1959.793868
-108.960183 589.880923 1318.778827
105.428535 590.553990 624.991781
-337.981877 496.119419 1310.868548
133.521227 -584.651834 236.600954
121.432385 587.681831 2167.581610
-410.412341 437.354182 1543.957539
-511.051205 313.688410 1773.963751
422.483101 -425.766794 1605.745424
-123.910263 -586.815265 368.604615
587.487472 121.746415 1093.556434
-599.822037 12.248085 1204.169946
-94.739852 592.073439 1814.747545
-390.014325 456.142290 712.778611
-538.009942 266.019676 1647.309179
597.910592 -48.294240 452.487368
-182.343861 571.580029 1237.296244
-488.519203 347.718290 1917.844688
-40.027614 -598.601687 1367.859270
597.533846 52.593017 1072.702828
-306.259224 -516.327086 496.730886
-69.066217 -595.790636 2123.125235
-558.191317 -220.152342 792.653640
-42.678888 -598.620007 1701.792295
-198.354475 -566.548304 1152.969849
118.917058 -587.919831 1249.807021
522.191342 -296.438374 1418.893798
-76.673568 595.298862 76.100700
-599.204691 -42.166649 94.002691
163.801036 -577.242167 279.424518
27.145964 -599.615616 1811.340786
-271.444356 -535.105515 1998.849048
-165.219071 576.392397 238.657616
-568.291648 -192.464694 299.173447
-103.204850 590.866556 296.723082
2.936545 600.276885 243.421753
-511.464414 313.455398 935.659729
235.150039 552.247319 2024.774370
490.172095 -346.437583 1117.524514
296.202297 -521.418919 1586.750228
375.214241 -467.641788 580.581551
-523.156985 -293.932769 46.637896
-440.475117 407.688936 549.610611
-136.071524 584.383563 364.667812
256.592502 542.190533 2129.390594
289.087422 -525.877432 1865.802873
-596.647312 -67.592558 1447.831082
-532.615694 -276.479990 1803.721947
-421.568994 427.319410 1839.573226
-178.246640 -573.069406 1599.137534
374.953304 468.345705 1585.981732
-447.430165 -400.384556 1786.390013
555.394305 -226.540840 86.400637
-538.319251 264.416508 1347.038505
-553.389398 -232.026824 2115.470475
194.907737 567.590216 2027.241685
-310.265575 513.474880 413.657021
-122.621142 587.121670 1771.628820
-268.846960 536.540958 1080.340043
-258.174161 -541.886069 867.645645
140.216668 583.302561 1847.044183
-563.244303 207.535725 660.460897
566.553068 -195.997770 1540.910884
375.847902 467.469634 830.330158
-596.182710 66.820565 418.630630
506.682108 -322.582081 1300.257758
420.855620 427.651954 120.319776
548.052455 -243.386159 1198.987792
82.501720 594.649777 1443.702733
-116.681646 588.259519 1121.702569
-488.300772 -347.476591 411.648547
-588.977573 -113.568153 2060.815918
572.147571 -180.724832 104.928033
-566.124664 -197.850221 1753.001048
-573.980089 -175.079160 1021.826756
-433.602484 -414.655878 2152.087376
274.376556 533.259072 526.003788
46.832440 598.044521 1024.369392
442.269706 -405.246425 804.300203
-307.745511 514.753796 2074.163076
267.235180 537.353491 1456.239071
551.352988 237.433743 1637.508709
587.086028 123.628685 884.249386
431.753436 -417.149818 372.193465
-496.603674 336.998386 460.881173
-551.195890 -237.519178 1042.949634
304.558594 -517.133258 1083.330790
513.762284 -309.821185 1613.410401
-519.992225 -298.572475 399.030754
470.010740 372.871630 1704.584262
539.236536 262.899569 492.763381
-54.358600 -598.033468 1347.519650
-538.965716 263.157773 2137.080231
-449.180951 -397.829266 382.921251
-434.209292 413.424602 1875.168849
-537.636670 266.614633 1145.664724
351.331334 486.463553 1771.434166
599.832289 16.052181 985.636152
594.948472 73.328417 1637.570161
-13.679216 600.102675 384.554998
410.911489 437.323846 1990.245317
-564.961874 201.970571 1427.406608
-13.646230 599.788261 923.129457
120.411542 587.954490 1603.459792
-64.520641 596.533880 249.610120
-212.389367 560.501201 1462.324910
152.848158 -580.421281 272.074564
-181.467431 -571.793027 1913.036966
542.965091 -255.383045 1394.999218
470.405722 -372.047383 1646.759738
-167.487795 576.045190 1891.818474
523.466658 294.426186 843.176499
74.712346 595.631390 150.306681
588.840938 -116.567734 1056.893177
583.179513 142.500686 566.298503
-144.787602 -582.127218 859.717098
422.767442 425.683694 869.821690
-34.911608 598.883990 1748.668473
289.450034 525.777865 113.759316
510.560819 315.758043 1449.316082
479.506948 359.809004 1964.639749
-571.408844 -183.259876 196.409348
-599.587197 -11.534490 20.473219
-450.538257 -396.481077 1231.497480
-548.787083 241.897699 1453.373464
-21.694471 599.776393 1752.713405
-191.062154 -568.792209 1763.943643
-589.303429 -110.395471 1064.688175
528.829108 -282.072842 1721.304625
-598.455003 -48.051838 234.957601
-469.569431 -373.748506 424.642131
286.390965 527.565682 1698.369208
-600.065293 15.747787 433.546191
596.823390 -65.662932 1153.456689
-577.949063 161.108962 295.399264
513.907865 -309.583909 930.380796
-599.459678 -22.031644 400.740216
560.282032 -215.216595 101.625475
477.209954 363.001321 493.052222
578.616948 -160.047886 429.829452
-228.265114 555.542365 1576.163570
553.729460 231.386933 1100.565485
531.781709 -278.479298 2127.659782
231.457715 553.533074 342.013721
592.428118 -94.040012 1916.524466
-597.302059 -62.724392 1479.026075
583.663451 -141.774209 249.457485
4.294545 -600.125660 1929.239070
-570.605220 -185.860415 557.398531
-384.478302 460.643104 1882.484324
345.059288 490.225080 841.068065
-497.023662 336.087929 510.732020
-538.052985 264.830846 142.236250
312.175076 512.561321 252.591948
24.264873 599.412488 57.604032
-429.631575 418.726877 1858.025638
-493.543067 340.846143 1775.222744
597.981100 -40.519642 1284.625576
-578.999613 156.638696 1644.250274
-600.267443 -15.836676 542.734924
-335.164953 498.227348 298.941651
558.478182 217.996284 360.215547
-476.464947 365.032981 2132.759641
-594.430512 81.096862 680.052875
536.935709 -269.331461 349.619553
162.567732 577.674628 1657.705506
-20.712522 599.751702 832.751469
-352.477124 -485.451492 1370.311497
-161.675226 577.489840 424.205623
-153.984489 579.997164 1629.859671
-266.166224 537.815592 2038.433237
-371.375260 470.823246 2092.177423
-377.240194 466.850678 1088.948888
428.236036 -419.976628 806.246773
-422.225107 -426.094905 885.359440
557.119195 222.648573 308.308217
-103.468294 -591.291108 81.730501
286.744838 -527.284331 906.399330
-542.804049 255.505972 175.843751
213.131995 560.636447 1721.781909
-1.239252 599.982507 1570.782353
533.798865 274.110556 1749.547891
-543.364458 255.701517 198.341856
599.084565 26.333524 232.622099
411.954534 436.238787 123.843809
580.619410 151.787646 81.472968
500.817339 -330.853671 443.534376
-401.320471 445.635278 1552.269114
-553.402876 233.203752 645.171021
579.107357 156.353948 185.916389
-579.935810 154.465246 700.607009
599.821878 2.498610 1938.769729
319.321831 -507.740560 11.438582
591.831038 96.376471 2077.803459
583.910988 -138.507433 1416.959773
-274.847270 -533.117203 812.088585
599.676506 25.437930 1135.595460
-590.099232 -111.137733 230.252648
290.897177 -524.951105 1691.692437
425.210838 -422.497949 2101.528614
539.264930 263.775141 1867.705271
599.717211 -18.203181 1511.378981
51.515900 598.158036 1721.719302
-487.049859 -350.486144 1325.440921
-313.330008 -511.241479 1070.969469
-337.591911 -496.442049 155.297834
508.222456 -318.561261 1833.629519
599.262374 -33.231036 632.152208
-558.153956 -219.232650 122.555063
-295.775350 522.030960 504.178356
600.028224 -6.021668 1549.614385
146.644088 -581.655496 326.772674
487.758549 -349.963024 765.320147
-599.325502 21.750664 1013.408628
-555.382429 -227.738843 863.313899
-447.907565 399.954234 2063.115723
416.050946 432.068392 1985.620060
242.835034 548.713353 1442.009628
-577.287775 -164.149575 1996.245787
-98.554974 591.988099 1038.337678
-86.531060 -593.558483 1153.389102
-273.747299 -533.675406 1692.943299
-496.249482 336.992474 1127.414972
560.240135 -216.746051 874.568058
574.921801 -171.290371 295.137560
-321.496696 507.025664 651.703230
198.377234 565.899853 191.213108
571.170270 -184.857570 1120.201948
85.386155 593.744838 1686.226613
-538.096613 265.017616 120.410063
451.451088 -395.373796 176.742872
119.803091 587.601357 1041.009926
574.062065 -173.626996 765.260440
-42.447556 -598.562747 44.058203
-599.427783 27.829221 340.597266
143.689085 -582.460648 755.832385
153.854106 580.355817 31.042546
30.394750 599.384186 562.675530
8.167986 599.649235 1656.267412
-478.468003 361.899155 1606.782719
-521.348389 -296.638143 1083.643488
361.137061 479.008842 1072.502662
599.784498 -16.796479 1911.248137
-500.464824 331.392000 2143.526034
599.922884 7.870363 442.913426
-570.331509 -187.701814 537.616634
323.447531 -505.316210 1914.902795
595.976044 73.784474 1544.401925
570.108630 186.709043 2191.455641
-239.330565 549.827651 2088.870793
-521.087937 -297.256798 1127.808838
-62.021583 596.587346 1179.965586
-447.655486 -399.770870 1257.375764
470.060479 373.409813 994.698933
100.430863 591.459509 363.499337
279.972334 -530.690575 1498.727603
-117.025543 588.099746 363.174530
569.103513 -188.978778 425.537100
463.728684 -381.605507 380.636650
149.844627 581.528062 405.824043
378.137982 466.557514 5.875133
557.915653 219.269338 1500.902522
464.370630 -379.797437 621.678572
226.155876 555.621357 1198.781244
-446.962577 -400.291301 2099.017118
-598.114975 -53.321299 677.436607
-208.260241 -562.477876 2158.614812
-554.362073 -229.987424 651.710639
-592.347210 -96.112197 2074.680917
546.362949 248.193041 929.031788
32.260028 599.393696 1428.638654
-339.911595 494.682598 274.022745
-393.933935 452.688033 1601.287940
164.878489 576.806511 2123.745657
212.789609 560.970944 370.901454
-343.281713 492.209063 287.322410
220.737433 -557.553121 164.506899
415.623102 -432.297674 589.029823
-98.635714 -592.120620 703.272696
215.890935 -559.139971 1528.038073
-253.060181 544.274884 1945.040158
-544.541478 -252.951206 83.973496
14.762670 -599.734382 957.433645
-573.668028 -176.981433 2030.624360
-164.389903 577.246022 1618.669968
-92.441678 -592.727840 1243.533789
-508.746348 318.810242 1670.819656
-320.005405 -507.240553 1776.991365
590.035950 107.429437 953.394488
-559.545356 -216.725341 407.881686
-149.492376 -581.650171 1878.032785
261.117404 -540.432315 2067.215619
-581.440081 -149.534194 1027.080902
-414.875255 433.158644 2129.339488
336.394787 496.605010 248.679900
-334.547672 498.479055 160.158198
501.864911 -328.457939 1202.996891
399.336157 447.929531 193.983774
267.803471 537.489302 601.741821
-1.562238 600.447107 631.044266
-512.279379 312.389091 1573.083111
64.023182 -596.577923 257.379423
67.886790 -596.239863 1890.365978
575.880039 169.013130 1037.817849
-27.830542 599.284341 319.232304
-55.420110 597.422359 1167.153455
419.163075 429.746771 2031.439309
-178.852832 572.855597 1128.065731
396.614395 -450.169831 1928.545899
-428.992174 419.767809 1140.454257
-373.848013 470.092061 1626.855732
475.888915 365.523199 472.864492
593.235001 -88.073047 166.820232
467.769604 -375.126992 482.787326
-27.222347 -599.976991 1561.199359
-497.883018 -335.772605 876.736945
598.983415 38.336097 1579.352978
-198.912033 566.035887 1221.715195
-194.199809 -567.919881 1576.006607
-399.887649 447.471738 460.327829
-123.983510 -587.242788 587.014898
211.484099 561.441130 1828.582549
149.208834 -581.120857 412.997835
568.486561 -190.399581 441.397916
427.514886 421.586702 1151.828646
-434.602559 413.563046 675.146474
-573.840282 -174.662819 2025.364790
-598.380142 -46.382014 178.791223
570.660173 -184.632064 46.262159
-62.566673 597.328904 19.954726
171.609982 -574.880012 1049.913921
-408.116898 -440.243633 884.749723
592.736149 -90.517452 1863.334124
-122.305234 -587.458778 75.298973
190.739659 -568.767614 1694.305556
151.609775 580.717211 1308.756309
389.981894 -456.403837 770.177596
396.681654 -449.097736 1199.542065
-384.143375 461.365179 485.503442
-584.819637 135.297896 241.179173
588.929358 -115.757674 1222.892347
-526.502113 -287.171448 2057.871950
-342.950662 -492.165069 382.311697
124.070893 587.188931 297.342055
-577.911466 159.652034 1269.505235
588.404021 117.780766 1967.065889
-322.714078 -506.038562 265.022839
577.377447 163.215337 2075.547848
-309.885503 -513.472934 1274.186810
231.462346 -553.529153 1937.570633
-158.764832 578.241517 2076.442301
-14.158437 599.836387 1611.833866
464.895275 -379.942949 755.088042
-398.137795 -449.835594 1343.083510
552.026965 235.753263 86.990813
466.770130 -376.075323 699.117796
428.618591 -419.677110 1169.873219
-517.183320 305.065879 918.346103
-34.197430 598.803789 1131.436975
272.278169 534.974302 234.329458
-502.160163 327.378503 1654.863654
411.824577 -436.110537 1908.246105
503.935209 325.335417 2125.186212
520.091603 -299.856766 1786.517796
370.268105 -472.381788 1406.669607
400.840486 446.752823 47.328767
332.676610 -499.150816 1214.212315
581.743918 -145.931457 620.171120
213.812509 -560.235614 2038.209820
-57.675297 597.362064 809.916082
-524.727505 -292.159329 1150.304891
125.080521 -586.999387 942.627985
560.464122 -214.305936 200.053170
-516.695231 -304.665175 1803.099188
264.520590 538.438243 1559.667243
597.595398 58.155351 567.959224
-568.159104 -192.281174 1325.750199
220.522894 -558.045632 197.790444
-475.297136 366.784567 382.998853
568.583998 193.709199 845.019800
513.959893 308.985722 11.079606
89.330360 592.835599 146.040419
599.330840 11.126432 961.248244
526.376481 -286.822855 258.417361
-255.274208 -542.354438 479.349362
-420.971607 427.355096 490.744732
-55.344495 597.912819 431.836745
157.687372 578.968708 1758.821007
200.086192 -565.339517 1465.400417
-475.959102 365.967617 1241.341599
557.909852 220.617099 2107.823988
-497.198114 335.550289 1597.973177
-429.390908 419.881483 341.438144
460.172512 385.464482 287.351560
2.010232 -600.002610 1524.015455
576.781023 167.691095 47.457664
-543.715570 -253.491539 834.401817
-239.665042 550.226901 357.351749
-202.094997 -564.546133 1099.739531
-281.651202 -529.640398 84.779200
-299.743387 -520.544804 521.036924
-328.338935 502.461339 1454.567832
-61.219109 -596.350588 1852.115861
561.087890 -212.333249 54.254363
-144.895229 -581.877014 712.367294
-422.976449 -425.103516 1872.614984
-547.210993 246.931247 1626.577981
-271.489747 535.614262 124.942858
214.179954 -560.267432 91.339170
432.022493 416.808282 1703.594258
-172.501462 574.511201 356.884855
527.131750 286.656439 1899.788920
599.978187 11.960668 1746.812992
477.358602 363.214231 538.083335
599.864811 5.216877 506.594174
-63.630633 -596.518796 1620.613848
207.718493 -563.123299 2017.361391
-459.116312 386.508547 1588.138119
234.736941 552.120512 1845.690898
-92.088314 -592.749155 1447.810716
-61.063791 -596.872468 1628.923667
517.982306 -303.358510 2102.460256
438.958641 -409.297232 2148.453324
-349.592589 487.814585 240.048899
-527.321896 -287.180314 223.816164
586.690803 -124.616753 2176.776105
102.384589 591.333280 399.991729
-548.997033 -242.229006 290.533985
141.027616 582.826894 1427.512528
294.263423 523.468845 567.181840
-41.518189 598.577147 1167.373365
-239.459453 550.145078 1432.213615
136.455199 584.081613 814.889422
426.611795 421.866659 281.894412
599.229917 -31.793851 2086.260016
-472.490445 -369.639771 1957.142822
-126.800154 -586.676104 1535.033070
-3.261527 -599.586680 2110.614618
277.802967 -531.893307 1060.156014
-599.291545 30.321356 1733.968272
561.131526 212.440395 427.310560
-327.930753 502.822161 750.131373
507.224554 -320.742345 1312.026098
586.984084 123.542415 717.553131
94.794420 -592.263789 1140.766778
582.399438 145.081036 1640.578306
353.682031 -484.571310 884.494016
-589.797399 109.733565 428.675833
134.026848 -584.498661 1039.775111
-294.513330 -523.044353 1565.718126
480.802445 -359.012547 1630.728853
533.323176 -275.709743 777.371129
-426.470850 -422.191460 1622.424720
-496.087556 336.868900 1641.667759
-283.410820 -529.108294 666.043705
307.137942 -515.842812 1648.853816
-178.650094 -573.137584 1926.036887
-588.316264 -118.633198 1177.792243
83.699903 594.145581 1010.385388
599.755232 25.051806 1487.476299
-599.777107 -2.673935 911.517921
78.161468 -594.413989 1555.905414
136.117088 -583.908665 1128.280084
-583.292838 -142.525909 1862.010873
473.636752 368.607776 1250.015374
-265.666703 -537.544450 1229.645801
-39.953143 599.083694 1231.945567
308.932299 -514.886027 1494.952522
104.518243 591.427786 1326.906393
288.231548 -525.918553 1902.518685
507.382872 319.668135 297.255763
311.193314 513.069404 739.513677
-84.749821 594.292805 592.026312
226.525631 -555.162165 964.342340
-41.598322 598.735771 974.171196
76.565368 595.241412 51.121382
74.719605 -595.083336 2153.525947
-506.462312 321.275553 456.340377
530.188545 -281.033027 2034.211360
-348.531403 488.131367 1455.782919
-138.433367 583.656201 2176.235376
-457.931008 387.086842 412.367861
-262.729388 539.313189 1866.592630
-135.370181 -584.694280 1026.208245
525.604940 290.094037 67.747150
460.546013 -384.637130 1049.746510
-498.278247 334.605241 211.859853
-62.811051 596.334981 1839.732396
-296.102488 521.761383 1314.393240
318.908930 507.877337 1476.986657
-480.618729 -359.004945 240.225133
-538.643047 -263.121556 1196.303607
126.893863 586.787900 474.321833
-258.156907 541.782826 1054.170538
400.877780 -446.684940 82.488484
60.176824 -596.624328 547.245895
-190.556366 -568.247560 274.267886
-448.786928 -397.900741 1859.116976
-304.392303 -517.190756 646.942474
-310.018370 514.041930 1001.109883
570.999227 -185.415627 90.957287
-24.184125 599.740103 1904.055675
-543.777132 -254.586808 316.318280
335.446157 -497.738529 8.322652
-555.889523 -224.040541 710.022137
-502.232835 -327.885482 993.872167
552.577752 -233.966628 740.993633
-503.584754 -326.616021 2112.264761
-156.599142 -579.591028 1719.248245
-587.527424 121.581190 1227.659485
599.066872 32.788248 1110.068865
-577.028512 -162.968453 1759.645016
-216.796222 -559.721793 885.130423
347.153502 -488.827976 375.395680
-599.933798 -14.406303 2178.532116
582.618539 144.708561 440.821163
9.604925 599.697895 102.225360
576.340232 166.688326 993.951977
165.051988 -576.468936 665.939251
493.506225 342.065893 1343.983876
-272.681434 534.454715 292.947135
-561.826440 211.672323 1853.839287
199.817833 565.650016 1227.949113
-321.266344 507.335498 388.994993
-356.015503 -482.716736 970.261871
-576.020715 169.031724 1195.689610
-515.225265 307.657551 713.394403
-404.427542 -443.459149 186.499678
199.062845 -565.934060 1195.366659
-13.417059 -599.584265 1210.071689
278.000166 531.788965 1278.772503
-494.163785 -339.488598 1687.213935
-597.520157 52.719129 298.632869
553.386950 231.018502 1026.039398
300.733014 -518.517873 2162.737962
-426.334614 -422.326939 711.465504
167.918097 575.871459 932.570479
-106.035766 -590.805708 1513.078903
340.658542 -493.835493 17.887030
-118.049167 -588.631884 719.010003
-491.917637 -343.092364 1191.906987
180.439895 -572.174148 1073.743834
-218.407994 558.836060 1959.726727
-163.055422 577.325226 1246.842588
399.241081 -447.722411 1980.507096
538.872448 -264.033560 2166.851272
-598.581175 43.430253 970.396788
-228.741735 -555.041142 2179.114075
-579.474960 -154.118333 395.155748
266.634432 -537.593924 8.216488
-486.404019 350.348143 1239.081690
-418.628611 429.821667 289.819822
539.191891 264.164578 335.884903
502.841624 327.274376 221.437797
-598.231926 -44.125455 1730.614704
-297.431477 -520.999618 696.877247
-135.711765 584.195585 1224.950415
171.629959 -574.519132 1889.392898
567.441874 -195.812165 202.943264
547.758486 245.332782 13.800436
405.222713 -442.237872 1087.689798
517.879777 -302.805927 885.336896
-238.172399 -550.838058 1353.813619
-599.542077 -0.336390 1914.230551
368.974154 472.597907 1118.967406
-354.532026 -484.138267 2029.213529
-591.619001 -101.131226 273.217615
205.850045 -563.529218 1635.892324
113.349578 589.105636 1287.734230
-444.894553 -401.795483 1005.901369
-557.520849 221.681916 819.467479
-239.115875 -550.599399 1880.723616
157.170110 579.051950 429.424843
435.456898 -412.450753 521.769031
485.695871 -352.757714 1364.534993
-341.393234 -493.337462 1546.570717
387.653065 458.973133 1805.332813
576.820221 164.783252 2083.342810
-182.009735 571.558604 1986.181877
-228.791797 555.087268 1022.174849
-271.749555 -534.833560 522.349644
593.011211 -85.674108 92.981161
410.223813 -437.879130 1020.357686
-18.197102 599.320714 189.262283
-324.667650 -504.661013 649.432844
-151.443028 -581.129383 266.031164
156.172716 579.189799 73.719067
-125.765181 586.524705 704.001994
178.257342 -573.046356 1699.010882
501.823575 -328.208212 1576.750275
575.200470 -171.525625 1552.259979
422.443640 -426.471181 1435.965036
532.690271 276.372811 1072.448971
-202.628466 -565.438063 2145.925593
543.371610 -253.701459 9.620666
268.104067 537.149561 745.067747
-479.786857 -360.325483 939.852160
214.211210 560.529411 58.244973
-596.034934 71.834443 1975.432521
596.243147 -68.693386 125.653800
593.885067 84.541749 1847.979630
575.149247 -172.119001 1182.968617
338.863640 -495.244527 1862.229453
43.857932 598.498894 475.861462
-135.012066 -584.691429 706.978748
432.308509 415.850526 497.807634
325.581587 -504.723552 1942.409794
580.281727 -155.431497 1700.551485
115.841279 -588.414008 1983.502679
-54.342274 597.803925 63.713327
-114.697262 589.117201 1056.818203
-505.889404 -322.076287 1791.933080
-465.467326 379.442706 385.644952
-599.400968 -20.345409 410.362024
407.354098 -439.744965 1877.542144
290.951088 524.325206 1234.718561
27.483893 599.358960 1500.781630
553.514890 -232.113242 1176.644780
502.172668 327.993107 1488.507399
301.561434 518.955444 847.036064
-542.345370 -256.956424 87.938326
-513.467368 -310.023188 2194.154911
92.282190 -592.805379 1960.021975
69.201046 595.783067 1773.231496
597.928523 44.304120 513.333218
551.759064 -235.446190 207.012787
-570.464320 187.299368 1152.839828
376.835235 -466.977557 476.256835
-503.560445 326.054672 804.676507
599.986554 -9.354751 827.220068
-371.982735 470.607470 1066.293023
-167.012379 -576.393176 1159.645687
237.086717 550.934460 12.824552
-176.949573 573.438607 481.943009
-492.555546 -342.897037 10.811092
-571.111079 184.681872 811.554943
280.812271 -529.614096 377.260146
60.768744 596.556177 50.625338
490.560189 345.190208 1213.441621
266.724216 -537.717247 1552.262340
-500.758086 -330.864240 123.702520
82.215322 594.290048 1101.012089
-595.252026 -72.118661 2114.529734
190.890185 568.655067 1210.235665
-39.904768 598.983019 937.988350
481.551936 -357.893100 1540.519682
435.636874 412.545585 50.065089
503.407896 326.502330 188.555868
-358.843696 -480.543376 1546.695014
-592.455136 94.965878 378.704268
-53.932911 597.647564 697.321507
-599.773296 -15.405097 2106.409727
252.292290 -544.708262 1283.820924
-461.650797 383.060978 162.680648
267.135286 -536.840604 1082.507686
176.642042 573.993079 1807.765885
-598.878406 -31.386774 411.439150
595.392008 -77.422109 908.269538
155.318319 -579.190162 868.816589
442.247637 405.763719 1335.485017
-142.149514 582.816740 1233.100352
504.776090 324.227075 1753.372281
600.214409 11.470139 828.874929
-87.960698 593.698976 979.761255
26.159881 599.522610 300.132703
-244.433078 547.232652 625.130602
-9.879928 600.308769 1090.275181
438.705329 -408.929779 1850.366158
195.212476 567.122592 1624.359635
-261.918334 -539.963195 712.546383
205.977733 -563.355872 1890.079666
-597.348556 -53.822738 556.985988
365.930729 -475.269675 986.548981
528.473519 285.100855 181.959250
-156.207113 -579.407005 868.961245
-587.832221 121.760934 241.634862
588.903436 111.927998 907.535538
-241.985516 549.207304 2003.723936
589.355381 113.362557 1220.942760
536.880958 -267.406267 1976.850371
592.678199 91.431083 505.453113
511.079616 -314.961010 1239.702421
-116.969493 -588.457080 69.533387
-432.304113 -416.296039 569.247251
486.924241 -350.044444 2118.455117
-464.885384 379.201151 1482.650027
-581.335635 149.898595 486.904548
-439.316848 408.133725 1982.448056
462.450551 382.199706 1685.473703
-98.702779 -591.283063 508.025997
46.047042 -598.670818 619.423127
388.609578 457.616043 1166.535281
101.498769 -591.163978 309.962408
139.418849 583.133495 1710.181614
-596.503667 65.725894 156.646353
-226.587346 555.411786 691.801249
-346.025741 -490.210898 834.113353
68.105317 -596.399869 459.404940
-385.167710 460.023317 1361.293707
379.602887 -464.294909 576.108475
-228.322537 -555.179746 1229.834657
28.450516 598.852508 1458.862490
-471.769523 370.716972 695.623914
-448.479991 -398.877424 947.486535
581.478106 -148.881835 1965.597644
-319.213115 508.033051 1380.504545
-548.926877 242.692512 1115.279216
-588.505853 118.860977 1300.276242
592.983439 -87.113706 977.143177
196.350943 567.032050 593.314433
369.392739 472.459250 480.280474
-469.161580 -373.913836 1279.652363
272.485889 -534.171822 1497.540506
-377.361988 -466.958614 813.553621
-388.237586 -457.670212 2009.818881
-380.198866 -464.077562 2074.916467
-453.678140 -392.988956 162.649464
224.802292 555.850266 277.733041
11.464386 -599.369000 1951.975211
589.491771 112.541759 2159.222636
600.081604 -7.512800 985.546189
-599.756089 20.638493 172.093423
172.817380 574.722851 698.681361
265.259906 538.418795 1229.689408
-90.158167 593.102706 281.549603
499.769084 331.950976 1023.923831
548.135971 243.942841 1051.147268
-596.587656 63.572876 1012.290214
-412.329692 -435.493648 1141.372021
104.182448 -591.219717 1959.671913
131.773063 585.745718 1440.138481
-566.226197 199.553159 584.817584
316.389790 509.046101 1429.112357
297.204277 521.986740 967.592536
-599.228624 -12.773992 1056.893801
585.442919 -130.283791 1576.697761
-380.894416 463.860006 217.806291
176.761989 -573.583302 348.016954
597.850654 50.225934 1536.087698
561.786426 -209.656651 63.946338
-568.472959 192.667260 6.090648
-524.134788 -292.569106 1823.923980
-567.896990 194.820504 1215.195195
399.768659 -447.186598 182.602844
-129.484512 -585.888327 1370.914226
589.430181 114.505049 162.176107
21.886350 599.776289 456.777850
-578.102789 160.172586 1163.158054
-138.313958 -584.412430 69.975020
149.136566 -580.979797 1220.219424
579.985075 -153.424147 914.279683
-589.036877 -116.716339 1729.234313
577.062149 164.547387 32.016950
583.239596 142.747257 1075.503389
-200.235466 565.499699 1846.662248
-599.505982 18.481580 550.739862
452.935451 -393.150529 1796.070572
599.583683 19.709180 111.973126
557.061605 222.586120 1443.368102
169.502594 -575.810901 372.002636
-464.604647 379.455172 1403.015520
184.556151 -571.245290 487.730588
-597.795031 -46.738969 1803.853705
-459.681912 -385.590755 1555.159370
294.747736 522.963058 1451.429711
-520.770297 298.787338 1892.977701
270.589237 535.346074 1770.976252
-461.331801 -383.521934 546.042075
-4.029961 599.664918 1810.802406
-591.479485 98.895560 1797.019680
29.521309 599.306413 455.673651
-316.500084 -509.939168 641.106432
582.214881 144.596085 1672.015957
563.701740 -207.181432 9.346090
175.850142 -573.081159 2063.890581
-497.639867 -335.369916 336.492155
410.304487 437.522613 2089.479060
173.346339 574.320504 1737.439149
-395.011633 -451.417480 2166.947104
15.797162 -600.233580 2066.688267
373.589790 469.638375 98.255513
-46.730287 -598.562129 149.237587
-283.991505 -528.759110 330.234285
-303.227333 -517.962713 201.586689
35.694027 -599.221290 1568.210738
346.332993 490.126942 1207.301830
-515.580749 -306.727095 55.190050
503.864191 325.521375 1081.851484
-512.978097 311.309613 969.523429
488.711524 -348.940509 1841.995742
574.516135 171.461350 1657.325844
-401.031685 446.613482 781.402694
411.552899 -437.213579 217.876648
268.302178 536.424304 760.483611
280.507910 -530.085596 323.538322
-443.129742 -405.210505 664.585289
-490.759972 345.526808 1279.839035
-468.786649 374.331077 439.444017
598.687421 -34.366438 1556.084775
556.251639 224.474838 1671.154269
-578.807017 158.720011 991.520818
-521.506776 296.195610 1950.921304
-564.869186 203.006439 1001.221777
383.159204 -461.438268 685.996646
18.123802 599.818257 1580.942032
84.005295 -593.643741 1347.782869
152.153922 -580.991394 788.087132
-63.964507 -596.683443 531.951765
-510.696921 -315.045830 176.851233
228.375761 -554.717609 1071.424109
-546.853031 248.237295 1580.590639
18.446647 -600.293380 268.100842
177.015759 -573.415345 1712.628116
-373.322536 -469.239344 234.828978
-559.848955 -215.603829 1177.051492
-179.999238 573.035183 1664.092036
-164.259271 -577.128080 1878.159789
571.293213 183.670519 1183.349185
-371.696102 -470.860893 1381.119768
-600.047511 0.626731 274.474834
-317.785771 -508.896651 1923.063239
242.519707 549.285750 1033.893312
592.799349 94.310607 107.455660
-356.569244 482.368905 824.312737
-481.832776 356.656108 1528.653220
600.171249 9.754775 9.803641
88.562990 593.495818 1412.136452
412.535590 -435.238152 1981.475239
-245.332565 547.516907 878.895679
600.164834 6.579050 1965.644881
96.954159 592.265188 826.143978
532.494234 277.321826 1511.770464
-413.415590 435.542453 1619.505960
579.857972 -153.954500 1817.369728
-410.765228 437.470968 374.336058
94.981754 592.791958 856.762495
-227.354128 555.489926 742.387080
-557.123410 -223.381904 673.735584
-95.673067 592.018546 801.290881
-118.595400 588.162747 2084.696686
-30.992655 -599.254667 54.627560
20.739291 599.422118 2107.951355
586.353453 -124.907362 1382.722074
-586.699588 -124.821584 1445.712054
341.345327 -493.682622 2033.656290
23.034022 -599.487985 1393.400021
223.232043 -557.211267 1257.004505
106.375738 590.546563 1991.941552
-41.201809 598.778288 2167.652007
-592.589505 94.423607 1769.934825
86.460782 -594.109233 1627.763083
203.184871 564.793781 1911.821401
-416.724618 432.055662 972.449830
-536.935755 -268.226014 1463.135779
-200.296711 565.109193 587.229673
568.609818 191.821478 1692.120676
-344.986532 490.815740 1254.626596
520.566404 -298.261277 1142.225654
495.534596 -338.229229 1652.255846
239.647837 -549.874307 551.993092
532.737882 276.475293 1943.026159
-599.787232 -12.241942 1893.492723
-592.317344 94.071808 1773.166466
277.698170 531.652742 569.146894
-84.206547 -594.157228 901.220004
-150.019948 581.107620 71.701376
564.124888 -203.817599 239.357026
-177.032013 -573.023267 1894.012701
-380.580054 464.087509 689.001709
566.282423 197.667638 1767.492248
524.396061 -290.552894 122.245220
591.203986 -103.085937 853.550742
125.653520 586.325908 169.932642
-147.526190 -581.317475 173.556805
-11.484977 599.564985 1374.221755
-535.849993 -269.941052 1528.437635
12.636051 -600.250167 817.969087
-575.584646 170.721575 1374.658328
585.385521 134.580234 675.071308
-475.956498 365.598691 1115.849378
-585.396931 -130.847370 754.685553
-597.620924 -54.010412 692.623467
407.206265 -441.036088 1327.879470
-311.546498 -512.413829 1769.549219
368.367438 473.548888 1639.748306
11.072567 600.085199 1478.901822
484.609920 353.732892 1134.563264
464.721335 -379.568657 1739.467191
226.295720 554.837529 584.795592
-345.497943 -490.278026 738.207994
-599.729603 -7.858836 6.066882
240.718082 -549.468521 1417.689617
-84.623778 593.662734 2091.256586
413.658343 434.381493 132.980264
-158.540682 -578.792229 704.219592
-123.888925 586.781426 1545.884454
-299.106162 519.828091 501.657490
378.552656 -464.989710 488.906851
-587.781879 119.200095 861.081812
-102.031031 591.332542 437.203355
395.550862 450.732006 281.854615
567.869602 193.873108 1110.821944
30.629626 599.282990 1718.371119
412.341240 435.924688 2197.905627
168.147348 -576.674614 42.159388
568.267928 192.693003 1040.197253
583.516197 -140.341868 1244.591431
575.177813 170.856235 903.292793
-337.259279 -496.751875 1648.112064
186.959354 569.990661 823.332576
-18.131013 -599.671750 1891.897285
-379.982885 464.363864 1739.561022
450.778153 396.400107 1312.270856
278.475523 531.291760 276.175418
-54.536387 -597.603807 1734.210601
-486.764310 -349.694549 1633.634540
504.917175 -324.951715 1954.151093
-23.861333 -599.501489 135.182274
-262.651000 539.537692 1805.258157
-543.356855 253.798673 1419.907790
184.980124 -571.218006 2077.786162
325.126465 -504.176210 377.635618
533.779664 -273.852233 1921.839820
596.126594 62.946106 1566.427518
-584.771334 130.631890 488.068446
178.243071 572.771658 1267.406397
-213.005174 560.896100 9.743275
598.554050 47.351254 891.758237
-579.342567 155.565589 1254.359830
437.315737 411.187643 1106.870931
516.262778 -306.210269 1063.253397
522.397394 -295.230219 1024.206726
-547.705150 245.466507 1976.016099
-62.723683 -596.605321 321.557109
-381.369205 -463.389438 240.541992
68.701167 -595.867462 1271.644551
-598.120898 -50.120349 1503.171738
-295.300183 521.676294 49.451568
136.075996 584.673758 456.673322
-179.108205 572.178535 1110.003122
584.357287 -136.175037 1164.956192
-591.386360 -99.915262 1436.888736
599.754070 10.784360 760.180844
198.220867 566.305478 817.288362
598.092592 48.233072 587.875606
-479.378775 -360.999964 1625.990433
-580.586405 150.312365 1865.026393
-37.638040 -598.549438 1113.721402
357.215018 481.284823 384.502330
-298.885157 -520.555008 1841.173624
29.638951 -599.681091 1147.115262
-579.197562 -156.170488 438.279108
501.361471 330.419854 1171.330555
-521.225613 298.127166 410.108545
-90.109474 -593.083601 1810.586223
-600.001970 -5.286376 1960.770327
-227.403657 -555.259917 601.082906
-96.336431 592.371323 95.485035
114.438117 -588.577462 1470.467129
-585.327404 131.978178 1298.327005
522.364173 -295.421811 387.511424
-596.077984 -68.729371 1703.454538
479.174892 -361.989235 1946.923777
240.876788 -549.489326 1327.392976
-417.676441 -431.225934 560.025437
-563.520659 206.086432 1738.445656
2.471183 -599.699291 1417.178963
526.498041 288.128657 56.945781
-599.070305 30.997217 650.619487
472.467822 -370.224040 115.973054
-344.986914 490.680764 520.375146
-396.353157 450.379495 1359.895103
505.230794 -323.541609 1481.686426
-198.744636 -566.208535 1764.452846
-552.904253 -233.470856 1077.153587
-325.380127 504.387589 2178.264406
-9.982697 -600.121999 175.787557
-599.771601 -15.558087 1168.846682
505.884982 321.814752 1024.892570
569.463524 188.109343 1017.824065
104.756709 590.508404 1619.345002
-453.928202 391.931414 1164.832605
-171.266809 575.224970 1213.855793
-283.014983 -528.990333 499.303419
-483.972316 354.209898 192.798582
-348.219250 -488.425062 999.641436
0.017473 599.894800 1808.250371
-228.151706 555.399479 248.879678
-599.482228 -20.525877 1730.924903
100.932537 591.200020 1757.991379
-592.685499 95.202196 1132.778644
-85.364649 593.623284 708.463944
-45.783599 597.669999 1741.409404
582.531829 -142.834880 2174.248730
-273.176962 534.179908 21.663015
-283.960329 -528.271984 2080.497879
342.371057 -492.880049 1448.699139
287.493267 -526.743358 312.040684
-95.035431 592.306217 1849.938987
-30.923261 598.703825 149.561486
-25.739302 -599.213272 1668.701468
-588.069909 117.062736 1200.470853
-148.777160 -580.938110 1058.282332
-345.682094 -490.147038 999.593264
458.793421 -386.267428 617.336588
-478.205347 362.350192 103.354724
565.508633 -199.766856 101.513643
502.438880 -327.865876 1236.271325
438.316218 409.583027 1591.793822
391.660878 -453.920610 656.766227
511.400114 313.894516 1450.246702
546.737887 247.318062 736.099088
535.571537 -271.414571 398.059956
-112.873893 589.538179 1880.757566
-381.347468 -463.248252 1272.166902
558.040842 221.674675 1657.582525
105.935468 -590.690545 1238.408951
-389.498240 -456.998267 1899.693803
-595.466996 70.529409 225.227492
-459.823193 384.443295 2139.152157
231.739003 -553.110331 752.408678
252.429890 544.289485 944.526139
47.541916 -598.251698 703.995743
191.635959 568.036652 1234.862245
247.891548 -546.158154 1008.598045
-533.224748 -275.459504 347.202544
600.042930 -19.773417 1936.612299
341.008481 -493.011318 920.958721
586.030577 -129.153915 1722.111705
558.716621 218.146680 639.694042
-429.847303 418.436486 2002.661539
419.482614 428.634682 1406.452497
-543.826394 253.989049 1176.022394
0.976796 -600.471430 147.488685
598.704518 -47.333453 645.478862
-541.514975 -257.271448 1327.429140
553.911071 -230.780051 1554.850211
356.439897 -482.782971 1333.953733
487.028994 -350.577523 1455.615586
368.025729 473.956993 1207.414359
312.003276 512.942002 501.009493
553.839242 230.141062 1657.911349
233.336833 552.277419 2174.372267
282.750342 529.034813 1000.156447
-590.724979 -106.186123 1901.108045
-599.757452 -26.304128 1190.064859
352.901845 484.449492 1921.145307
572.555223 179.234773 2130.753883
139.727197 583.921669 870.914516
-416.615253 -431.877280 718.079300
127.285224 -586.095850 602.224125
61.385039 596.268782 661.791676
353.548760 484.576813 519.382741
-207.056400 -563.007053 602.908557
44.877479 -598.185112 610.311430
-434.025526 414.279810 874.681328
-515.817728 -307.207177 1081.265893
-500.409328 331.066050 599.844585
522.582407 -294.159590 771.895093
-48.897376 598.497432 1468.456489
301.975189 -518.679954 891.280293
510.879338 -313.183504 1722.190517
594.153288 84.371220 78.407623
-534.302100 273.720896 1245.473232
-271.087836 534.837989 1363.557198
-81.968744 594.490118 641.971357
-345.131516 -491.063909 545.360720
22.512199 -599.415543 224.775998
-255.966373 542.766878 48.890847
-491.519544 -343.711406 1955.474723
483.585284 -354.405996 788.308040
-564.328903 -203.688539 933.858252
-331.616003 499.828608 981.117043
561.253632 211.830266 1730.524810
-458.824793 387.410745 61.002783
-142.651665 582.589929 1542.482580
-129.059940 -585.709087 456.501388
509.877336 -316.478598 848.833648
141.965615 583.081365 1154.174114
63.686156 -596.614444 787.082571
-184.446039 -571.351412 955.927302
519.347970 -300.644824 319.246188
-476.673856 364.403907 925.754585
228.600529 554.787196 1822.620264
599.520022 -26.969756 1928.527566
541.610002 -257.763179 1605.698970
-297.044459 521.570125 685.869520
25.320338 -599.324458 809.370095
-562.580872 -208.101802 1642.568096
-545.796332 248.973246 1944.771480
250.313968 545.141027 1337.088744
-439.713468 -408.318405 1086.509630
436.377101 411.563129 785.054140
-588.195715 -119.871865 1587.005469
-133.445511 584.844140 1551.397222
-565.052121 -202.771847 344.777809
-540.442073 -260.327645 247.388313
480.641778 -360.195285 1650.545891
-508.671788 317.621301 1522.995878
593.331185 89.271868 1102.539988
599.199706 -35.059305 1785.450759
-474.875257 366.007237 905.920287
61.022906 -596.875039 1322.503827
137.933684 584.039993 1953.148318
584.391634 -133.727742 1831.067343
539.253167 -263.338644 1906.380309
542.599463 255.185884 2099.110325
-500.850632 -330.102580 2049.628204
-597.648893 -50.994592 1600.612080
586.026553 -130.793941 1491.540108
177.961480 -573.017864 1839.863726
209.825626 -562.155824 1477.380872
380.893324 463.537187 1855.362469
109.818974 589.562507 301.969991
469.245161 374.179112 1487.764539
11.631618 -599.984608 1921.249468
-582.332155 -145.996626 992.451758
-580.055984 152.223056 1569.378039
579.735098 154.347402 755.163033
-547.318983 -247.403158 1855.839890
455.851972 -390.344083 1294.445313
-216.039805 559.389388 417.594966
-181.452272 571.779570 1641.034778
535.486581 272.151761 1598.311636
506.109455 -322.769813 1055.770794
544.007375 -252.660004 872.029217
422.304796 426.230246 789.845713
-165.974786 576.766014 422.969486
-192.351533 568.317787 1498.286093
598.598601 -36.991248 1952.659536
299.587221 519.990866 881.145364
583.893018 138.296238 2049.284440
460.257748 385.773003 1493.193518
253.320447 544.490456 876.024191
-28.878509 599.263440 104.503395
-599.848076 -13.562311 1091.222840
489.669017 -347.421375 994.346467
-579.472017 -154.476473 463.703712
331.798673 -499.952825 775.947881
530.578663 -278.535381 1477.138518
-422.149176 -426.382716 751.083105
-68.182004 596.117163 1091.843510
14.882148 600.376614 1520.300567
272.312641 535.227776 1354.050583
-303.064801 517.755566 892.415198
-328.523829 -501.768406 2055.133070
597.445013 50.631965 1252.765809
-599.607989 -20.239900 252.628387
-139.898461 -583.635860 1068.537349
573.765234 -173.811921 1496.503070
260.282342 540.907790 2135.656081
296.432795 -521.446958 484.215856
-322.347905 -506.053036 1977.355970
102.202481 -591.263319 1052.225460
587.840011 -121.372172 1872.054844
416.970444 431.124502 1784.480676
526.122060 288.687642 1337.476010
-584.157602 137.061335 2069.832430
-359.338596 -480.220175 1993.489275
166.197134 576.180809 638.985189
260.630802 -540.042141 616.747964
404.667754 -443.606666 45.450265
548.501271 243.169356 60.382223
-314.209951 511.260907 1650.497026
332.042840 499.466161 1492.815652
536.760941 -267.382690 225.549549
-477.066269 -364.801431 460.874803
-380.020408 463.925342 741.664449
-527.101771 286.517481 954.133911
585.349012 131.576047 129.209332
599.649457 27.053590 1428.682702
-578.707651 158.706476 1205.608237
593.557694 -85.322178 144.165464
598.625583 50.034786 105.103539
-90.425955 -593.253778 2016.130850
424.237626 424.420678 1296.593854
-392.238747 -454.103857 1679.605233
555.781270 -225.928824 1944.071955
-570.226849 -185.388703 1986.801801
-296.496326 -521.614214 1769.871469
142.263212 -582.619559 1687.152732
69.744074 595.867911 1835.149105
593.412579 -84.404391 1608.789217
-437.549426 410.371251 739.296801
-593.793841 -85.053955 1418.861173
-550.538807 238.082960 928.596256
-112.364595 589.207352 595.676026
190.816310 -568.868763 435.220771
551.945819 -235.636081 1839.648884
-375.888092 467.928182 960.343473
600.147398 -1.251729 1670.126655
-454.122604 -391.818750 802.371230
-284.666563 -528.222540 725.983790
292.448559 523.941753 737.518967
-589.036893 111.826695 1877.939785
-233.376083 552.727747 724.854828
-310.750031 513.488193 712.212131
189.026672 569.308117 1256.676282
-262.893533 -539.460345 305.748393
164.788807 577.618054 1454.761711
-174.793892 -573.248349 1284.353913
-148.603449 -581.336908 2040.856279
-344.020158 -492.149102 340.984375
525.883902 290.137423 168.865352
594.287581 -80.846392 1289.572117
-181.718762 -571.816236 1347.605842
-317.888978 509.025045 354.487940
-593.557975 85.976749 1709.135402
-567.031161 195.874812 109.009958
-228.604395 555.292175 218.169461
-11.474810 -599.718677 805.722031
392.505481 453.673690 1253.163778
-406.697838 -441.828860 1401.383565
-596.205018 68.677402 625.925579
255.500483 542.973090 1766.894607
584.541450 135.162477 804.005905
-543.188854 -255.780762 1373.171699
347.859981 -489.229129 1559.596562
325.443596 -503.845529 1818.672093
-477.134793 -363.909417 2096.886914
294.832737 -523.218005 1384.625109
-330.829706 -500.556768 745.312177
91.377254 593.608916 450.771834
590.907851 105.664182 782.079253
228.230926 555.007890 82.915563
250.721825 544.434328 1886.113262
545.264722 -250.510425 2183.394006
535.221928 271.548727 1436.409786
-547.052730 246.229330 1675.757857
166.666551 -576.260289 994.987049
-571.540638 -181.198248 1891.048318
-597.690183 46.221878 2153.358547
-44.576069 598.131996 1311.222684
-449.394452 398.035363 1320.233721
-259.096300 540.583103 1512.262682
440.363502 -407.779801 474.896311
557.393258 -222.131043 1199.464631
598.024030 -53.769337 2015.928422
-515.558277 -307.466118 2020.612855
90.611087 593.118157 267.340432
599.819897 -11.347367 876.380017
289.912681 -525.094542 188.564101
-291.926920 524.711613 908.174332
-59.244274 -596.576278 317.656850
-566.532668 197.830123 106.813774
-505.065289 323.923297 813.390523
564.974838 201.363808 1290.924316
43.978734 599.105829 473.224605
381.089565 463.634852 1524.947503
305.127322 -516.316846 23.247070
588.460614 -116.998290 1267.586576
558.987970 217.727311 1781.826713
531.380774 -277.633838 1134.862472
599.465713 -23.189547 944.084765
493.380252 -342.221046 2107.115969
-547.999029 243.685940 613.196227
597.228849 56.795990 781.863744
433.214006 415.097492 2023.020908
-372.520336 -470.422519 1586.141820
592.965032 -92.879032 663.019168
453.252313 -393.410437 650.238029
-334.620314 -497.640995 489.939713
-596.806777 -57.767214 513.642037
412.985076 434.939037 1945.767070
-12.545847 599.563264 477.185145
-167.641864 -576.288149 1648.230514
546.778371 -247.124263 669.407024
-560.997877 -212.285578 1300.262402
-219.491651 558.590604 1440.081739
-598.135779 44.998440 966.203428
166.393783 -576.146714 1267.488362
-352.795604 485.453107 524.324319
-37.005148 -598.967619 1787.445470
-305.652883 -516.169993 1853.445436
474.666370 -367.285520 1225.561046
-413.489828 -434.758776 2165.052062
-594.190062 -87.964903 648.968609
358.558204 -481.726777 2001.273839
580.748544 -150.157621 613.893894
255.751270 542.611255 510.899021
-410.735454 -436.975560 1388.697321
255.599177 -542.914960 10.322328
25.941966 -599.466321 2113.553516
318.325792 -508.791944 527.205432
447.124027 399.383769 487.322490
434.303048 -413.938577 1967.628410
585.849141 -128.418616 1564.596393
373.191674 -470.355545 2111.666880
156.308235 -578.839360 1950.831711
-514.440540 309.027431 693.417909
585.684545 -129.508828 709.398238
587.476596 -121.490123 1786.737656
-130.426835 585.276307 188.870171
595.873532 70.491114 1169.728955
-299.342008 519.637113 490.046033
-343.870842 -491.733791 1045.903134
447.690885 398.902186 1663.194901
589.186791 112.616504 864.196886
394.981720 -451.844529 21.696789
439.949127 408.171121 1836.425669
-526.048171 288.472671 577.900383
488.944373 347.255153 213.641082
466.676154 377.402965 434.836264
-451.341394 394.902343 423.106843
-504.400267 324.580504 651.713024
399.053704 447.768230 1217.242607
-592.158693 98.331391 1570.108474
23.573286 -599.308644 961.414646
463.886649 380.769404 939.904001
584.025022 -136.378437 180.069403
471.817694 -370.127631 1765.575110
564.241427 -204.439960 1030.476710
-161.023757 -578.552008 2182.751002
-539.231524 -263.336323 107.970307
-593.984599 -85.635443 443.237515
-371.015911 470.947615 729.367367
478.696060 361.836079 528.716746
-292.400702 -523.906382 218.535957
565.923615 199.282668 682.238035
216.152690 -559.519729 645.055507
106.103251 590.085994 62.260540
-583.353908 -141.220444 2147.999387
-255.507656 542.494948 501.719954
342.311125 492.610817 1602.283671
-542.432045 256.328813 261.442883
-207.151997 562.864456 1673.040730
157.447200 -578.899226 1169.680850
511.076766 -315.053262 1756.498271
-599.660042 2.437481 1875.478248
155.803024 579.270811 344.230507
120.691218 -587.746799 2008.012288
187.935374 569.801896 351.087476
455.284688 -390.970931 1620.497767
528.805499 -282.956054 1056.025840
569.620373 -187.765773 988.569769
-599.659688 8.527108 530.933560
543.414551 254.662698 2163.759546
-185.429317 570.690325 1612.140602
-348.068811 488.306572 1670.516956
-526.874603 287.821774 1398.538391
288.503760 525.878651 1829.830504
-560.610223 214.350326 740.019075
235.181571 552.048482 93.682423
597.605518 52.008697 269.590415
597.154318 -55.535978 163.989307
599.424543 29.612879 1692.458131
-474.683819 366.660046 2057.906683
-434.423505 -413.733453 115.351843
-531.790408 -278.111506 107.793611
469.714731 373.091112 1951.430599
276.233525 532.542103 511.466822
417.670372 -430.539564 1791.449384
145.689513 -581.795227 642.379211
16.532765 -599.740389 176.356133
266.862290 -537.490397 741.069500
-178.487705 -572.794860 435.059690
404.887029 -442.334877 2013.740689
521.686917 -296.686571 1114.154199
-508.387073 317.905902 1164.149261
-316.366628 -509.597366 526.937424
-98.969173 591.348245 915.642769
-506.830132 321.360026 1550.929946
-512.758286 -311.530179 1670.781832
-223.677573 -557.128388 1290.016574
-478.117275 -362.311599 679.924309
429.459241 419.888401 312.395721
-267.340227 -537.893619 1945.643994
148.979547 -581.714471 161.182176
578.961804 -156.046871 1516.384804
586.969334 -126.392726 1484.599073
464.808527 379.849357 1868.980696
447.305267 -400.471883 1706.586999
486.487474 -351.001674 827.343018
-398.314966 448.780977 120.880620
597.132356 -60.005876 2099.097282
365.043109 -476.209617 916.201664
220.337898 -557.655757 1116.879075
100.153975 -592.057668 1418.227408
-551.929360 235.848627 534.099713
-65.578746 596.133571 356.109421
-155.056224 -579.662800 1921.375805
-470.427595 -373.499317 1521.294002
577.735254 161.257945 2016.406693
-210.022717 -562.284981 1269.598869
-537.178912 267.395090 685.007967
301.891184 -518.796675 850.973346
-459.194531 -385.390884 877.631042
313.080170 -511.742299 1868.884153
-598.955152 37.852086 1656.885179
-317.725133 509.172314 310.670536
-318.152173 -508.959069 1766.898453
285.772421 -526.952361 550.113159
587.305112 -122.071770 809.494548
278.734083 531.594551 1964.679893
599.755248 -26.574912 399.027315
-68.175743 596.118042 552.889480
-209.882906 562.665488 713.505581
327.547034 502.522539 820.128088
-485.997397 351.226231 891.733082
599.594631 -8.383354 1594.461589
362.538515 478.335402 1896.500846
594.532838 84.068993 196.048885
-595.184865 73.095865 983.664659
596.045893 67.962301 1505.405310
-562.964232 -208.259539 1925.759643
476.978627 363.357188 600.542519
-356.229385 482.686835 649.901658
90.928107 592.491558 872.143080
-505.366989 323.954175 547.136376
598.593827 47.070150 799.605962
376.093010 -467.598520 1652.803325
585.023175 -135.007327 946.676199
375.262870 468.883011 145.246763
208.236441 -562.719365 720.408557
-566.423759 198.003649 679.701216
-287.047297 526.751227 1372.470738
199.316371 -566.266880 2162.720091
-531.125453 -278.985332 1051.710368
544.860282 250.190856 2071.428340
263.601137 -539.256143 1512.639045
516.217129 -305.728383 1548.375654
510.065774 -315.207667 1052.308165
593.485929 88.024092 616.659168
-593.417873 -92.309805 1619.486164
-375.008870 468.690275 294.787079
555.560263 -227.080033 1772.761594
482.219605 357.187328 1115.526652
-337.133599 -495.816536 294.107787
-563.595995 206.060389 361.405384
-69.854454 595.981397 494.914493
579.531097 -152.551719 70.095476
-528.204279 284.168532 1150.166552
-596.567951 -63.468963 310.734397
-222.187030 557.053917 1709.910687
562.063119 209.059661 1604.778881
558.048689 219.768537 548.954816
-122.277206 587.269102 65.079489
310.677891 513.913314 1084.736442
-74.622941 -595.314189 414.231932
-499.430218 332.292825 1228.377595
317.330527 -508.862318 1393.314798
355.196475 -483.462993 1633.449316
-534.722438 272.350704 933.009801
217.068630 559.219073 463.431795
587.788929 -119.954819 1559.385357
-300.994844 519.315247 572.472583
-304.959079 -516.027639 1896.402814
101.291464 591.615195 1347.872503
-56.295669 -597.723535 2118.318368
531.111991 279.042052 564.180548
578.491457 -159.833034 2187.935085
593.390433 -89.666742 1620.657893
-599.263736 24.900563 1042.054294
207.166049 563.192258 1125.663351
-9.804250 -599.584547 2136.670469
185.529309 570.455163 2056.091239
-196.754257 -566.521177 323.316278
-2.529588 599.648672 1162.816005
273.439799 534.204697 1575.199150
-599.168834 -28.264125 159.292524
223.273015 557.052149 1628.263349
587.469765 123.231363 369.757878
8.336282 599.924901 2041.417876
-459.238305 386.008025 1644.710328
-185.561842 -570.673839 1957.852421
85.377059 593.403149 656.555756
323.327088 -505.193598 1175.277828
555.010134 -227.272627 1809.888060
-381.067461 463.192626 445.366521
-453.061218 393.035299 2092.432548
-287.915406 526.440889 173.298504
-471.485124 -371.021601 237.924079
-546.200212 -247.921000 197.451755
-343.272189 -492.736872 1710.260627
476.797165 -363.987607 460.622082
253.452641 -544.018552 875.747073
65.637385 596.089779 2048.918097
-580.132298 -151.521481 1469.943678
-594.857824 79.252172 1469.937807
114.040592 589.321474 410.822830
127.436083 -586.300538 942.031476
336.298278 -496.662361 1484.782861
598.541566 37.662322 886.267761
-276.420219 -532.521272 1174.317459
591.551584 98.624113 2191.268104
-447.346605 -400.524144 187.418893
-589.649105 -111.923029 1109.561023
69.995532 596.168084 1207.878603
-301.838190 -518.661611 1352.742016
313.515356 -511.844873 438.874549
-560.503594 -214.977239 1777.770211
-423.084064 -424.907144 681.797534
505.148638 323.941096 1993.731406
-86.765657 -594.319181 1591.413756
-118.791447 588.191880 1171.926826
301.231427 -518.729632 1466.266036
-270.396407 -535.962330 1356.951440
-589.756171 110.320734 1317.342237
271.061551 -535.662040 284.196154
-44.809757 -597.999151 1597.758935
-577.417261 -159.668840 1109.012477
554.012058 -230.924699 1993.619598
-160.476323 578.195474 1364.760523
-335.914820 497.709566 1864.067833
-548.617557 -242.837795 446.292427
-558.718393 -219.380860 1496.887608
570.093201 -186.831248 696.044433
-559.384208 216.530064 1541.634710
577.820589 160.082896 354.968574
487.162195 349.645611 1985.901751
-451.299002 395.898744 1106.707839
145.111313 581.999483 1165.606542
543.114044 254.159812 903.429072
-246.038828 547.282727 149.324330
21.952836 -599.149044 870.497679
-261.411656 540.220212 1907.009128
-52.526964 -597.306510 1422.798155
-583.517366 -143.315081 595.517472
-444.480391 402.613381 938.828798
429.169307 -419.349982 929.043451
172.487611 -574.726975 1962.477812
-360.243095 480.024181 1221.926507
-349.205211 -487.695060 1102.820743
318.826625 -508.198858 1507.000609
-526.589067 287.385568 85.675713
-20.142381 -599.702356 1379.704156
-298.333605 -520.703409 1188.624776
-508.830088 -318.108790 400.818009
207.024392 -563.252365 1359.797251
-585.022468 -134.900877 403.982173
287.652415 526.999963 1996.761523
-275.202501 533.365934 1427.172626
-558.490670 218.056968 2013.629170
-475.879774 365.349776 180.026082
549.604737 239.963583 1518.034733
472.940108 368.472162 1016.722665
75.035574 595.032839 410.372351
-342.903460 -492.023620 273.288583
295.022474 522.485010 182.386603
-130.036005 585.525378 185.456522
393.914458 -452.984279 552.199754
495.920550 -337.659116 1552.266101
-459.031933 385.375892 2041.301758
-204.630595 563.710364 167.091457
596.551011 -61.748004 1277.967633
592.615520 -90.671352 440.730383
399.040014 -448.308285 102.608401
-55.300757 -597.146724 1191.361662
449.660375 -396.371018 1965.425634
-441.040970 406.563553 718.921635
-114.449268 -588.949512 392.441522
-361.711023 478.982786 1090.800009
-396.370228 -450.269711 1429.963277
578.490726 157.161910 1585.276038
180.391582 -572.068921 200.586304
-503.469207 326.266178 2017.206606
401.382444 446.813297 1677.473271
-585.468798 130.382746 192.823229
-170.209738 575.248259 1575.472506
537.202607 -267.559844 561.649963
-460.504385 384.497034 846.289879
-459.696288 -385.454187 1848.981961
600.027317 1.661929 1969.515782
518.851298 -301.539580 742.166034
-598.243144 -44.802275 1801.571952
351.440372 486.966332 1857.614928
188.772563 -569.558538 87.896284
-423.653263 -424.766884 2121.808079
-12.937962 -599.878258 669.598744
267.196995 -536.513460 1682.710649
-586.878249 126.388224 2077.284521
45.112381 598.186326 1984.823086
230.444284 -554.072109 132.076779
514.402816 -307.966080 832.110149
-528.245949 -283.977429 1270.412574
-548.127055 243.779570 1975.494605
334.855435 -497.126165 1655.618776
-24.609615 -599.951235 577.502058
364.600719 -476.521466 2124.325117
593.947250 87.880395 763.282659
489.682349 346.877306 1143.846905
598.991016 -38.054977 353.446945
-387.416801 -457.956484 1175.852500
523.212235 -293.298335 2136.003742
597.655482 -46.495833 615.505844
592.821373 -91.067451 2104.102570
503.045243 -326.960115 2170.142360
-537.261235 267.593547 1791.930662
-448.015124 399.437516 1489.042158
-596.734018 64.852105 658.394118
-566.780293 196.119368 1202.166968
-385.647710 -459.062647 275.227633
-86.025124 593.914269 1613.239613
-597.729384 -58.215777 810.358561
-300.154889 -519.661683 1250.350775
117.063987 -588.119562 221.732975
-557.704508 -220.160143 967.380475
365.786091 475.265257 1336.658469
-341.429117 -493.126603 2150.120495
484.486245 355.003879 2025.914121
-558.062428 -218.760986 538.238730
-343.860625 -491.203701 929.232663
-536.788035 268.580106 1576.701261
-492.010247 -343.660781 971.692243
576.641212 -168.192713 767.489436
91.574128 593.123040 839.453495
548.260819 -242.168884 157.175260
-473.500969 368.775992 1460.542859
486.280848 351.209529 606.180441
175.029233 573.596741 1101.127479
599.478223 10.034653 2027.480320
-369.991742 -472.016243 1966.918811
40.316135 -598.554153 1421.716087
-459.263825 386.561761 1248.461367
162.152161 577.926512 153.913525
-593.627957 88.196157 2189.649016
349.086244 -487.859571 1770.255327
-508.048231 319.288340 1854.493200
0.088095 -600.327971 1680.955741
34.796408 598.947014 60.918953
-409.011075 439.104065 2198.356279
-587.467265 -122.745577 47.036829
-27.137502 -599.151462 1994.603803
393.539814 452.572477 1994.421975
97.672006 592.386605 1008.568485
-599.760804 0.211405 212.009738
484.886711 353.666906 896.570215
292.415535 -524.234181 359.010529
447.123331 400.418304 1054.010597
-362.693968 -477.358925 1429.652357
-239.591855 549.806573 1753.235066
357.128739 482.146519 39.256921
-598.498599 -31.284629 1273.537942
-313.322482 -512.306113 1280.863932
340.211907 -494.072039 563.228808
593.335290 -88.874658 1923.700832
464.180000 380.107962 158.211595
-459.999889 -385.165006 149.119152
240.704712 549.625353 1181.784654
247.631681 546.174350 988.742917
465.276643 379.058798 453.439648
-202.992300 -564.076207 1840.516661
283.309272 528.822896 1970.775826
351.311780 -485.883204 109.019362
-594.278153 -83.405820 293.188010
545.746576 -249.468898 2037.812816
563.288143 206.299781 1615.617160
-591.922324 -99.140748 1457.275102
337.551270 -495.441377 1460.794371
-174.753867 -574.283178 480.877668
488.405569 -348.190858 60.747545
588.998929 115.697546 154.602627
465.523261 378.588466 318.264403
467.094981 -376.753212 1914.453740
343.006007 492.333461 201.282868
-309.498246 -513.843195 943.940335
473.111147 369.629976 2101.267485
-134.904682 -584.716869 257.942870
463.341307 -381.303900 1926.018459
231.998345 -553.358130 1771.286480
50.221892 -597.697700 1395.815666
-572.590641 -179.877031 795.707279
454.509119 390.947301 1705.726998
153.178527 580.756528 1965.048742
535.268970 -269.790476 452.159319
569.517073 188.485467 1669.902511
210.907847 -561.304790 1615.905077
-539.631049 261.746363 1155.939316
599.303240 -29.697193 1379.090697
-595.571681 71.338718 1953.722834
-253.767103 543.215341 965.877325
251.407647 -545.352273 1957.969241
408.722567 438.571598 58.833918
-310.730608 -513.364527 1499.518063
575.753652 169.965114 821.865983
-233.557214 -553.010314 2053.901383
599.720951 -6.327811 1245.277224
184.326518 571.269580 1054.517394
-13.979478 -599.948924 604.658392
28.788779 -598.980156 1162.815010
48.514165 598.511172 2059.915424
422.764618 425.368699 44.532738
185.948299 -570.211936 575.139899
-578.525960 -157.440268 872.066800
-430.945847 416.844318 176.989025
197.822480 566.416651 2052.786929
600.705904 3.230091 1629.921055
297.375816 521.106516 1059.709436
350.236347 486.871564 133.698192
584.996704 -132.498179 1289.494549
599.750772 19.233764 1183.881029
-412.827225 436.168804 1010.432280
-0.372652 -600.351253 1477.222809
233.771245 553.015365 2166.379450
-374.969726 -468.687427 657.230905
-515.755125 -306.784482 1808.946917
-527.243033 -286.670856 907.706331
462.677358 -382.338810 228.734525
1.662092 599.896770 2077.488214
338.159958 495.632556 819.443937
-158.260213 578.835071 779.790241
593.754388 -87.570608 471.050741
166.514955 -576.889474 529.470604
-115.185821 -588.760699 1040.620854
578.982247 -156.951546 416.179744
-128.303691 -585.749749 520.806601
42.546849 598.308151 750.890448
408.588196 -439.135354 2104.249775
-280.711319 -530.049374 740.252569
-270.248262 -535.321694 1449.224243
600.210983 -2.039338 1120.036676
-593.429987 89.020672 1021.141918
-516.616904 305.026981 1033.865232
60.917205 597.023291 1415.564917
-165.765395 -577.224621 548.768679
590.977403 103.298815 1843.279643
142.641544 582.539312 1964.302549
598.690053 40.788553 1702.177137
-600.011877 -17.097157 213.626086
593.455171 -88.555366 1409.193864
591.748428 100.530677 1339.294603
-552.908511 233.724670 1590.776718
-200.541983 -565.682328 1497.688233
-551.950863 -234.397716 1238.825477
110.355311 -589.816742 250.883074
-96.298119 -592.011146 1456.969160
597.294072 52.398082 1567.143774
503.345634 327.064909 1995.764041
-598.420444 44.833744 666.568274
478.694472 362.065017 1257.113557
380.633938 -464.003273 1948.056841
598.924374 -38.580988 1420.547078
-149.496795 580.730025 951.086862
444.831429 403.811197 402.862405
-557.356207 -221.460953 587.548591
597.770618 -50.552493 927.050586
533.092185 -275.579435 698.552352
18.981633 599.337486 851.183619
572.878392 -177.560342 244.469598
-70.657073 596.177042 508.456955
-183.856497 571.143212 237.431843
-250.599437 -544.633644 2060.030820
461.478463 -383.728984 1781.647018
479.159310 -361.027570 789.990371
-554.450042 -229.773842 1947.010999
-294.027356 -523.301950 978.779006
-573.463891 174.750512 1948.672515
-420.974727 427.714207 1976.238251
-61.152179 -596.709172 343.348081
280.530397 -530.347662 974.819927
-482.424367 -356.144377 310.212994
-91.714097 -593.001809 1123.951032
3.174851 599.807969 1779.773201
554.220131 229.553082 1113.860034
-380.872008 463.229903 1557.033815
409.171521 -438.971742 443.800578
-460.143401 385.716950 36.770664
430.482288 -417.988300 2027.026694
576.031183 168.772071 1527.482063
-558.743442 -218.460572 2169.287739
69.702763 596.320899 214.117253
-151.979116 580.561561 1508.445322
-245.921695 547.251289 1447.313903
432.617030 415.379503 1468.537312
-32.613082 598.940537 608.536041
-426.632851 422.243636 106.462338
-34.274968 -599.556529 1931.851543
-245.810541 -547.093612 1797.609566
474.899857 -366.572103 1358.272855
-593.731181 -87.529625 54.918641
-436.697802 -411.617103 1067.273969
575.603115 -169.218452 603.280439
418.242889 -429.722318 1096.940996
-599.771598 -5.870950 1658.345617
-24.059301 -599.821751 130.359280
169.304613 -575.157743 117.076146
-25.533292 599.604595 1198.420002
-599.814600 23.480731 2008.084469
432.040132 -416.084050 1496.079917
345.234788 490.229499 243.196852
433.591194 -414.087970 1472.496014
-583.824892 -140.824022 1324.950917
-448.897629 -397.628475 1803.076119
116.513367 -588.674938 442.109072
-597.521730 -59.155434 1368.570966
-100.385226 -591.650911 1380.231912
-474.018863 -367.746311 370.264135
-523.198546 -294.650743 206.827646
132.578941 585.253822 846.039031
274.341032 533.478028 288.795554
-347.969728 489.022976 1796.632775
593.772574 -87.051542 2045.707032
335.755500 496.763335 1657.518082
-350.089773 -487.514596 391.235866
572.381018 -178.982773 839.061956
-3.583956 599.881307 1912.079706
-580.275703 -153.405299 893.501676
-111.096580 589.585794 232.671828
493.903223 -340.658544 1535.322722
-515.146843 -307.483148 956.357483
-577.662753 162.500136 1552.405456
448.391804 398.247117 218.971907
-565.553749 199.860635 1066.766456
-104.709426 590.396346 1549.604785
-486.545393 -350.774213 420.464788
252.669025 544.503576 1547.174005
-497.766905 335.139701 402.757755
-456.231964 -389.869139 789.435466
599.993534 -5.635402 1671.795736
501.833437 329.476325 446.315938
-445.559172 401.720510 1866.787116
599.117009 -34.904701 984.649416
369.919258 -472.805788 196.894759
596.059507 69.406760 108.997955
333.885288 499.022758 515.588161
-500.213030 330.825821 800.106820
75.761727 -595.136078 665.942884
-458.949366 386.299341 1335.135912
-566.831695 -196.516007 344.880502
599.627334 14.224273 956.185194
129.836391 -585.710862 2036.569238
-448.783518 -398.219154 1444.219173
433.636002 414.626969 1184.409452
-461.509862 383.727523 47.356772
239.408618 550.088626 1752.261958
382.129880 -462.750233 211.065838
599.643052 0.676763 1338.778789
-125.285687 586.518022 460.122819
-470.685578 372.088604 34.181650
363.140542 -478.080181 1327.547731
596.560951 64.779045 1101.031183
190.242409 -568.976580 1831.970985
-532.861885 276.089156 764.875364
598.922647 -38.762995 196.109925
112.699415 -589.320264 758.787616
522.559218 293.897777 366.664374
-87.982545 593.691441 1030.870110
529.645771 -281.843073 915.333727
-557.556140 -221.655036 1019.492976
-593.326613 -86.643526 1677.486758
-597.569878 54.639818 573.942580
286.382373 -527.049610 718.348304
562.272674 210.002106 190.491130
495.920620 -336.940021 541.162482
-396.813699 -449.869256 199.947429
-180.370045 -572.651643 1109.275926
336.982458 496.025799 351.813820
-462.198827 -382.890979 1739.249580
-576.832204 -164.250857 296.619459
-598.496110 -42.026119 1280.257243
556.590994 -224.167554 531.441273
-1.173901 -600.019254 2178.236693
-178.312490 572.850979 78.417241
-163.901973 -577.378493 726.887792
150.632064 -580.992336 515.447235
-40.972057 597.975834 57.726183
120.487635 587.719194 41.007923
-597.014038 56.101089 1541.495081
-162.901268 577.561813 1850.731190
547.666611 245.180923 57.217849
-558.708355 218.318306 1251.120938
296.387222 -521.764335 370.209568
-83.055901 594.446830 1427.898223
-161.791838 577.504648 1778.741217
-599.707922 -21.606834 2178.711709
-508.732470 318.652579 1575.236173
-441.133542 -406.576256 1139.190794
-360.904550 -478.923164 118.954709
110.455667 589.699329 1907.769778
-562.981336 -206.726212 856.244706
358.323168 481.184594 1756.907981
-449.958754 -397.216174 2119.467924
-407.302123 440.012422 814.406286
291.523315 -524.387221 1147.651598
317.166747 -509.467533 1683.359620
-599.975152 -5.509822 966.340924
445.393579 -402.784659 328.216825
333.626444 498.833979 1343.637360
590.086591 -110.428237 1563.667558
-542.346198 256.202259 1243.576712
447.210492 -399.190937 519.972117
-477.233125 363.934864 1.201217
90.865498 -592.928904 748.519557
329.699607 501.200953 386.465982
-377.754716 -465.948825 118.998081
448.759034 -398.504806 1972.079281
-517.114668 -305.082647 1800.696119
235.917892 551.250156 735.667643
594.847887 76.538156 708.225460
-579.748827 -154.036536 1127.899229
599.301567 10.383858 458.533079
566.351708 -198.480767 1454.103906
-539.736086 262.982063 1106.351703
531.842675 277.049774 184.190885
-74.564353 594.988772 2021.388869
597.217300 57.697434 1686.387555
-164.236683 -577.357386 2093.135240
542.387576 -255.274882 37.379846
-599.396539 -25.727901 240.367864
585.919322 128.712429 937.552354
345.921208 -490.260432 8.430747
-345.487891 -490.872528 162.766987
-535.871383 269.339716 1401.726514
-568.615408 -190.651014 1375.518012
581.386018 -144.525564 845.920611
593.699296 84.256930 412.882805
-480.491177 -359.311902 1715.186022
220.890411 -557.778417 675.772591
-303.214850 -517.673605 1329.383135
475.618138 -365.292043 290.282332
586.793121 122.964669 716.034671
503.360934 -326.562464 244.795528
-579.975678 -153.380238 1091.790904
-597.459957 -54.704278 69.335738
-224.438610 556.127013 354.299112
-459.276625 385.558014 2148.919203
-162.038194 577.679230 2124.576670
-515.548565 -307.714186 755.303831
-424.651517 -423.232177 843.868587
65.618586 596.369619 518.373120
-8.546981 -600.325266 507.152742
-347.929984 -489.229893 1420.699952
-594.772591 79.511767 1175.435394
-232.946473 552.841192 1813.364748
115.058960 -589.294183 1305.869279
-585.967942 -130.892709 152.334241
571.223166 183.696585 223.387602
-512.699176 311.410398 2039.965584
-408.595223 439.759760 1137.828889
-554.628657 -229.359494 1640.788068
397.479489 449.247066 929.783064
-417.037923 -431.812018 863.016722
590.511736 105.188126 1350.053362
192.986506 568.162401 712.413860
573.038344 177.493771 1764.307061
-484.329717 -354.663567 84.437424
575.892545 167.317168 281.967389
-432.130155 -416.188077 673.306114
599.309592 -18.388724 1299.861071
562.739646 207.824927 417.805414
-394.412944 451.811054 826.029833
-31.392397 -598.757651 1353.662267
-388.176142 -457.455635 675.585770
481.829310 -357.951942 701.708234
128.642132 -585.698838 2029.838633
-596.974428 -58.298210 1158.005301
516.613005 -305.440105 1590.477749
-574.497493 173.063010 98.403983
-299.187986 519.631113 261.483956
-8.163382 599.820420 802.020860
570.856552 184.360925 1743.268748
-441.636786 -406.169306 383.490855
519.469330 -300.353596 2110.578926
-586.270039 -126.863468 1395.835464
232.921929 -553.247450 647.864728
-554.799180 228.702424 923.304647
383.611319 460.749194 572.621325
-36.643382 -598.973679 46.095538
513.715147 310.029066 556.591894
44.504983 -597.939725 808.128561
596.548200 65.371068 1299.120229
20.813483 -599.167577 1106.120120
-175.825991 573.948402 1814.869340
482.342072 -357.056937 1823.290036
-523.776454 293.902758 1853.234036
-444.228296 -403.177951 1061.032664
524.088585 291.325623 145.381692
-296.658056 -521.485648 493.120101
-452.462911 394.275925 625.909189
320.728184 -507.195569 759.669900
-182.819789 -571.518127 1126.807216
-581.217076 149.761507 1511.328100
-561.614859 211.779659 549.076649
526.335594 -288.460670 2106.306707
324.725097 -504.392150 462.787594
-298.118767 -520.993763 1476.006331
-579.525994 -156.313762 1366.980026
-596.629156 -62.645988 1358.305765
559.639033 215.698392 2082.109410
39.991787 -598.624825 1069.433822
-600.217652 -6.631429 267.375836
-42.934641 -598.552186 25.245795
-376.383566 467.082453 1.709817
61.060290 596.801026 2065.590660
231.318597 553.813635 1166.731637
-593.747959 -86.502469 682.749480
37.511670 -598.537185 2077.352277
-534.492349 272.463841 1043.951461
-540.135293 261.425129 1579.116769
490.014881 -346.814643 915.587512
-600.070333 9.680723 1771.002406
-22.222692 599.588436 1650.367011
-575.653089 -169.831181 926.205923
-494.586129 339.588412 1811.760312
-473.672671 -368.171912 1955.325291
-227.084656 555.800975 1527.177840
20.654434 599.859829 182.381580
137.516044 584.144986 439.180663
233.083828 552.349726 2195.206726
328.793437 -502.023633 1464.906524
531.556027 278.905390 803.056657
-193.591100 -567.679186 1610.650137
-210.094412 562.174824 1214.599539
-76.801015 -595.165399 469.808041
590.687180 -102.301362 156.028886
-393.671325 452.881498 1108.065967
-586.051242 127.153938 820.343678
-126.410400 -586.279787 93.026540
-567.732858 -193.371891 1826.389206
-525.001975 290.773800 643.352924
502.943829 -326.529370 408.696090
-24.229689 599.241991 1782.967463
280.936747 -530.131773 2105.533043
-344.233418 -491.702487 877.954048
561.762702 -211.205542 1619.277917
201.798192 -565.267329 378.630027
-319.239786 -507.548114 662.093143
8.397317 -600.030410 319.511728
-276.255126 533.064799 708.162327
-420.697106 -428.063133 593.541514
-547.024761 246.723092 1543.724670
-503.363041 325.723357 1643.211696
-301.267617 -518.624868 1802.065167
594.936828 -78.437361 326.129614
-214.221095 -560.062431 1537.869822
596.760835 62.349608 1429.936906
-251.777933 545.105049 1205.749427
553.647715 231.564221 193.833609
109.729187 -589.892078 1238.794049
-558.985830 217.939637 2099.210055
-359.330927 480.931056 1123.942290
-167.196997 575.924697 1557.536083
27.686051 -599.446593 1064.111488
569.618318 188.859987 280.527190
538.648799 -264.294192 1546.922567
-127.998488 -586.348374 2113.624991
-540.763426 -259.723092 410.549679
-338.117077 -495.988501 1826.421044
489.818482 346.914837 912.529005
-353.547082 484.475416 1231.174850
481.739126 358.310515 1761.269324
-600.262332 0.847818 191.487447
571.325913 183.447879 1186.141032
-600.388150 -5.841928 380.335323
-514.412382 -307.822729 1585.069356
599.351156 -21.324699 925.150361
426.432432 421.925886 1064.808903
-418.633231 430.307390 62.582111
522.740898 293.307793 1625.987348
-525.534596 -288.578981 754.957664
563.873995 -205.123127 1252.871956
599.935930 -2.018061 1872.191998
574.858700 -171.054153 881.676238
-323.869396 505.132008 214.325292
94.046915 592.499284 243.346474
-355.104459 -483.671148 2101.239098
-598.048530 45.275026 700.313024
-599.598032 16.529449 26.548085
-474.007773 367.711868 590.939613
83.949749 -594.286302 949.960523
120.904859 587.626038 879.925808
229.437210 -554.330177 348.727902
502.937028 -326.957082 604.316368
-515.167688 307.887164 2019.238379
560.676463 -214.504718 1266.894601
-232.593850 -553.063277 420.418836
-530.266693 280.200666 673.276378
-539.617536 263.135021 1887.763548
-279.856182 -530.731795 38.884452
465.741051 378.153307 1349.762596
-539.642635 262.843003 1871.250294
-542.663323 -256.291097 1959.865386
558.686101 219.867843 1924.724632
447.127272 400.124985 1050.416176
-404.133871 -443.722059 1083.117301
-39.125156 -598.390486 2057.478973
-592.907847 -91.201296 1362.343349
590.520726 107.035213 1394.919656
-286.413301 -527.453254 1522.734628
-218.136419 559.080284 1586.950260
-589.462456 111.279273 1747.038661
-506.278994 -322.663224 902.773934
-346.048030 490.111562 195.163396
-537.742080 266.733950 108.154336
-367.501441 474.014227 84.144682
41.606092 -598.869489 344.943201
342.266742 -493.304290 1652.309963
107.392348 -589.594862 1674.472135
-410.516829 437.195464 892.191948
567.589660 -195.129592 697.534353
506.710718 320.644553 1386.276802
-124.261452 -586.818314 729.533429
379.605464 -464.842577 1269.359997
-353.153786 485.114165 981.329476
530.996350 278.103997 1751.382031
-469.475649 373.595448 1259.720691
-70.670793 -595.761871 1430.261660
513.691600 310.815670 746.112127
55.286689 -597.531295 936.975853
-400.800924 446.188201 1766.768482
343.830279 -491.737752 140.789582
-415.498288 432.386950 1248.862972
458.785988 -386.778635 1059.001686
554.334391 227.382375 2057.060874
600.566853 -16.840720 1949.457739
323.374075 505.647905 514.459887
261.099978 539.817611 71.073874
440.039689 407.645698 2107.357158
105.180710 -590.638009 2000.035450
597.030608 58.110167 18.387542
-567.777850 195.109450 489.435329
-29.481537 -599.500454 1169.027159
-593.368750 87.290227 1304.721154
-203.295247 -564.169411 265.834243
481.092781 358.852139 84.635221
599.023667 -33.736165 262.494148
-134.630673 -584.996161 1004.639237
-430.767998 417.461223 648.998957
-555.524789 227.374423 99.307548
593.558043 86.109737 2078.041517
-599.408986 -30.086579 1640.935347
57.827117 596.944630 2083.434610
592.608361 92.022252 1605.332824
-600.846450 -9.318884 1136.617553
227.545721 -555.396449 523.030914
75.701344 595.294437 1822.303847
-164.088385 -577.047579 1855.407814
599.684793 27.315005 465.884350
309.036436 -514.269185 1038.650061
-556.689427 222.874708 293.611686
-595.270736 -70.152991 1426.766658
-596.424023 -60.574235 700.086151
583.159290 -139.462108 1373.813395
-360.960461 -479.404029 816.139084
-479.065265 361.833722 129.186604
113.154877 -590.048918 1777.260685
480.540470 359.645327 325.016137
-572.629968 -179.290267 937.271934
-259.832051 -540.762162 1833.575819
-322.204856 -506.121826 832.481156
290.616845 524.822143 1795.269871
599.170991 -30.477338 155.964576
422.324516 -425.960219 1223.053304
-97.471134 591.895792 1517.619757
-500.539421 330.614229 1749.079470
192.532517 568.452103 1031.341830
425.740492 423.541545 677.393946
586.151645 -126.925225 1242.070444
353.677080 -484.701568 1699.405498
-87.501420 -593.435762 1368.732781
436.956264 410.938638 981.276621
-396.729350 450.121862 923.479567
-563.913153 205.369860 1320.170611
-289.983572 -525.213040 908.433252
-201.153643 -565.159560 1384.225195
20.499716 599.723395 162.350168
-54.006902 597.626102 881.184862
-550.727039 237.586304 809.196709
-552.831917 -234.371059 926.865830
565.196078 200.713069 1101.885945
-542.074879 257.725427 1855.063404
-415.596616 432.878443 451.481736
469.774349 -372.753774 546.786434
83.601130 594.203698 710.664337
446.885295 -400.840718 643.915986
-595.610789 70.235565 314.123125
530.367194 280.449521 1415.546237
-387.144892 458.089089 709.732087
-311.883870 512.813768 1918.520389
-343.850546 492.184150 332.717382
-298.473069 -520.273075 1824.654888
595.865883 72.512490 241.094355
598.813719 37.224637 867.952806
-325.969081 503.888755 214.525019
233.846476 552.713035 1388.927095
459.429033 -385.535361 1113.195924
598.995551 -41.702908 1458.271497
-95.021197 592.082529 926.750964
-169.796805 -575.572467 432.396619
375.880109 -467.336659 2169.335227
564.623089 -201.434398 1952.258830
-228.329024 555.317682 420.601126
278.714449 -531.019109 378.106308
596.347653 69.105494 87.935443
-497.819003 334.749606 2064.701120
-10.893211 600.225555 787.464824
-153.456247 -580.087146 734.031201
517.429066 -303.119959 1809.831169
583.772302 -139.132323 1807.350141
-520.083018 299.217209 1998.986620
241.928893 -548.602527 671.999730
-34.262158 599.304975 379.792554
-441.799334 -406.084565 477.589173
32.093478 -598.558514 1817.378329
-291.301530 -524.275501 27.270184
520.317629 -298.057570 1931.435094
567.329216 196.510819 1016.060917
545.946858 248.420166 1470.152509
510.434294 -315.733281 250.083477
-115.454332 588.947926 547.060023
510.977488 314.194773 1926.839180
588.152556 121.631107 1499.733162
548.918800 242.699873 1316.459206
388.525177 -457.451860 1270.083776
-485.678014 351.936016 207.506907
186.741837 570.134969 2086.385516
-280.358939 530.561017 970.085380
507.118789 320.215004 820.997389
-429.175904 -419.068820 371.459605
-446.196458 400.601707 2102.150196
-595.107766 76.574817 1545.429405
-251.193920 -545.220227 45.424561
379.080620 464.840936 1108.243126
-584.583248 -133.902904 1557.987166
-599.269835 -21.307397 18.003556
-581.033622 -148.804030 1323.315794
589.043909 -114.067245 974.912688
-562.637208 208.759732 663.985196
449.932426 396.393159 789.956859
583.751100 138.265745 1518.670005
536.228491 269.212004 112.453797
-383.151382 461.458037 938.231183
57.202584 -596.982973 128.073963
-141.169282 583.273590 1791.845251
175.062163 573.576202 2061.934745
-497.036465 336.019197 1455.965155
-246.256353 547.055450 893.791533
513.408407 310.918883 1146.007681
-149.851299 -580.777684 644.572001
-368.982407 -472.310142 1283.880336
-505.500246 323.109656 568.441364
132.622276 585.643659 254.520305
121.696696 587.724461 1225.319554
548.250856 -244.707953 206.137694
-141.809377 -582.864284 1793.683030
-593.548893 -88.757706 1141.124106
510.742266 314.099363 301.891603
479.218176 -360.613927 455.098495
564.891575 202.378736 1299.079838
-213.743174 560.908348 27.553501
595.516920 -74.866311 795.311230
-155.940586 -579.031786 904.832071
305.301475 -516.490667 445.820252
507.115309 -320.733652 1221.416262
591.579648 98.722646 720.523489
-527.922730 284.508046 1358.420139
-594.216745 -84.505839 1974.184747
-559.499197 215.720768 174.402314
-536.313353 269.021972 598.069632
-418.150747 430.741034 78.556619
-231.731951 -553.467155 563.672332
-298.341435 520.134808 611.249195
432.878009 415.972526 202.145801
-436.369875 -411.470392 118.726609
-427.364979 -421.673949 1500.828035
-432.649608 -415.235543 622.309272
-275.273405 -533.696384 1978.832462
289.165830 -525.747699 1811.442509
-0.339601 -600.251572 783.673770
532.042229 -278.079731 606.904721
-339.628825 494.870644 1077.926308
-466.796862 -377.267342 2071.880456
-598.658516 -40.728131 1435.517908
549.799231 -239.896117 1859.919474
599.652427 14.076921 1083.128780
-532.423993 -277.075118 937.734909
286.435794 527.261851 735.202378
-134.102004 584.499790 1744.197055
523.766425 -292.606294 2124.487661
-294.566164 -522.328345 1768.060919
597.488428 -56.593132 1988.521786
-415.989550 432.187409 1863.035292
-504.732796 324.610127 1139.412418
593.067724 -91.608319 1487.773465
175.733372 573.972482 1306.198033
-223.169843 -557.374650 1590.297350
566.380236 -197.745838 654.438885
596.786800 -66.541315 1582.725678
-507.518754 319.944240 1270.499092
200.516854 -565.607284 1778.323717
595.153300 -78.969294 803.833113
284.395914 528.110037 2111.771345
596.047567 -66.704183 1672.942145
-389.838954 455.757754 857.156046
543.311132 254.899954 1521.694560
-320.177517 -507.783825 200.532967
281.730060 529.456858 1338.533506
-6.286217 599.952441 1786.992411
-4.420260 -600.073379 747.643465
-599.968665 10.256528 1514.572665
546.757715 245.948247 834.128629
599.828494 14.364084 1102.286480
276.858751 532.583413 364.905538
-571.421169 -184.622003 871.973821
588.632279 -116.681187 220.244460
-598.395924 44.247195 1296.356423
-599.527840 -29.257554 751.809514
580.976159 149.203575 220.268527
225.716125 -556.271300 1025.594579
182.905693 -571.144142 1450.438181
-582.835308 142.270181 1454.568050
212.022898 560.918181 1281.690511
568.130309 -191.752641 901.419132
584.016741 135.593775 1576.546038
381.303228 463.454570 1917.412322
485.478404 -351.888147 1575.079365
403.709206 443.425453 1753.290620
-547.769224 -244.044300 794.325421
276.764622 532.347290 1768.935773
530.418479 -281.056537 919.184078
-553.802464 229.824830 1195.818526
-454.236101 391.648776 341.725862
-540.106836 261.931769 656.628542
596.930753 -62.382314 581.416824
-479.169463 -360.942767 2156.553705
599.463172 -21.622251 84.646391
-450.794800 -395.824831 1554.889930
47.920570 -598.589263 1559.199219
400.947575 -446.756933 1732.507428
148.638890 -581.264108 772.480962
74.196266 -594.814130 2076.341970
-470.427978 -372.418731 1256.002646
397.916183 448.969379 249.072379
-592.250724 95.761794 1490.804661
-147.089940 -581.871575 407.955266
-146.941692 582.402826 1821.602467
240.968763 -549.354062 1157.176343
524.380255 -291.947518 1158.920955
181.121583 -572.183120 829.775491
413.376709 434.740129 1763.650271
216.911011 559.307511 1334.508247
-267.176839 536.947290 525.189980
533.708137 -274.846144 1290.131848
517.366599 -303.687335 204.690688
253.925197 -543.931961 92.394280
409.137198 438.707110 1071.761138
145.683694 -582.459146 786.914018
-80.239304 594.362512 1877.593162
-465.459864 -377.944627 1011.615372
591.125298 101.504197 138.887756
-597.487149 -51.709815 1226.689853
-407.840031 440.016350 506.403987
348.943565 -488.142440 1603.528634
574.208457 -173.693856 1286.601096
502.361548 -328.076545 2198.483406
-371.676707 470.718269 883.828966
483.852210 354.321593 51.125341
-592.712048 96.481538 989.564364
558.495143 221.023831 758.857002
-456.534690 -388.561076 684.910392
429.281078 418.790828 673.977492
144.476877 582.638925 1884.997227
-486.710041 350.302930 1759.856224
-590.387628 107.637117 282.402498
-576.362874 -165.801740 664.033555
-58.012760 597.257533 920.543555
340.154978 494.230066 53.345871
541.358349 -258.511776 1288.281348
-578.473563 -159.555821 1652.574089
118.525713 588.184718 98.337175
-379.447428 465.161924 1494.593223
-496.380457 338.096305 981.887358
535.522051 271.220210 586.856858
592.478740 -94.645380 1091.649069
-28.744193 599.430685 1288.293766
-388.920542 456.701232 2031.958408
-275.160777 533.417937 534.939976
-517.177199 -303.906258 1697.275166
233.683167 552.992259 1548.089387
580.315543 151.904098 1729.084707
552.627832 233.462487 300.867109
125.209675 -586.880933 1589.698099
-222.919554 -556.955470 1212.689001
484.262070 -353.963565 1111.922054
-444.353384 403.057741 1645.100323
-440.283746 -408.226903 688.663482
-55.528487 -597.705631 857.045521
549.621229 -239.594924 2059.883422
-207.872526 -563.117743 1564.197817
-554.720529 -229.294885 1615.660743
168.760593 -576.283110 1006.487800
593.409328 -85.777446 596.056648
-594.818060 -78.911210 1027.611644
69.091682 -595.701914 13.449402
571.767146 -181.021922 1019.136140
-337.676173 495.954375 1756.743839
-341.791739 493.299473 1871.080356
-598.015365 -48.238658 1677.969392
352.438184 -485.161921 1135.621788
-343.275491 -492.094958 2178.545524
-480.858174 -359.020264 207.996258
598.646658 43.865707 20.167257
-429.659413 -418.997996 1695.142218
-520.218299 299.022343 1438.092501
-472.971040 369.562598 1690.110744
-590.335110 -106.100316 157.338872
-268.468352 536.396419 47.068539
-598.804931 -40.295715 1722.066058
-499.034212 -332.555618 1563.043378
597.851556 44.950753 447.156150
-506.021701 322.360050 39.702179
-247.719499 545.776678 221.506529
122.174560 -587.531747 1204.392497
-565.096445 201.785058 2165.965207
36.266620 598.674859 361.588909
556.293081 -223.571982 2175.814475
600.434591 -11.003068 1616.434876
-551.663513 -235.206416 1057.673299
275.798157 -532.753707 2166.022176
105.338282 591.307191 900.449223
306.179083 -516.426088 1528.033560
-390.237970 455.971657 1148.617976
311.253253 -512.767530 1554.261688
-390.869698 -455.435560 1240.155843
589.202831 111.898096 1263.773428
-416.200402 432.227398 208.263553
178.138438 -572.606085 97.934203
392.813686 453.375999 1501.989694
596.809189 -65.895819 958.973610
473.788002 368.068610 653.800754
-589.228118 111.958103 1574.084099
246.127739 -547.179203 1202.857823
-543.092823 254.516733 1343.851643
557.235550 222.232190 2175.290813
302.416923 518.434559 1449.130394
-583.552551 -140.517117 1344.841463
-261.804793 -539.751982 1509.983765
577.627388 162.126945 1623.925011
-48.017521 -598.320129 1648.332156
-587.887915 121.122134 2029.345056
516.492839 -305.069025 2147.773220
-25.929752 599.920927 476.664792
422.220071 -426.361567 661.828789
-534.322953 271.958201 1677.661935
266.271441 -537.698493 1262.694592
543.110169 -253.792793 403.519705
515.384949 307.314093 1778.998397
485.491284 353.061814 2086.190279
-566.527488 196.966380 1684.471725
548.892240 243.216881 423.868612
-413.547472 -434.614310 594.494740
-448.009749 399.019021 68.088634
577.485919 -163.021479 149.982080
-204.994078 563.850172 2076.151396
156.919818 -578.828690 422.631965
595.363146 78.315590 1534.983347
-144.509441 582.349823 1412.591908
590.528687 105.742630 1898.263157
-559.374928 216.343890 1573.075897
294.093526 -523.160966 400.128882
-8.517311 599.701844 1088.708663
-515.558464 -306.398770 1966.536294
391.860716 453.608129 277.447125
-113.414660 -589.147664 1943.416568
-537.648539 267.770415 675.376078
-311.947238 -512.945375 277.983729
-63.132314 596.724437 1737.746543
186.212469 570.260513 242.035250
-410.681595 437.034783 2168.507935
-598.628324 40.584006 675.469622
543.108378 -255.389861 1869.980427
121.552473 587.580196 10.594944
575.530946 169.410725 987.046845
-348.454836 488.477211 2008.236783
-585.420854 130.055798 1433.720742
-194.757513 567.847225 277.088877
-515.764109 -306.243911 915.842796
227.923208 554.618887 1038.378199
533.512157 273.138021 237.623586
599.926628 13.716851 1649.357668
-226.225674 556.168802 1516.028546
561.850096 -209.171552 2140.939897
99.708350 -591.539649 932.973797
-412.359374 436.235375 676.671103
350.881629 -486.429418 436.794581
-484.284629 353.428178 664.348065
-30.513144 599.198373 1577.105558
224.514550 -556.826153 2186.983882
-335.745590 497.558310 1405.009194
-599.561474 26.600148 2108.608711
505.334694 -322.918083 700.898004
68.040993 596.085493 692.732400
169.903324 -576.034734 998.052789
138.535749 -583.501636 699.412791
582.784606 -142.556821 12.708598
595.839561 -72.790677 838.242611
239.101145 -550.378852 1400.150006
-406.538396 -440.747762 137.595452
599.977276 -14.324702 679.239244
441.036046 407.031179 999.131838
76.219327 -595.172285 2026.942218
-589.432424 -111.888871 1759.406397
549.175367 -240.770595 1362.781315
523.395929 -292.958096 595.942219
-318.922646 508.894211 685.159287
-190.138312 569.082734 232.568244
-295.774117 -521.907385 333.660987
-599.203226 -30.728007 1051.157533
-212.283061 -560.998137 1510.255022
-257.244106 542.320737 631.182136
-378.383554 -465.507663 1012.183913
-514.923944 307.366051 1752.519682
-211.028969 -561.207891 1538.316863
-397.025598 449.885907 1456.550277
-283.335005 529.028151 511.746816
-132.774369 -584.828339 284.963264
157.766906 -578.650785 1878.050490
274.635674 -533.241611 2106.536611
-596.989940 57.539847 800.842649
-515.370143 307.015148 1246.929581
-431.786252 416.747549 434.192604
530.828563 -279.106077 1964.522235
321.495392 506.506601 1399.750487
-237.064693 551.122842 982.795105
271.654866 535.260692 878.618771
276.978780 -531.912548 78.009243
15.631107 -599.530967 640.231003
286.090052 -527.031901 765.333682
37.972150 599.277841 1831.160456
-517.345690 303.703295 957.332120
-143.334397 582.164068 225.060463
-486.006573 352.677524 1889.227383
319.901223 507.795786 932.527269
-108.619664 589.844749 229.827244
-375.290301 -468.222003 1267.159122
-558.215112 -220.434618 300.894766
-594.359364 81.715973 266.718764
-585.590956 129.718910 1014.852854
-162.219370 577.138016 1326.101927
-14.227318 -599.746055 1054.968507
-482.349967 -356.932006 815.815997
-427.085277 -421.000682 2160.717907
-144.949650 582.389083 1190.605081
-126.335999 586.730138 934.284556
-476.877563 -363.454493 732.726794
-396.792703 450.553318 616.372852
-557.273996 222.809742 2053.431723
292.278203 524.048235 796.195392
-120.104273 -588.184730 653.432469
-384.277542 460.565034 106.402956
211.016546 -561.615984 1138.960554
410.557708 437.506928 1345.350600
597.595701 48.186799 1012.370597
-87.838747 593.832159 1073.408545
-138.380023 -583.671786 675.346400
-128.554859 -586.047336 359.105205
-494.262444 -340.160223 1734.288380
-600.201104 10.662976 599.599435
-26.187674 -599.320989 1452.864595
528.498411 -283.617983 2080.125516
506.626063 320.553149 568.566513
275.631447 -532.967844 701.545510
-597.731787 53.154142 585.486941
-403.260061 444.491885 95.515708
-349.230677 -487.994050 2138.476244
588.049784 117.514975 571.789196
-542.900479 -254.778387 2190.793953
561.606710 212.289702 1204.240321
-402.346785 445.471807 539.462742
-60.398036 596.937210 577.588544
-599.273545 29.822025 653.029229
594.239864 81.350462 1082.134771
179.169100 -572.792999 176.425893
-85.486222 593.614585 1754.559591
-574.040601 -174.055894 803.034236
-599.506592 11.880767 1396.258349
-273.795917 534.083827 1435.716199
452.617655 -393.832312 108.139296
503.830360 -325.344614 1743.089815
557.937920 -220.170787 747.626703
540.664321 259.866486 1808.009055
564.728513 201.589796 1532.934420
-318.539618 508.578857 1536.925837
599.758874 -15.385679 2150.227390
-308.448801 -514.399229 208.087309
-363.468079 -477.252055 1936.192870
-27.206610 599.312546 1886.000501
526.136187 288.485999 901.296856
-295.532021 521.920256 2158.801031
-399.554758 447.356941 720.153791
330.890316 -500.364159 687.319985
-582.960864 -140.431159 2053.141573
140.120914 583.764187 1121.975036
389.532880 456.325040 729.232041
-584.719202 -134.082390 1341.571727
-86.361359 -594.241432 1825.297461
553.619638 232.463288 890.603620
-22.206724 -599.868822 1027.652210
-491.009784 344.833686 1607.635750
194.371034 567.735583 1317.315460
599.052842 36.333338 1994.598491
211.322285 -561.442729 1475.724932
-597.559541 58.327718 1740.969915
290.651734 525.050993 391.716179
-556.743320 223.914470 1473.702176
-249.656081 -545.487894 408.756631
-287.851369 526.815990 1845.395124
358.676540 -480.980118 274.196248
-173.710554 574.366203 324.510133
-213.429658 -560.944231 1618.916556
-540.212993 261.591378 1399.575172
447.491394 399.604195 1034.606428
46.957112 -597.838921 80.821969
146.318392 581.756129 1241.675377
-498.912461 334.577356 1304.500516
585.871155 130.202607 1394.093034
-408.683159 439.512810 1178.580575
-554.917300 -227.613479 795.313121
168.494610 575.526280 1837.161179
-8.009707 599.974517 1810.996601
491.115513 344.943981 554.871073
194.741540 566.853607 180.853571
354.252511 -484.129890 30.954283
-501.110072 -329.953306 754.075636
-529.569671 -282.884345 208.657363
-494.575121 -340.087575 514.932564
-491.527548 344.943797 128.939375
284.238306 -528.416475 1881.512583
468.708963 -374.682659 588.042582
-594.403433 78.230970 2179.170984
-599.194184 -32.364694 241.189324
-593.595187 88.512475 1455.263515
-500.433722 -331.416058 544.224367
595.044848 80.761256 1637.278712
-220.810387 -557.926765 684.857177
-73.062079 -596.346086 1079.528065
391.033761 -455.606686 1375.686917
126.445082 -586.627825 130.520488
599.949302 5.191048 1173.895360
-561.698444 -211.104186 1724.199115
592.530747 -95.129383 196.835593
599.662202 11.481645 528.273326
-526.993870 -286.480590 1999.081470
525.409088 290.635467 1791.866676
-97.538796 591.607219 606.634745
344.822847 490.670089 1353.098014
-592.403929 -94.959091 754.567422
-208.322047 -562.683099 667.457548
111.449550 -589.027896 502.477317
488.730000 347.924209 1457.710659
-599.659218 -21.686572 1360.728920
-315.909115 510.401243 1809.014154
-565.239251 -200.465094 1765.217877
-350.636765 -486.705870 470.741583
-154.675037 579.796185 1884.083068
-39.030859 -598.709274 1146.443945
-227.952328 554.529853 596.724556
145.025942 581.940523 569.095429
360.156513 -480.509174 2060.864242
35.309927 598.982149 1012.579402
481.394141 358.853585 1047.549976
582.891187 143.395424 1631.512857
-493.055645 -342.348577 739.898572
-551.519377 -235.451592 1147.198232
265.338001 -538.371788 786.224086
370.757605 471.808090 530.039509
-547.425613 -245.754914 249.604836
-599.705636 -10.292518 686.358720
388.930144 -456.921802 60.093053
-186.632182 569.662626 1557.093013
514.898576 -307.952209 783.635626
-160.460524 578.620116 1290.461448
520.203752 298.849230 89.234202
554.985750 -227.787718 977.450886
-79.441519 -595.144808 898.218177
-421.189997 -427.620098 1530.488677
-557.779871 -221.033741 1331.803245
-433.556592 415.132686 701.620667
596.858849 -61.935607 706.155748
386.392370 458.805855 527.775565
472.025521 -370.237221 31.171974
216.020884 -559.717436 382.628600
489.145517 -347.677979 1554.852148
128.458241 585.979949 959.916419
-173.765976 574.143964 102.907741
-366.547625 -475.069961 2083.132260
353.615867 -484.193031 122.626970
424.938178 -423.151731 1754.097076
363.680638 477.175410 1916.486351
-404.148578 -443.187871 1671.626512
128.588351 585.722516 743.283289
63.336547 596.249247 452.296960
523.460279 -292.575545 2031.430082
-596.348916 -70.414746 264.953958
-528.875057 -283.609063 394.458395
280.451996 530.227658 233.316260
-130.051680 585.893865 371.977330
-581.726768 145.281906 1994.679804
571.700862 180.934106 1065.155274
456.338393 390.721504 2069.099264
100.924442 -591.432278 1109.503731
-422.517315 -426.045359 1837.380037
526.268719 -288.361409 2064.239293
513.909288 309.327350 208.531099
-442.064724 405.501912 1023.392684
-518.054100 -303.533784 116.262408
586.485081 127.410742 803.823078
214.639912 -560.132552 1301.910485
310.896901 512.622896 1040.433504
-569.964277 -187.543622 1682.922828
462.630923 381.379038 670.580431
565.901400 -200.516905 344.098934
193.368205 568.192519 1979.300769
-599.381183 26.567683 1741.819274
527.207798 286.089131 298.874902
452.733380 -393.401182 55.110911
87.140049 -593.614414 1058.524557
446.824359 401.381312 1415.835119
32.034285 -599.370732 305.463597
569.628852 187.418076 2190.271168
-436.611402 411.402247 1610.609426
121.257167 587.703597 1495.441453
-48.185421 598.123295 1710.955464
568.600959 -191.322423 84.957709
-452.625023 -394.197341 216.197767
79.600535 594.842987 1191.137341
-123.543101 -586.824095 1563.633843
75.012147 594.998216 1223.054306
195.445210 567.686433 209.754262
-586.058751 -128.229017 2135.597328
-533.158698 274.299464 2007.712926
585.234097 -131.860988 24.705298
-392.212459 454.223046 1134.521612
-496.735092 336.402984 855.818466
529.485406 -281.936497 1847.088214
-134.926502 584.982866 2172.817164
-498.882503 -332.218232 842.137808
-187.147167 570.544908 1282.895771
-600.066920 5.102002 1003.410928
-501.245203 329.810520 555.509973
356.672991 481.595663 950.769419
-482.887186 355.952445 1747.716827
-444.665663 402.139845 1105.195311
205.631461 563.775749 685.338634
445.850144 -401.430978 189.499283
-318.554468 508.894875 674.541044
-373.734592 -469.339414 1266.400113
545.566566 250.227097 256.664675
-331.091103 -500.043829 1267.622822
344.691320 491.450201 1117.917824
-53.872194 597.325021 982.869626
571.536016 -181.003821 2074.243515
-229.703423 -554.209192 229.169185
-544.012777 252.620458 1142.892216
527.570682 286.375442 1499.446407
-599.229546 -30.543790 589.588539
463.976844 -380.150342 1519.312364
-171.586970 574.448278 803.799490
-325.958992 503.898885 1070.484393
-551.556997 237.045963 711.836701
599.124815 -25.983847 958.271410
-586.010605 -128.078542 674.339421
106.273153 -590.885578 977.203481
395.337964 -451.507506 1686.622279
-594.354983 81.445651 1255.508582
474.351647 367.510441 1238.932027
262.330111 -539.190640 14.232904
-446.563847 -400.236962 173.242490
23.623542 -598.955436 2119.454004
-249.865599 545.448773 943.920678
-186.731654 570.032804 1917.808178
599.574018 13.647775 420.475448
-592.888513 92.896272 27.210141
-591.195469 100.243042 1049.833361
422.598827 425.967870 607.590893
122.999752 587.161446 1101.190440
600.219408 2.299316 859.076755
-109.574154 -589.820253 433.301627
583.301807 142.607811 1232.913178
324.459677 504.017310 1761.290445
97.749059 -591.989246 1010.034191
-594.109344 84.324599 699.314666
-209.920605 -562.458129 1539.108124
85.676548 -593.980429 187.887356
261.429492 -539.693535 1430.533001
464.608430 379.293450 1308.466603
521.318021 297.485143 339.361802
538.930499 263.689607 351.604670
59.349518 597.090390 1561.689588
-587.338510 -122.238731 837.838530
-592.285830 -94.216197 1825.425191
-582.497858 -146.185782 25.291835
-288.023107 526.541454 1491.920824
578.811544 156.256922 1390.735199
-79.476669 594.334600 1450.721446
18.509820 -600.066879 667.631635
-560.935301 213.867202 1735.816514
317.331564 509.432012 38.616953
159.184564 578.166182 528.765848
370.393787 472.143978 1350.730178
555.277997 -227.228076 1145.658668
-345.103846 -490.495684 670.077228
319.846913 507.730926 953.145112
234.611573 552.440994 100.151016
-132.158627 -585.166283 1603.611095
536.889941 -267.975337 603.422433
586.786949 126.566125 51.692010
329.098259 501.496398 1864.091465
-209.369276 -562.391952 1457.294884
-593.549663 -90.194902 1121.035452
-151.286978 -580.882244 876.001353
60.499708 -596.779001 1374.672724
273.052512 -534.681694 1925.043940
538.232417 264.575123 2176.848941
-126.739116 -586.214036 1007.222610
-593.552016 -87.743654 391.793950
-316.687192 510.163764 1891.637241
-573.813770 174.759291 170.151052
-327.720635 503.147626 1058.578054
-429.097273 -419.157904 393.802098
-429.507744 418.525670 1040.582523
-103.242036 -590.691347 1252.148640
568.339125 -193.430239 2104.330025
388.907431 456.898900 1844.847294
59.720893 -596.879575 1190.159049
-165.604971 576.935581 436.910507
-555.755050 -225.610154 404.829491
-566.431729 -196.994732 1181.325419
63.855736 -596.305496 1511.515064
114.208580 589.361917 1898.071396
592.082741 98.425555 769.009863
496.916288 336.238573 922.001758
51.442652 597.820303 91.609010
149.543444 -581.537377 237.575663
110.396889 -589.862314 1671.804347
569.273457 -189.619353 2121.873181
-354.903478 483.799508 1556.627478
312.664024 512.717367 103.617732
540.220356 260.679500 324.963886
556.575813 225.161727 787.880546
119.903641 -587.696069 1441.116376
588.101751 -118.907724 442.204813
272.822580 534.156107 1113.822570
581.330028 149.184209 1127.572412
538.764829 -264.409707 1230.029868
492.117913 -342.558282 2162.742988
-424.573320 423.537675 1294.872142
33.784006 -598.680583 2172.096229
262.503721 -540.085428 1760.118393
386.767448 -458.176592 1486.163274
-274.812356 533.645884 897.250723
38.205809 598.872631 774.043526
174.367752 -573.966675 988.495180
-593.224031 -92.068987 2162.796202
188.183029 569.899851 811.009859
-555.066281 -227.678344 2064.210580
570.792387 -184.881664 1437.617816
339.055182 -495.424004 1227.062314
-424.699790 -423.875636 1054.731925
23.773939 599.439065 1197.267301
-600.034162 0.809443 2165.964557
598.873480 -35.335888 1428.285013
-449.669995 -397.867785 329.266192
100.084992 591.704521 378.998320
565.421322 200.129522 614.488971
-330.377693 500.655287 1168.530888
-474.664889 -367.367876 2170.310702
63.782244 -596.185737 1795.770355
598.786659 41.312329 675.212433
-90.121326 -593.223182 444.648850
490.011246 -346.004618 16.159821
233.987056 552.553991 992.171617
-484.862927 352.986884 2177.057867
325.231555 504.068360 389.124628
-519.916837 -298.144850 1703.256826
494.183729 -340.816398 507.845484
498.197419 -334.629200 1863.970254
557.439886 -220.267686 1313.510004
95.202039 -592.522323 1157.220860
-72.951333 595.715244 88.560453
508.007382 319.189209 403.603152
-126.590800 586.062915 1917.831647
-505.796493 322.383274 1327.121499
-225.593699 -556.258631 1071.624199
297.247470 -521.554510 419.148868
-82.220780 -594.229011 1567.263289
305.157013 -516.577674 461.747926
-575.717986 170.225437 1407.457902
598.042777 -49.721599 717.318693
-384.696881 -460.400395 982.703278
71.345396 595.237552 1800.238740
563.357123 206.527587 1751.612301
-596.478266 -63.889254 1170.609864
-50.155079 597.720421 2030.270054
-11.245305 -599.746743 1502.252459
482.375172 -356.618162 1924.268989
62.189986 -596.772351 2014.437867
304.508202 516.475090 859.997240
-291.396567 -523.974203 736.740651
595.310834 74.995840 2109.197193
599.664987 22.103519 1196.593939
224.376414 -556.048125 2179.549662
349.308551 487.517637 468.328171
-353.847968 -484.761475 149.915359
3.933947 600.256585 2131.195859
-570.393179 -184.633572 14.988509
503.051218 -326.814911 2092.551880
-567.674302 -195.030376 15.699472
391.367963 454.074181 2123.162631
-232.363005 552.934942 1135.935550
259.782753 -541.506963 1194.055733
-198.403794 566.277190 1080.544466
-599.549152 -0.537772 824.636689
131.162150 585.542789 1981.008376
470.142055 -373.187022 403.021752
-133.436352 585.185674 1550.085645
533.854253 -272.933041 239.741694
495.968488 336.977203 1746.300581
-580.725519 -150.558406 1047.745689
126.914501 586.455506 1534.803405
129.114087 -585.729496 1692.095584
585.675938 129.172512 1124.778770
55.955232 597.590035 258.223481
-564.031856 205.336172 929.660469
-433.423385 414.446167 665.943463
256.510909 542.439253 390.927743
596.086338 -67.463269 92.368514
-585.449421 129.260773 463.188355
384.962115 460.302516 806.036431
439.021501 409.054119 402.645171
-511.445149 313.554348 2037.149440
465.425835 -378.670552 1755.218707
267.433913 537.218002 199.534296
596.740997 -63.306077 1712.929802
396.761647 -450.048753 1152.168767
-231.142618 554.239037 2066.022396
-244.036361 -547.625283 1741.620209
-322.969618 -505.767991 1981.748760
102.080569 591.376223 633.960278
-223.958293 -556.420647 1673.825982
-559.684059 215.598601 2173.986128
-438.172034 -409.354814 1620.374481
-280.141955 530.200622 302.384714
-592.316202 98.630710 1465.003513
-21.034006 -600.048497 610.640176
343.334667 491.968771 1842.587830
-480.793204 358.762363 910.949978
-591.347831 -102.051723 279.111899
405.480262 441.828397 496.782925
580.146052 -152.742689 1113.211225
-593.207823 -91.280666 1677.166342
-150.313803 -580.576559 1350.075109
-591.866535 99.919724 2079.641241
364.195376 -476.529354 819.426013
424.625403 -423.828152 796.261947
-79.961342 594.571120 1931.340108
-595.447284 71.530849 1693.918748
116.411747 -588.584557 1332.899011
-482.532019 -356.521759 1196.866316
-497.474011 335.488613 1498.568369
518.405982 -302.153482 314.805812
413.553872 434.549588 1100.534741
-22.998247 599.560038 1995.788279
464.537576 -379.574949 995.163064
362.865280 477.982559 1475.811545
23.869182 599.242290 1270.570118
507.485235 -319.415272 245.626287
133.894212 -584.412389 1701.450924
-503.340229 -326.658340 413.809115
406.524743 441.346102 1523.173203
-382.280517 -462.163636 655.983166
584.610543 -135.323365 769.878292
554.842237 -228.766834 1451.492347
566.295101 -199.800707 258.368990
-194.923509 567.593915 477.134119
-248.140675 546.246762 524.460834
-574.460686 172.209914 1393.770882
-166.924947 576.146868 770.713164
509.683044 -316.623634 52.998612
549.639858 241.842807 145.490698
-375.473809 468.379506 835.612907
-484.488614 -353.623001 604.921407
-338.889083 -494.809025 1736.758378
-285.596267 -527.562737 295.910659
-416.557581 -432.196838 696.285486
477.427732 -362.967432 727.219733
595.021317 -78.963844 1484.853972
10.652838 600.508909 1868.657755
-494.462084 340.274548 897.456118
-598.317238 -42.744825 1761.579275
-570.981475 -185.006799 1671.038622
309.769478 -514.358790 2168.606232
-9.551139 599.910467 26.514096
599.906509 -5.692783 757.528340
-89.504565 593.324470 599.336701
-522.996055 -294.478742 912.476377
257.109230 542.296443 109.631025
590.792018 103.634241 1441.798756
-586.744673 125.555623 3.367672
376.613392 467.078475 625.766434
-382.608272 -462.046663 20.416355
-152.972413 580.055302 822.933046
-599.220376 32.654209 1190.335518
-429.968271 -418.492489 997.675790
288.025102 -526.513499 1564.616780
-211.161902 -561.452838 1626.994477
283.688106 528.136289 2011.268038
-588.171959 117.334062 1020.237011
599.595453 13.402672 426.335300
-487.873412 -348.773748 258.478616
-438.327490 -409.824150 719.217042
-193.656724 567.845360 617.955208
582.083801 146.873483 1819.203657
-507.740003 319.477408 1898.279797
182.279212 571.499823 869.595857
-425.020620 422.737674 1751.438073
548.302492 -243.164603 1121.641718
-146.839450 581.987906 1981.454950
-599.538146 -16.434483 573.027020
284.641397 -528.331723 624.586683
416.271079 -431.542882 85.199884
-2.148119 -600.136545 1519.327197
-495.631203 339.166821 573.539810
-246.251350 -547.271905 1855.268088
160.399552 578.350076 540.356673
-591.957809 -99.057922 670.891166
-503.045154 -327.037387 48.325708
-298.408365 520.873091 229.181610
-189.817121 568.872123 1962.810501
154.033097 580.519865 1974.389709
-163.919978 -577.272817 1565.908718
418.930616 430.137062 1078.160740
-492.800116 -343.325271 2063.492431
-542.899208 -255.442939 1130.484578
195.534179 -567.544343 1068.306959
553.968165 -230.876509 1834.566251
-97.372034 -591.232995 251.082466
-99.335139 -591.269039 714.908196
-597.033985 58.897705 822.916662
-390.761796 -455.804901 972.709329
-372.094939 470.396928 1246.812214
102.156501 -591.272596 1689.107573
299.064505 -520.654920 1364.138862
423.460120 424.953458 1714.973069
599.323547 -36.128833 530.267264
576.146350 167.739905 889.771807
570.968089 -185.480153 1421.451819
-377.644369 -466.364206 895.842313
-361.319426 -478.934000 900.301959
-580.508710 -153.029568 2013.473149
-486.735077 -351.382651 697.209493
583.390192 -141.210890 830.522744
-579.132056 157.749381 1880.108347
523.214666 294.980680 842.740359
25.734541 599.991448 1288.705511
351.921764 486.063780 1651.017639
272.956532 -534.749166 34.462410
203.491395 564.726287 2026.772382
195.352761 -567.614017 736.414135
492.883817 -342.246439 923.072319
599.200256 -25.234901 2044.094617
62.887154 -596.649956 485.536745
-541.505173 -258.509332 781.470632
543.707134 -253.908652 2124.011446
-153.600184 579.771909 363.796286
-600.319145 -4.087193 2054.975462
432.297486 416.507639 962.802869
580.752116 150.024128 529.484546
598.048492 52.688924 507.556580
115.934764 588.799156 438.793742
594.248992 84.648001 248.756039
599.326748 17.946131 818.766940
-242.457171 -548.517698 818.674317
31.588423 -599.290744 2098.869749
-356.373023 482.219976 898.945383
-376.036033 -467.625352 1607.731860
204.024045 -564.199762 635.412737
572.731348 178.155802 1779.775652
-117.218281 588.438884 2053.866486
-25.562888 -599.688795 1107.417224
-425.741328 -422.991539 1364.315566
567.574265 -193.811683 439.108167
271.311335 -535.625172 504.299948
441.003953 406.631399 482.615966
-438.709189 -409.763030 722.317662
316.757963 509.374633 775.269034
476.942342 364.348085 804.491360
-485.776963 -352.370010 1800.774508
598.665703 39.386073 986.041602
562.816978 206.915075 481.974045
582.804171 143.750828 1575.841565
39.643082 -598.516057 543.331916
548.933403 -242.455523 1374.666744
-157.175523 578.748190 2096.233266
-555.047338 228.572421 983.315956
595.501726 -70.774669 601.178465
-460.483547 385.326033 78.110139
-554.927169 227.537642 831.214759
-556.699635 224.170630 145.129441
554.589517 228.545430 572.518722
558.186425 220.558989 252.442150
144.782624 582.122201 1313.546367
157.826079 579.268033 170.771701
-2.354260 -600.428548 854.071464
587.455813 -122.181764 329.306343
599.331108 29.341953 2188.756484
599.980821 -5.304642 1152.255724
187.224569 -570.688557 302.531561
-284.509532 -528.438845 1408.676503
-591.726346 99.639593 905.651765
472.300859 370.234407 1361.538005
299.652206 520.068229 875.368326
-277.973595 531.303493 45.577124
315.068099 510.823868 1187.549755
-108.952961 -589.711470 90.569546
-599.488605 -17.916643 1841.996049
-594.723820 78.597143 2080.586592
471.891632 370.354963 119.891604
-507.317806 320.527472 896.722208
-593.595683 89.081052 2051.766829
-599.185141 -30.795957 2122.489203
-207.384493 -562.698442 1448.910042
-43.316764 597.775327 1426.412790
-461.108127 -384.551355 1522.415205
117.159922 587.973902 961.677932
110.905355 589.547589 1512.103585
484.048583 354.634665 1929.237601
116.729054 588.438252 882.985992
-54.094222 597.688254 508.119340
-255.364384 -542.878235 2164.647718
383.231578 -462.431084 130.885055
-422.498648 -426.579898 245.916343
-264.819468 -538.297935 1407.042204
-410.465386 438.199187 1770.939918
-170.460834 575.151364 128.362474
318.529177 508.973744 795.318917
600.054919 6.334781 1260.415722
515.009297 306.758430 1152.342252
598.369360 -51.167547 1389.383953
361.671905 -478.672279 1111.798106
-433.814408 -414.495092 594.813416
88.427854 -593.327147 962.870422
64.036805 596.674183 1475.560551
600.210505 -5.899453 1142.245606
-43.238885 -598.532987 903.175061
432.755482 415.966405 1492.698756
535.315806 271.579686 1620.692833
-553.103778 233.422925 862.668451
-94.662789 -592.454166 203.092442
-543.186048 -253.772682 412.920146
397.799487 449.419310 1383.331133
591.503750 100.342144 98.778815
-453.877939 392.099719 972.058660
424.942967 423.396128 1039.165808
594.578281 -84.911413 896.587116
421.524623 -426.568520 1362.446426
448.017985 398.920823 134.507385
-489.750849 -347.467517 1745.375654
519.187159 300.752209 763.351924
567.565158 -194.693390 1102.954567
-344.960794 -491.116423 102.561832
253.206465 -543.565684 1158.511177
513.182227 -310.736921 539.670099
-534.757623 272.125315 83.037780
-97.064276 592.232428 1319.947117
-478.101277 362.726063 597.605881
-600.101186 -9.995288 1731.475470
-27.355055 -599.366612 1130.604555
26.206937 -599.074449 938.070055
-237.253972 551.061432 170.958625
260.301253 -540.922110 180.541644
-496.940871 336.364210 1180.939322
-334.052198 497.937444 738.976888
435.141882 -413.260531 1611.188813
-585.182476 134.211813 304.653355
505.184860 -323.773259 1423.232798
578.754130 157.316621 1031.718864
329.684163 -502.043995 1306.724844
-598.989115 -27.213036 1671.076389
-594.762108 78.634607 1147.882199
358.649653 -480.862161 1560.434740
19.792652 -600.361976 764.233412
-212.371295 -561.155947 165.866767
-599.119804 34.247403 0.542150
21.611102 -599.498177 1050.251467
-599.460211 25.714001 1041.719102
595.977559 -64.908586 1121.010386
-52.346430 597.656486 1399.475624
599.695517 -18.800283 1613.867907
-568.634608 -191.129072 1953.668618
-287.608551 526.726275 512.757249
446.857978 -399.160599 609.420076
546.827507 -246.920829 621.135230
599.361139 8.228499 1312.681494
585.804469 -129.158411 1585.075428
-598.309063 47.505365 268.706809
-423.822241 423.941645 851.522216
-581.191602 -148.863480 1310.839743
562.802479 207.902537 1526.943960
-429.228044 419.251767 567.405124
-529.448527 -281.577918 2015.160994
398.090503 448.756153 1363.179685
-363.776394 -476.489354 1183.482782
-582.837955 143.528498 1468.586676
231.282129 -553.668484 1238.737006
-40.161775 598.850734 1938.485978
-86.995379 -593.734892 742.181605
388.427759 456.486257 2073.948435
-408.416765 -439.228817 294.061455
-487.464939 -350.548141 468.771569
-587.217846 -121.545697 545.306059
553.773764 -229.984350 1363.936956
495.427032 338.276161 296.684347
-141.072351 583.180647 919.550453
-22.878036 599.956008 1316.047329
421.801544 425.994283 847.434092
307.615144 514.885671 272.818796
581.532807 -146.353399 532.473865
526.484721 288.164525 1243.119326
554.882124 228.666442 931.238568
343.242027 492.303564 609.136173
-466.873851 375.834909 392.068141
385.723691 -459.253137 1835.882931
-566.334499 196.565451 1456.226081
500.266042 330.796402 272.881577
324.597864 -504.387231 21.575583
-488.287906 -348.945764 1316.407990
-575.744975 -169.261813 2084.612207
-258.925216 540.963715 236.464109
523.502940 -293.418943 885.038239
389.536875 -456.567930 866.777110
393.442030 -453.253671 359.910722
288.210393 525.951517 1041.285899
-593.238400 -87.111058 2124.207525
247.627236 -546.532824 1552.550043
575.117376 171.037015 1893.553346
-513.882763 -309.216499 410.903747
-20.474131 599.262608 1839.625421
149.789249 -580.825293 1722.365255
583.091643 140.989726 714.050067
541.910162 -256.963155 2152.194315
-597.852295 -51.265227 543.731888
-12.112730 -599.789337 2067.745979
303.708965 516.859303 565.434784
578.320552 -160.436946 967.413041
113.738900 589.442971 1557.143560
292.285678 523.763835 335.930981
599.181572 33.926744 2014.114837
416.381747 432.191121 465.622949
67.978571 -595.684746 377.943291
540.634813 -259.892290 1941.975180
580.654184 150.014870 478.728764
-361.641749 478.512706 1500.810289
-405.789095 -441.587457 734.445139
-505.052582 -324.069568 2182.949367
4.480115 -600.048456 702.867797
566.950163 197.290112 930.295647
317.393905 509.808432 927.363657
570.028353 188.043586 1985.210531
-2.972998 599.597591 1145.032690
273.607996 533.900129 1563.796132
460.651964 -383.587530 678.746291
568.641065 190.860101 2138.673587
261.062850 539.678064 316.677339
182.658881 571.423559 2024.901062
541.049355 -258.943712 449.046786
595.096750 76.578899 1672.942957
-560.619397 -212.997558 1783.665001
469.112885 -374.169092 1499.565515
90.304920 -593.272341 283.393813
179.925711 -572.522079 119.911032
167.117701 -576.359294 1713.660875
406.720872 -440.981758 504.400933
9.246711 -599.513497 512.291082
19.028367 599.695418 2010.622799
-556.668951 -222.758094 1630.760765
-594.013048 82.852542 756.516413
488.171538 -349.912658 771.028407
-512.890517 -311.331929 1799.506543
113.622146 589.086245 638.593127
-426.757652 422.336093 943.505611
-531.381079 -279.489725 1445.505997
-543.378990 -253.570440 1373.783865
588.799292 113.487832 317.670805
-46.616081 597.821729 315.827699
-599.722212 3.394709 2046.738442
-570.348679 185.279700 2095.831679
-393.603102 -453.386166 328.284842
336.373359 -496.517159 524.007077
389.934869 455.579814 1472.260507
-570.746892 185.470317 1334.297618
-575.387839 169.263887 1129.678289
-551.996550 235.957272 1448.497007
-294.416597 -523.133950 1634.231140
87.368354 593.752927 1257.391557
-487.392108 -349.597609 1253.472519
599.663880 -17.520641 690.668298
-593.662843 87.963553 1874.990660
547.450753 246.705588 885.999075
202.862405 -564.965499 302.549446
391.908423 -454.667835 1238.084258
-520.016251 -299.242315 2070.449852
-215.887266 560.098005 736.769124
-534.583202 272.588116 799.480826
-54.547583 -597.894469 1286.011830
561.133629 211.595278 890.035707
-10.102276 -600.087360 1178.572847
514.699554 -307.365583 279.892427
-12.282219 600.178533 2157.658123
-100.705857 591.474881 779.280930
-184.267539 -571.148011 653.277909
-156.819543 -579.258034 1378.940755
596.925984 56.923397 529.245485
-594.237243 -84.972971 2051.780627
549.109537 241.660069 323.338486
-100.916017 591.374771 279.200589
-53.428454 597.327721 735.953411
282.739404 -529.415814 2140.432844
485.224137 352.634712 1610.302456
216.816903 559.691916 549.430799
-116.054274 -588.533725 294.183847
400.430334 -446.709373 193.320432
-574.998782 171.735805 175.375816
-481.667530 357.844925 332.690318
555.294201 -226.926616 614.129285
-141.936956 582.984541 1324.902547
356.316291 -482.828592 1313.463013
-566.717318 196.671436 1798.362647
49.229513 -597.643730 1530.744556
262.744979 539.303133 714.209071
593.023689 -89.474911 2093.211005
189.988333 -568.892913 2146.941101
479.421446 360.664249 968.777758
311.880251 -512.383483 1947.378688
-348.441128 -488.989493 141.362807
199.804663 -565.669707 34.930498
279.980195 -531.405421 1504.568903
-511.179053 -312.994390 1227.673121
279.083133 531.615350 1627.752964
190.905287 569.432418 348.115609
-403.569740 -443.888820 1778.112083
-560.075642 -215.634583 73.664014
287.328068 526.669926 1525.383952
588.396756 -118.685833 1952.457694
-65.443271 596.388321 1381.858868
70.709429 -595.642490 452.350362
-429.196456 -418.798847 1712.033551
277.541514 -531.825946 1288.212885
587.096451 124.575598 1293.895979
565.152707 -200.933558 332.142258
253.176235 544.062472 1548.387871
-314.124477 511.570603 415.897211
593.726385 -82.599892 1848.743055
-386.407085 459.714569 1898.648316
513.739149 -309.752649 1908.084757
-491.182470 -344.025155 932.244420
-519.906497 -299.476412 2092.511915
-556.525782 -224.477698 1852.526381
508.618539 -318.258820 1141.750566
585.545430 130.415829 117.246986
128.694871 585.983663 1909.644671
266.168037 -538.087516 1917.731716
40.598218 -598.516392 250.520320
-169.581650 -575.239594 422.405050
-461.339906 383.389670 883.620048
-505.658334 322.337740 672.228782
472.079458 370.637586 1229.218805
-583.543421 -140.628984 707.989192
279.217192 531.358486 550.746674
-40.700270 598.657978 359.269692
488.613361 347.215954 1206.186202
-347.159205 489.309123 2079.546072
516.026569 -306.580390 1036.278859
370.933810 -471.304538 1035.154144
-353.928529 484.600096 818.315712
568.471312 191.289853 81.525944
-523.445021 293.254729 841.768814
-539.887291 -260.809434 1217.191791
-36.364626 599.054277 1984.868532
-343.656398 491.539589 1436.602556
-415.418280 -432.965033 252.407223
580.587533 -153.423535 1288.777069
591.411322 100.387981 1329.858157
-547.658004 -245.438704 1069.487195
-39.884041 598.956480 1164.159339
463.156568 -381.318498 542.083545
503.369732 326.602415 1102.931900
592.918233 -90.408300 827.633336
159.270959 578.113298 1174.793273
-574.850360 171.736354 1596.849682
421.418903 -426.894707 967.523554
-133.339624 585.136142 280.412430
-598.971673 36.416266 2172.094712
-579.202463 -156.536547 1977.514948
-550.064890 -238.852770 1499.721327
-456.072108 -389.468228 1608.461906
27.303605 598.751817 1359.810773
595.543665 -66.493874 298.029751
-164.588614 -576.982902 1841.649755
-287.516724 -527.212507 721.308862
-411.348771 -436.587497 1141.969868
-208.580421 562.359881 1075.969653
102.538333 -590.897734 693.819400
600.035650 -11.139337 1301.978027
494.154070 -340.734887 74.649903
-593.431089 -87.467140 1036.635742
-159.339415 -578.608537 1664.368537
-24.468110 -599.596568 729.054833
57.380493 -597.008398 1784.389578
-594.904932 72.315155 359.073379
-105.723453 -590.671407 396.751704
309.150589 -514.280610 142.181351
-500.392147 330.599172 2048.050951
138.825742 583.313902 871.824563
-584.446291 -136.643785 471.170259
-441.818968 -405.596836 261.440652
-114.985111 589.125397 358.190008
-405.620351 441.781912 390.311884
317.202001 509.610455 760.230633
-140.444270 -583.595539 1774.297025
332.276789 -499.617328 316.117312
-576.921452 -164.359271 1206.603318
41.259590 598.666354 953.018690
-528.083235 -284.372338 1059.601917
487.258466 349.646949 262.590777
579.082540 -157.375475 359.729653
533.389115 -274.208168 1096.899410
-437.989548 -409.834006 437.973438
588.483563 -117.597123 960.525764
312.430598 -511.960975 1640.554909
-169.606511 575.505123 1616.605519
-597.326404 -57.110269 1731.454026
582.795645 143.503280 1627.093990
79.063066 -595.088728 1378.859415
-424.041365 425.284094 1139.468434
-451.495507 -395.475330 1782.938474
-207.430027 562.836122 2150.311007
437.317548 411.303022 1003.547515
-186.472071 -570.321206 1937.448411
-301.717310 -518.164660 359.798887
-473.000338 368.879023 1783.884547
594.694640 -75.362731 1867.666085
483.040841 -356.290568 457.115744
408.406651 -440.017956 1307.906881
-573.811482 -174.692116 2015.587613
-591.833512 98.133242 559.712053
-574.558854 173.853180 1130.793934
439.202622 -408.495976 1918.458096
520.030101 300.737926 85.200681
563.048253 207.866199 609.579617
248.072392 546.680437 845.670486
156.686515 -579.126247 1614.752552
-45.504977 -598.252662 1967.153428
594.804980 -74.447487 1338.879273
596.476211 -68.446510 1492.654729
83.437402 593.770216 561.380461
-281.819116 530.374482 496.727162
124.268441 587.344920 220.206143
172.166238 574.495275 1390.603422
293.862558 522.399759 1671.873840
-168.438120 575.816129 1669.697604
-322.876331 505.958500 1502.364164
-169.194348 575.748988 1096.671842
377.570785 -466.715861 387.838733
600.302672 -0.710626 1882.284136
518.143083 -301.795244 1468.531213
-536.216384 -268.931116 1001.742708
557.151064 223.513918 1089.695332
-306.146865 515.661795 840.494148
224.784021 -556.782923 1442.457768
576.871053 -164.001620 1114.531760
-580.738990 151.895655 1431.168020
-399.150953 -448.113733 2.274370
-147.103902 581.899592 160.684921
-495.701935 339.279860 1129.235444
-453.899798 391.965541 679.345902
106.656873 -590.940333 620.464632
-312.341515 -512.496892 940.597329
-459.500240 -386.048596 1342.517830
-228.461038 -554.967870 2057.725613
-600.155411 -7.266688 2166.490667
396.933155 -449.316543 1677.403609
450.008901 -396.933625 1114.370130
-599.671176 18.487521 2103.079262
-64.395518 -596.493490 61.288308
-564.846187 -204.523950 884.959309
205.374434 563.575055 1459.196696
536.928587 267.396325 2063.358039
-393.939916 452.688310 1315.411320
426.310566 422.914729 725.503440
227.776163 555.140473 1186.485763
83.359850 594.178442 992.713558
136.795452 -584.344069 1815.377262
52.579477 -597.500559 2104.435524
-263.160594 -538.989432 745.347101
-507.019983 -320.801740 1621.710504
493.547494 -341.060037 1691.018267
500.768465 331.031144 738.708732
281.580545 529.621148 2185.732656
248.593303 546.257016 444.229902
-597.096652 59.635529 113.507504
-231.283909 554.178489 1702.724905
-524.394263 290.909475 1419.100947
213.711251 -560.179171 1081.164661
253.623992 544.186159 1122.598449
-595.973221 66.178259 1112.713498
-351.197681 486.356374 716.469218
19.746285 599.023471 983.201312
-481.754097 -357.331586 190.413038
-390.760791 -455.536773 940.252282
-46.092473 -598.168045 1441.176237
579.871614 154.987446 1895.471959
-114.794473 -588.602810 987.978286
40.412647 -598.525036 713.919713
131.118348 -585.286231 1082.635630
42.632960 -598.769774 429.456757
-599.545151 10.305385 1573.475706
355.135518 -483.277148 1822.964022
-177.116252 573.408102 1226.864549
593.156122 -91.322792 1886.469868
-16.492362 -599.857963 603.722084
258.810753 541.411552 1041.179002
-170.894829 575.381331 801.698756
-24.633444 599.504491 1362.634125
574.694168 -172.204541 1301.657526
593.288763 -87.942408 839.106396
564.031032 205.160009 1993.453394
105.526514 591.140625 2022.592272
30.909564 599.543945 1456.860507
-294.118594 523.129418 1303.702744
-482.733250 356.513306 1394.491519
389.155518 -457.000395 746.997273
371.375861 471.674122 2150.804092
321.005572 -507.007917 659.219256
-494.920494 339.400562 619.709416
525.565750 -289.506482 1894.963834
-176.656689 -573.177150 1232.436728
-345.047503 -490.850827 563.384255
146.172282 581.935537 1154.533492
-72.829570 595.382811 1067.776784
-272.567770 535.117074 507.278926
113.991950 589.303049 1693.921717
-372.472474 -469.910959 874.656478
-96.121875 592.505267 1927.494611
542.898787 255.784739 1774.909890
-210.571541 562.490592 611.559368
568.907744 190.506963 299.366182
521.774184 -296.798524 211.328837
168.715572 -575.584833 192.765145
477.154528 -362.500289 1213.398745
462.353104 382.516591 732.958951
590.880842 109.007006 92.432297
-420.654572 -427.596418 78.675879
-350.857083 -487.126518 2113.940913
-21.234503 -599.395314 893.648970
301.109528 -519.014222 206.906356
-598.322281 40.253237 226.214753
376.790832 466.539250 21.072328
506.447083 321.390687 587.661096
592.294795 98.386484 1316.561561
-535.153973 -271.963572 44.256021
485.296936 -353.078175 406.835937
-449.612016 -396.446503 1448.001520
-254.815879 543.345334 466.976391
465.459561 378.214490 461.540941
577.390243 -161.918021 1188.713477
-368.965164 -473.492112 2119.467784
-540.829907 259.625639 1117.086964
507.225438 320.200694 732.000132
-538.004019 -265.294191 1137.258788
385.760090 459.751389 2199.271157
-589.700667 110.511658 1686.802254
-172.551210 -574.522324 1036.736712
259.119903 -540.894432 559.387428
-305.697811 516.836391 1415.001396
-42.376920 -597.922281 644.991124
143.201868 582.765819 459.636036
259.920567 541.157528 705.911275
-584.029176 138.720692 531.513326
219.894499 -557.924604 402.199248
-345.264585 490.276940 1098.287205
-181.327300 -572.101772 235.753437
-598.163246 -45.351645 1831.901671
-469.129997 -374.933588 1894.622304
169.185437 575.855749 228.803748
-595.239070 76.757651 2004.907231
456.068145 389.443673 751.872125
284.948674 -527.373524 198.740596
169.202749 575.359671 689.367687
-571.259931 182.158880 475.375744
329.617653 -501.506000 1914.591756
-25.424660 -599.412334 1873.673469
-362.568852 478.544047 262.538580
-95.994388 592.667709 1643.158308
544.008447 252.851436 973.829392
599.376771 29.909444 1363.392547
-532.672738 276.235308 1812.452347
262.376778 -540.032422 520.617108
351.102903 -485.767974 639.333534
262.947941 -539.634537 1867.928044
274.105469 -533.385370 1177.923715
-583.062430 -142.713395 1662.604289
597.172544 -55.778712 288.404067
-5.504352 -599.886444 458.948140
373.285609 -470.331168 1914.559895
-545.658584 249.975505 593.692601
319.549770 507.395233 805.833665
-465.123083 -377.968829 1809.945263
570.131866 186.145118 813.612435
65.224701 596.647953 751.686951
-521.436048 297.151434 793.332559
-232.840981 -552.670129 1105.714022
284.962818 527.675340 862.786329
124.931035 586.129371 2180.184257
483.462394 -355.940138 1364.135903
-599.764318 4.440831 909.544166
-575.546130 169.902802 1930.648124
-540.639401 -260.028810 281.547682
-517.859275 -302.979753 1000.193016
-410.523500 438.118237 766.709903
293.276257 523.342254 62.602274
452.977017 -393.912850 604.398090
-10.639355 599.897364 2086.235054
534.213626 -272.714002 218.922265
-480.086546 -360.275760 1920.470035
-593.442159 88.476755 1652.017471
425.802278 422.173541 254.249276
-330.451564 -500.923813 1182.357648
-326.727623 503.069278 1154.596189
-243.189181 547.787008 622.934493
-597.160106 60.043078 97.523571
589.275980 -116.469860 565.487333
-591.195641 102.612663 258.213819
481.146332 -358.170110 1486.454628
-113.245522 -589.515439 1326.759144
553.042331 -231.999659 345.161240
-544.280906 -253.479374 1243.306161
194.090845 -567.692665 1705.994857
-389.473911 455.361498 155.606476
-362.803727 478.620773 148.539693
-510.366012 315.327823 1222.778106
340.217870 -495.052587 660.508274
446.567984 400.608619 575.836733
-171.812263 -575.232073 801.796881
460.101740 -385.261461 1835.919440
-569.420401 187.780722 292.305043
587.965956 -117.521104 1054.283730
585.389279 -131.898212 1723.066620
-336.681109 -496.151982 1434.898495
591.146168 -100.160726 781.515888
150.153526 -581.375927 893.958963
-597.788697 50.879544 1133.070948
-290.148057 524.900372 1576.514480
-498.136053 -334.164492 1417.829717
-61.076040 -596.547750 1334.870777
-578.980555 157.697580 1735.442687
594.261888 -83.380878 1842.184804
-491.093892 344.076309 1584.062957
463.645338 381.152271 691.071038
540.168288 -261.560115 139.322245
-27.015212 -599.625119 674.563041
556.704179 -223.930774 1422.735988
-198.907682 566.117814 442.751148
-578.135818 160.618601 735.743776
-175.346023 573.761452 1027.396571
-412.419728 435.633675 857.706775
-380.622352 463.505869 637.162502
-325.578373 -503.778751 1460.563968
-152.470422 579.761974 777.692459
203.756340 564.243371 1855.907351
-330.343776 500.885025 2007.381955
-541.605638 -257.936472 1663.372921
600.105345 8.085453 1750.227578
599.615193 -18.273833 1935.691343
51.431170 -597.344659 318.984024
134.350051 -584.918304 747.031250
580.439169 150.847534 1221.234079
-591.156131 -104.740534 2186.193147
563.572938 -204.984157 107.554629
-222.513981 -557.426234 2022.861297
-81.438693 -594.286091 557.738485
580.021003 -154.420002 358.095233
592.956489 92.674887 2007.762411
-201.251280 565.146644 29.763705
-257.578359 541.779835 481.894405
-216.283212 559.727023 905.463438
-276.276156 532.031146 887.172748
-592.749779 -92.527411 1398.921982
342.591216 -492.193734 1158.462558
-178.573691 -572.850632 1691.865429
-585.598102 128.750816 270.547673
-522.344973 295.228348 2048.889837
186.077244 570.354212 378.392830
-595.374980 -71.414115 545.178602
-480.008630 -360.610497 69.059903
562.004966 210.482331 1857.234933
555.637114 -227.094011 1526.398290
484.769355 -352.521287 1557.838513
196.505847 567.030758 229.718907
581.596302 145.302382 480.877743
589.019221 -113.265296 1862.157610
212.242951 561.557368 329.617608
371.917873 470.603105 1570.684025
-509.461309 316.248352 1161.321852
595.406215 75.365414 1095.027593
-395.679280 -450.979367 426.191444
-550.215454 240.126592 103.306934
131.108400 -585.463910 1084.699375
576.946520 -166.695257 1743.982300
571.923987 -180.763638 973.338190
-496.644085 336.419787 1973.364892
-7.294962 -600.123753 898.435016
578.199300 160.474072 1094.144856
569.966188 -187.404355 1568.372063
-371.882220 -470.824342 1612.528547
430.238310 -417.638140 1376.954072
598.378826 32.108478 2181.354119
537.836079 -266.942460 1931.038630
588.705852 117.748173 1284.565131
-596.507198 -65.088513 814.040615
-490.114279 346.568291 901.265174
-68.202610 596.134831 574.777653
222.295513 -556.779462 1356.814719
-203.445202 564.716105 628.145099
574.127171 173.797379 1891.828822
-500.967339 329.907735 902.095178
-185.561995 -570.336223 442.107298
546.393582 246.422931 551.252564
491.855097 343.865861 974.439566
37.431420 -598.725310 1767.936227
-130.618259 -585.534716 2117.619939
-377.209888 -466.660245 2043.470642
-594.378131 80.877325 630.666423
-590.122153 -109.597173 1041.939126
289.931942 -525.051375 1968.299168
580.538474 -150.730761 1881.148300
-527.265323 284.697979 356.139214
257.150421 -542.250205 1615.762495
-508.544504 -318.150576 2135.386922
554.837063 227.027291 1875.028209
-265.467062 -538.280230 1054.066292
499.337102 334.061747 1420.217428
-597.385838 -57.203818 607.221249
591.704601 -96.683917 2084.326642
33.861102 -599.267470 1569.654168
-130.944742 -585.479502 243.993867
-77.632859 595.112591 1027.242084
-110.686968 589.901008 167.391795
-275.252424 532.922416 1.917056
599.688153 20.935798 284.980414
-583.760611 -138.248707 1548.452538
327.041641 -503.147699 822.163165
-411.873575 -435.695219 1664.618166
-592.420617 97.686468 29.785711
-468.892125 373.968692 34.917360
467.139175 -377.368490 2053.445070
270.250290 -535.992114 1026.360623
599.925704 -11.489930 1098.596250
589.181375 -112.021239 970.460134
375.601356 -467.552520 373.263717
560.929273 -212.283272 176.260150
-476.735586 -364.953082 254.749050
468.942476 374.978346 325.706109
-544.050137 253.023547 1068.032012
-450.730138 395.776651 335.800567
-319.124497 508.235078 38.399771
579.646079 -155.099102 863.188571
597.891310 52.542192 2102.288406
-588.212292 -116.105117 1553.268831
127.031310 586.119840 1233.648396
-81.853628 -594.663572 1894.664533
-175.853746 573.310552 1374.247347
-383.177381 460.989220 1823.432445
536.428723 -269.481459 1362.452294
-264.567656 -538.421227 1521.413111
451.773385 395.097176 1300.329171
295.444853 -522.533658 1939.867839
-458.504248 -387.790919 1138.519515
43.075374 598.580619 596.639708
573.063051 -177.927538 92.101723
-226.479198 555.219181 617.467299
600.584707 1.457894 1056.197464
363.839171 -477.792095 1873.691144
-299.673334 520.252384 84.600138
-413.847934 -433.803510 1815.703940
-582.000858 145.397108 376.301913
596.243248 68.834314 461.262837
-493.296164 -340.408629 2138.119304
-558.644102 -219.919300 1384.496520
-570.151713 186.981284 730.972805
-19.093970 599.774995 745.663831
535.484344 271.743036 348.525007
160.576142 -578.457114 769.558336
22.406340 -599.401899 692.389433
239.063549 550.579309 225.233025
270.607537 -535.446762 195.194733
325.372662 -504.170238 1152.482894
596.797660 -58.614242 974.672576
-390.032066 456.180062 1868.453203
417.856048 -430.240469 1126.268289
-24.837620 599.620023 23.671457
460.413098 385.055104 1113.254638
590.930421 106.342680 1664.525167
578.004564 158.513707 826.767511
102.011389 591.154719 1268.038650
283.357371 528.976344 2077.146792
131.888813 -585.201564 1854.751002
302.997560 518.225515 67.283375
276.085230 532.926727 59.304271
-47.530061 -598.203769 1964.772383
240.098634 549.610717 1882.298710
-598.888803 -26.546464 1076.298927
568.083524 193.474313 1903.911622
368.610555 -473.329435 786.414498
-205.602931 563.176509 2188.788139
420.530916 -427.575358 14.629424
359.595022 -480.241091 626.781558
-591.538837 102.628979 1014.403858
554.238783 229.963311 128.370867
548.374795 241.763782 841.678711
566.003844 -199.007000 515.608033
142.868966 -582.559212 1841.280826
591.606339 100.213335 687.667795
-361.522357 -478.609801 1781.219898
-194.243832 -567.805659 722.802624
38.807842 598.699756 1789.496763
541.065905 -259.088225 1123.633579
297.662135 -520.868453 838.694602
-131.275726 -585.423304 2057.611946
-356.008214 482.760242 1813.112808
8.917130 -600.071510 2025.028132
599.584843 -26.237409 689.255604
-524.115762 -292.051602 1961.844709
-403.504500 444.269903 363.202607
-599.173841 37.463726 851.400767
595.275634 74.749511 2141.132411
-389.365670 -456.350188 1857.968197
-443.213086 -404.518881 1669.453020
-553.076321 232.962548 385.816783
507.495346 -319.432551 1518.126806
-153.863825 -579.447765 2149.010219
-81.739191 -594.379781 626.056010
-540.331427 -260.812550 1280.108541
-441.296119 405.961115 1469.182521
-597.518299 -48.243662 1507.164342
211.741215 561.343005 239.373697
-53.330138 -597.354148 611.967497
407.933173 439.560528 981.417547
568.073095 -192.368456 743.631998
253.066329 -544.265261 272.969095
-489.192288 347.732016 17.567654
468.861751 375.050193 345.454163
588.030268 121.046092 280.750833
37.958029 598.914684 813.838369
118.039937 -588.857258 611.940628
583.820800 137.940687 2173.391238
9.139536 -599.697684 1457.763184
324.596681 -504.470158 1839.598998
-396.191161 -450.741394 1262.222429
576.628662 -165.697613 673.251126
366.565832 475.220444 1461.404341
-443.917115 -403.711729 1413.895128
535.228383 -271.106412 1437.944320
578.465907 160.284565 1829.906086
591.161921 -103.089468 1810.593557
212.169202 -561.392834 871.387976
599.419133 29.058318 1296.953998
-411.416012 436.618909 1826.266631
-578.399385 159.938147 437.623461
313.095034 512.233339 2075.886671
-521.735356 296.828651 992.462816
-582.187845 -145.201726 1513.168336
-57.223151 597.622151 1828.602000
-577.494055 163.287155 618.670015
-599.552328 12.639999 334.945168
308.981901 513.731518 687.601480
-129.250319 -585.848889 613.324393
595.844431 -72.868362 1001.744501
-162.925718 577.728316 1695.848426
-60.724759 -597.157473 1960.651555
-599.098819 29.140219 1932.825201
181.303669 571.788483 1155.930115
327.805928 -502.473013 758.139770
-168.962273 575.393433 1681.380496
-193.319995 -567.986169 1565.109691
-568.034991 -194.543612 2128.517473
571.585048 -182.739492 284.845274
-281.805899 529.525655 2134.381982
597.578464 56.940339 358.179176
-580.500408 -154.137812 1968.281385
-449.933541 396.918748 2161.475813
-261.681900 -540.167519 1996.099081
-526.325011 -288.935488 2092.922010
-538.789015 263.756982 665.435199
-51.463327 -597.683892 820.938156
168.702710 575.811672 542.607695
53.390796 597.643009 294.614282
287.725117 -526.508404 960.344325
-533.630269 273.852527 813.267059
-596.761973 60.783498 460.993494
505.382036 -323.120534 541.836041
-366.126951 -476.246645 632.588586
376.693131 466.698858 1706.370477
298.998581 520.136873 793.108837
-305.371524 -516.657878 1411.933146
593.366791 -87.456793 2095.359236
-595.199218 73.187126 1973.081050
-538.213825 264.663705 1651.945343
225.576398 555.568066 2086.700742
496.119176 -337.242701 37.788994
-64.107674 596.390152 827.407305
397.865727 449.655177 1216.600501
-395.362202 -451.545548 1287.611991
-441.615112 -406.009086 762.216465
321.052596 -506.549329 1868.806774
-510.486191 314.979292 1458.833479
291.178175 -524.810316 30.262546
-540.395019 260.445770 1416.008412
470.063637 -372.978032 1046.564033
-507.463567 319.578035 536.664870
-44.252047 598.281071 1112.340481
-554.697240 227.609417 820.595745
577.527924 -161.782225 270.141610
599.050407 30.653648 1174.613099
-98.150503 592.006749 389.251953
428.614552 419.662214 1843.019347
130.713568 585.257365 295.715972
-365.381529 475.769224 1419.104411
-592.166564 98.806569 373.128709
-585.063320 133.892371 82.029813
-469.079899 -374.449036 1624.404767
-100.821548 591.354565 1624.655299
205.856311 563.294166 1137.564220
267.538903 -537.160276 194.443819
541.157727 260.029285 1561.579315
429.416935 419.009132 1998.687130
-336.376742 -496.738107 387.635937
588.962131 114.210449 854.366079
-420.689634 427.662252 1390.598566
206.912636 -563.642709 1232.496498
-376.953247 -466.602241 1837.458095
-565.959437 199.936905 1885.539814
599.397223 -29.259496 1127.168962
521.245178 -297.075457 250.717299
34.902645 -598.809283 470.634282
-403.848106 443.127907 865.571075
483.967975 -354.717609 225.825368
43.554547 -598.018123 1023.174627
-147.097859 -581.609363 501.625266
-378.643483 465.387491 1942.938948
501.714334 328.335637 1704.369900
84.264492 -594.301972 298.111825
125.277848 586.782743 1727.302175
568.276876 192.092663 1497.763809
582.696419 140.068314 904.210314
575.794594 -170.030585 128.806502
-300.842800 -518.915764 389.799710
556.176328 224.042202 2138.419765
475.189752 366.004165 1036.667638
-347.309394 -489.150582 329.560395
-378.231265 465.807970 268.547952
475.413318 365.541817 1407.546873
183.567654 571.138947 1943.457584
-579.515109 -155.888884 1917.470454
81.073756 594.506769 119.347516
464.091778 -380.684155 41.009627
-590.931399 106.430889 461.812457
-1.669441 600.263635 2162.019051
-550.445411 238.828741 1755.580410
-596.190572 -66.620560 1513.869043
-143.556473 582.518766 1719.858928
-32.019176 -598.858893 1516.873558
-563.150927 -206.819821 1362.780454
-542.858413 254.383726 186.033462
-417.847412 -430.061262 1910.493852
-73.766826 -595.689289 903.155093
-371.187124 -470.953113 1125.390815
-10.772788 599.948338 1476.207592
-327.311981 502.579501 1238.923016
-462.602730 381.895046 776.539218
-348.679650 -488.847457 1532.294230
589.724985 -114.203650 578.016900
-138.378325 -583.696996 149.416842
463.049796 380.692573 334.640018
-173.735432 -574.319694 1644.183588
-325.686802 -504.279978 1191.074777
-292.106361 523.984651 1243.114523
-532.498529 -277.225537 2172.806617
567.969143 -192.326672 2055.372620
-422.340461 427.045278 2016.497033
127.564197 -586.291382 1197.734925
-426.728709 -422.478193 317.860479
448.528727 -398.781241 1955.103175
-486.905210 -350.720140 1732.200772
-307.595664 515.132593 1836.742386
-598.743214 -34.822721 394.988162
341.887838 494.022078 1300.826125
97.446509 -592.282832 1023.750074
-267.760627 -537.560963 967.795103
153.728482 579.981484 739.897572
-575.934211 -167.087313 317.456716
-119.083387 -588.144594 1088.438169
-367.628042 473.947109 858.373172
483.622920 355.079719 356.515160
128.516964 586.437139 1045.859801
448.665447 397.871219 1190.488704
598.046543 -49.365368 2152.048876
597.194272 57.958459 500.035969
-134.437687 584.717393 1399.478376
486.846898 -350.072443 1452.025389
552.338191 234.598895 675.824868
-424.896765 423.547276 1888.483074
-200.160630 565.818319 1281.183460
261.099095 540.208200 676.000138
487.032217 350.235022 158.767375
-379.302187 -465.393364 459.296212
269.576288 -536.088136 583.898392
281.097986 530.727392 1393.012890
-596.820294 60.491012 2040.387226
-498.805435 -333.992314 1168.364809
140.172958 583.658183 785.138782
588.272535 -120.304015 1890.790653
91.691300 592.888449 1420.918217
-462.903451 -381.965650 402.611141
-600.140144 0.387727 503.367346
-355.092763 483.578728 1620.823653
588.293981 -119.156148 754.291231
-232.065878 553.847106 710.875164
537.879076 -266.003318 1200.814001
342.519024 -492.673894 1889.659665
-481.832687 357.225730 704.047631
-182.971731 571.247893 1864.707443
597.195004 50.756894 556.951820
541.562619 -258.726950 2165.090817
218.959218 -558.810256 841.199326
-332.224710 -499.131189 1762.102797
-364.839646 -476.866101 1816.289584
280.439595 -530.162762 688.017374
552.654812 232.520657 1236.651922
-385.191536 460.139361 1924.145761
-534.222014 -272.775263 1602.675207
333.274707 498.852657 26.668667
591.186951 101.143237 963.162508
-168.516855 -575.748450 549.081831
-567.315239 -196.513658 1318.149022
-553.231913 232.534270 1792.974920
285.936500 -527.072549 791.721333
161.864237 -578.123218 858.656407
305.447668 -516.937087 888.264603
-468.970611 373.823959 191.549609
449.107893 397.236617 706.078653
437.823834 -409.692050 486.743668
382.306751 -462.596795 1827.090016
251.187019 545.009995 295.934597
533.299108 -274.442292 1368.911680
-28.500392 599.574803 1494.342956
-515.509097 307.499617 2074.605484
-509.055659 -317.195608 411.112785
-86.525032 -593.959006 2013.175766
-358.771435 481.362739 1079.739378
-585.515904 -133.509304 1222.063691
230.553831 553.733318 600.603422
-513.823338 309.409808 1801.483540
-544.443398 251.686734 1612.448038
-557.558817 -220.598515 1804.474579
-41.782700 -598.275229 610.098346
-155.766396 579.595068 2042.282531
46.900881 -597.844352 763.749202
-454.803862 -390.597608 1955.510552
-600.142345 15.114372 646.210851
-597.997336 -48.109158 26.941409
-347.949782 488.945342 1990.677359
374.400076 -469.501923 94.139443
-576.256209 167.406843 561.284929
64.235732 596.562218 1958.082146
406.523322 -441.243227 784.768574
-264.585580 -538.127813 536.248954
-235.257875 -551.957988 2052.724682
239.615201 550.169089 958.554689
-598.185050 -46.207305 174.357987
562.934833 -207.719410 1280.542454
591.621393 -101.120567 155.529973
257.532911 542.069534 1037.103370
599.892282 20.639780 403.048979
36.405510 -598.754432 581.247057
599.274614 28.668181 1071.106920
479.349615 360.243832 1919.061535
-567.198508 195.781862 1087.569089
289.674317 -525.438483 69.445612
503.886006 -325.989616 2107.207779
376.261490 468.088810 275.267821
-594.053151 85.347066 1502.102325
-155.536191 579.890727 395.553503
45.021588 598.197284 312.502314
39.216097 598.632192 721.515590
43.179720 -598.382711 1164.001645
-394.827041 452.275838 35.871918
285.260887 -528.107649 897.826101
417.796935 430.754120 493.940781
-53.321748 -597.994102 752.844540
507.166448 320.878145 925.481671
-324.909896 504.435989 706.634008
-596.556228 -65.097365 977.999244
-543.804155 254.982337 1502.246617
-408.922461 -438.628602 151.440657
171.991670 -574.961469 1983.678315
-30.333983 599.783259 1002.739107
-442.849226 404.576714 2117.434645
319.207728 -507.994223 119.961784
-600.639642 9.414254 2158.355200
594.964834 -76.302960 1643.536258
-583.924717 136.886521 657.678943
-476.736578 364.914460 1751.651766
371.180959 471.881740 2097.414765
316.496720 -510.060591 1610.353625
-599.170953 38.632689 135.170998
-354.658273 483.568291 306.913657
-508.293592 -318.458544 263.454949
-555.866903 225.787464 1370.983356
-129.479280 -585.711321 749.729881
250.120268 545.111578 327.716053
8.358274 -599.966794 633.846497
-280.506344 -529.853409 320.843821
332.944336 -499.344641 977.960498
264.243224 -538.152542 892.889884
-449.158515 -397.832007 536.649571
228.728342 -554.971842 632.107527
-583.243285 -139.332710 2012.212118
484.737891 -353.618521 560.176604
125.099467 -586.378159 513.799998
-330.602013 -500.838683 1560.311817
-263.952781 538.811829 424.816899
287.835841 -526.802247 1133.225067
-63.520742 596.589285 412.730015
-434.811003 413.460316 770.431264
116.644492 587.980414 170.247708
-540.361735 -261.861116 1550.271526
327.994166 502.906864 2088.847766
103.923773 -590.608091 1543.609026
519.539072 300.471021 1329.999740
438.145888 409.833821 1570.823830
599.842409 -9.581390 1537.670037
477.587975 362.920494 1125.440939
-61.480913 -597.298863 1513.198887
-575.350247 169.934380 524.852534
-416.246969 432.042539 591.692671
598.059045 -47.336657 2112.771084
-586.842187 127.132033 1803.000942
447.326530 -400.016689 2070.148640
-473.391800 367.832684 1002.453357
-286.312419 527.589230 811.135988
-129.576250 -585.867849 534.078140
422.740519 -424.563066 1113.284564
85.013391 593.634881 553.446048
-219.798996 558.283871 551.012487
-501.952761 -327.814708 1449.584102
-520.673479 296.776511 1493.552849
317.427668 -508.660879 2128.779952
276.255329 -532.799756 1444.296331
-583.079658 -142.321257 1485.667620
286.795521 -526.669237 166.565879
431.587189 -416.947807 637.985894
-573.963529 -174.736466 1258.835840
-504.905759 324.862711 1270.204337
217.741985 -559.215309 669.357359
583.154851 141.990860 886.914588
454.487945 -391.693459 245.894475
432.861899 415.755927 577.963548
-591.098627 103.306064 1005.510953
-509.123981 316.906956 1477.839630
531.544417 277.960433 2178.358220
158.871782 -578.498010 247.377775
-466.888881 376.680659 1496.873780
-307.302042 515.213636 216.371091
546.859430 -246.425456 1924.736925
298.490482 519.919269 121.811537
-185.314525 -570.869786 1574.123891
-600.169155 15.541292 1599.867771
-483.891975 354.127243 1185.670360
518.146158 303.237067 1757.774826
-376.798198 -466.595369 1861.828662
-284.011114 528.823691 1203.705880
-258.170057 -541.462931 583.773232
-223.133021 556.020945 956.995071
315.226751 -509.863490 1230.024770
-580.053870 -152.439341 1895.019016
250.175341 -545.275041 16.866996
444.684807 -402.376850 1998.564223
-451.930002 -394.615902 342.624165
594.057753 89.096709 286.120046
446.929857 -399.592872 1925.624137
-588.277291 119.166331 796.564679
-597.338483 59.833085 1137.405303
-414.244920 -433.978662 331.966818
-538.334269 265.289295 2153.281342
595.864251 -68.885489 2144.698019
-570.031638 188.966253 406.343280
-473.575834 368.351103 390.177875
-462.572524 -382.414491 488.959212
61.335883 -597.054744 1378.526456
-321.209457 -505.865283 61.997467
-599.487488 -20.826748 1328.765654
17.118051 -600.017569 372.887776
-579.785761 -152.719277 1286.240678
-533.878425 -275.103475 797.439141
348.710288 488.221837 699.551451
201.726464 564.686281 1749.130294
-588.913934 113.204431 715.677841
81.885638 -594.643990 323.391295
430.496676 -418.511803 337.145630
-4.932141 -599.883900 368.816029
378.623620 465.437079 689.783650
-441.818966 -405.211079 317.826039
-381.128515 -462.781324 857.847789
-421.923532 -426.119218 1863.205546
-518.273000 301.269582 431.428209
-594.362624 -80.630540 2128.000886
569.439095 189.275675 1082.967639
-302.089704 -518.747321 740.491785
-182.367530 571.508642 565.849651
438.843889 -409.767464 1338.977375
145.200044 -582.722342 1877.118955
-252.968354 544.316188 1064.011421
437.243189 410.633043 497.475892
-332.244469 499.179011 390.078475
582.997499 143.483717 1664.719767
-583.758745 -136.624096 717.126300
5.609904 -600.405727 347.355411
-389.845933 455.811497 2187.530637
495.806370 338.058303 87.569232
534.693026 271.188434 2091.595271
555.441862 225.585022 2060.452334
305.459268 516.980111 1070.578249
-77.189682 -594.867011 817.911805
496.643765 -337.200579 741.983352
-517.430972 -304.770665 512.008262
437.064138 -410.896027 64.488290
-492.384558 342.932596 520.400033
454.272838 -391.792752 437.396106
519.769384 -300.023325 1027.143257
511.683395 -313.250138 1663.067835
-196.205477 -566.744383 113.879206
-312.985604 511.818244 1568.998408
-216.118863 -560.033519 1146.708550
164.126896 577.459943 1497.143861
556.692267 -222.790902 235.782681
592.928346 93.434660 1809.570455
-506.049185 -323.255652 1742.182077
598.286463 -46.094876 1580.208983
323.589281 505.310201 1779.573119
36.222437 -599.047059 278.002527
162.518691 578.064844 662.902314
598.792300 -32.035876 138.084052
-572.138486 180.294968 1236.474102
-63.108831 596.693847 351.744194
133.035934 -584.731152 1594.455639
570.845388 183.315255 735.191760
472.364640 370.730324 1346.882671
-599.975360 0.205876 1871.433755
-568.740052 190.417042 1069.344036
410.499478 -438.060085 325.155142
-541.295807 -259.224564 308.746603
456.655270 -389.553126 2038.202789
-157.518357 579.196597 100.191497
-285.086302 -528.078662 2102.429369
190.713930 568.585096 547.732092
599.573086 19.606136 1753.917853
533.726073 275.293038 929.280341
-17.617002 599.816418 1827.415430
-434.520963 413.743704 373.338402
588.771448 -117.730050 1935.349386
597.551987 -57.933743 1159.290957
245.371864 -547.587057 483.469506
-406.316217 -440.827710 684.117684
80.704362 594.770367 2049.113754
585.070078 132.302746 1562.642547
264.252749 -538.360804 1807.490905
-125.056159 -586.872465 94.323126
-596.086885 -68.824845 2014.934806
-300.285914 -519.304985 223.075066
-598.790369 -40.994190 1297.922218
-594.570403 80.799465 472.315172
70.355782 -595.518590 190.873589
-388.283201 -457.320245 1186.079711
-247.473017 546.636389 637.691823
120.847554 -587.768866 470.383454
593.370180 89.887759 1410.472814
145.018264 582.013875 458.595515
275.798605 532.800728 2153.152996
-273.852353 533.443417 1788.496288
96.703560 -592.101584 100.720375
-371.731633 470.920029 927.889906
-167.207680 -576.126037 983.978858
-588.844486 -111.565316 1147.831411
-224.510167 556.299317 1618.749775
-198.953033 566.422272 196.236271
598.582168 -39.654689 230.513579
114.680987 -588.528066 2069.469275
487.745641 -350.081389 1745.566346
321.597744 -506.890399 1530.904652
-521.493779 295.781534 516.026382
561.991605 210.917808 662.908143
-219.862251 -558.610815 272.742011
-572.109075 179.279027 894.061048
-303.134438 517.400784 1961.939881
387.326876 458.605131 1793.397528
357.672039 482.394426 232.681131
577.032486 -164.197363 568.189278
419.346285 -429.773300 2162.801616
-449.326358 398.120394 1731.617874
-372.649068 470.259748 1120.291273
-146.140236 -582.014817 1084.079089
479.749271 360.594056 1729.946334
-391.336483 -454.489546 888.139723
588.591025 116.754314 302.433537
389.498661 -456.717256 127.939924
-243.244224 548.815447 661.563565
-591.544752 98.327946 42.167844
-521.458085 297.489277 280.984153
-448.536369 -398.425142 1739.773670
-597.259538 55.573478 528.075784
-77.852669 594.922020 938.329754
-591.134151 -103.438193 1272.965463
208.222715 563.046237 828.731027
-395.091827 -451.612292 1201.741274
-486.771572 -350.685767 519.830029
494.978564 -339.070192 1904.371168
599.221071 26.885872 1716.767911
220.932623 557.791989 2080.798319
-491.741297 -344.017607 716.162296
-309.817344 514.165259 1273.950269
-568.995227 190.658206 38.827042
280.946430 529.919605 1063.251188
312.619957 -512.789405 1585.475828
399.314633 448.194707 904.842486
533.812629 274.426204 360.572750
157.554531 578.782145 935.665549
338.508066 494.548110 497.940941
549.358352 241.628395 1850.800554
591.822859 -97.801645 459.335558
-250.951014 -544.808946 20.981871
560.434510 -213.540579 1833.698478
593.346731 87.974823 2183.835969
-347.712952 488.830159 150.952968
205.299401 563.853160 1860.209118
524.854066 -291.484294 1502.349968
583.139970 -143.235812 1467.753620
-455.556819 -390.242639 865.921560
-436.004402 412.742604 266.976007
-233.151533 553.055022 1229.550918
598.754709 34.870095 546.893022
159.605764 578.368165 86.436480
364.215850 -476.478288 194.785208
541.618588 258.236519 638.654424
547.074866 246.937812 1423.387154
91.337903 -593.224557 593.879895
582.245888 -144.171643 258.661931
-488.179818 -348.837756 767.609510
-410.317349 437.282280 1086.427992
311.741838 -512.378043 181.491456
-259.329952 540.818456 1540.709029
-239.525623 550.428247 1555.778029
384.988760 460.036239 623.820647
40.552384 598.300624 1315.745329
-593.368936 -88.039595 1548.603565
503.706762 -325.905909 102.494059
-599.304207 -24.423709 146.102114
597.450980 53.365629 29.915195
531.068947 278.539663 1138.205140
455.485860 -390.520241 1975.489541
2.610359 -599.887444 568.609724
315.478236 510.601263 1488.964141
-226.299798 -555.678996 1380.515731
151.105693 -580.243374 1206.237575
376.602830 -467.217074 1700.424263
-369.219139 473.110052 46.475548
1.245490 599.469475 1904.682488
-401.377429 -446.206771 676.429416
599.598759 -29.382871 1940.750357
-54.015954 -597.588657 407.699813
-240.701829 549.311590 1951.692732
-186.666271 -569.730686 1239.465536
240.064915 -549.361736 2125.535584
64.211783 596.697859 996.632386
-599.718653 -15.413545 1420.163323
-300.327211 519.179236 1694.847311
597.727862 -53.621142 635.171685
225.658518 556.364181 762.380454
-93.908979 592.715521 2144.481268
568.693126 192.163144 709.330608
243.916002 548.658511 438.575114
596.297008 67.049348 123.149774
-204.245903 564.061726 856.250691
-37.348364 -599.080086 404.131632
138.368889 -583.815712 1344.957900
-289.476364 -525.813394 31.699521
580.935784 -148.883610 1764.542021
-400.424199 -447.093135 2049.976085
449.015036 397.563792 455.928220
-44.430588 598.274997 915.289464
199.769481 -565.668426 2142.032701
390.852793 455.189388 506.360369
594.861084 -79.507323 763.557532
598.382116 40.587250 738.427892
586.838214 127.061958 641.950608
52.539344 597.918799 1993.095499
440.812588 407.293061 1633.702002
-550.761500 -237.061642 479.357460
202.074130 565.256528 259.839424
288.332770 -526.974980 425.969794
-531.362379 279.015860 470.559607
-118.609899 -588.126137 843.928774
-513.445702 -311.262358 1662.969817
-332.109154 -499.477782 111.060209
-243.430590 548.302122 1262.811942
-540.489689 260.491188 1707.351650
-130.846770 -585.707421 1677.358540
-599.599535 0.072623 2111.066844
536.978161 -266.341410 892.555046
100.984917 591.011386 409.093150
-478.492454 362.720846 1634.979531
-509.947198 315.723026 140.658526
-482.968936 -356.768905 614.916208
506.398860 -321.919049 1047.098948
294.263140 523.175815 2017.593243
-596.687816 -61.541736 509.710904
-463.269485 -380.850631 1957.838086
-599.810774 -3.052177 1181.942152
-590.718430 106.661524 1876.599020
-554.151555 229.394481 233.991396
145.472440 582.232610 1807.204441
-99.794541 591.396310 195.118187
-8.399207 599.797338 2158.396029
169.300092 575.890572 2074.225995
-64.060494 -596.633102 475.478119
-579.491165 154.932825 22.172521
599.088960 30.658260 1798.378584
-315.365384 510.883623 199.536876
596.903490 59.980778 1086.049067
95.931169 -592.122079 934.892468
540.852217 -259.534542 2187.842259
-197.542289 -567.093711 627.447120
-51.514123 -597.417661 1541.933190
205.635842 564.023319 325.495497
85.100906 -594.449456 214.119181
556.133310 225.136155 416.192781
-147.618359 -581.636971 117.225110
-25.051939 599.579711 1056.764366
600.079232 -19.522453 1629.801059
42.164891 598.738327 1958.234771
437.221464 409.907113 423.068241
-539.409661 263.536380 703.535333
255.613790 543.098856 2181.103887
281.278571 -529.892769 1792.969574
-541.767795 -258.369846 2108.949264
408.500235 -440.156057 2188.223253
494.047704 -339.994584 927.813978
590.146803 -109.709052 1005.771379
-224.864304 556.089000 1917.204746
349.838475 486.706304 290.595811
590.875861 -103.337545 1861.976736
-584.610497 -134.309394 696.798696
-134.845019 -584.658874 2172.596303
499.517257 -331.844664 734.658016
-146.663531 581.868944 1803.373802
369.926277 472.230729 2015.396336
38.093600 598.942720 1516.195028
-422.601292 425.786526 360.415662
329.705805 500.706090 1363.546520
-594.535307 79.099882 2080.027637
280.028745 530.735752 2162.963525
-292.730123 523.429772 898.864673
363.982678 -476.736361 553.032160
265.873427 -538.225519 1824.669464
-468.313111 -374.874865 898.553278
253.365588 -544.116521 1074.323188
71.815561 -595.836408 968.594928
473.945334 -367.630558 1623.776735
581.446931 145.360280 1423.601012
-59.420833 -597.258226 1353.304093
363.603130 478.266051 582.058981
-37.235487 598.685608 1498.442953
488.694573 -347.541418 1295.127103
-594.903647 -76.212264 708.002752
-181.861541 572.288892 1578.703371
-105.448138 591.005351 464.073661
552.665821 -234.498686 360.595857
-400.812794 446.214130 1759.877318
402.111137 444.421777 1142.294646
-532.347404 277.075580 15.172800
-546.474375 -247.710106 1706.262999
599.966818 25.359968 511.167186
216.316664 559.576643 462.613518
-148.438809 -581.504515 1931.163103
-599.716310 -0.048442 40.486343
-106.616943 -590.028551 1565.068084
247.171362 546.435364 1454.540506
471.464006 371.934474 602.605611
-546.044290 248.611076 114.115983
327.376196 502.239524 758.546821
593.252538 88.198634 591.330113
432.371426 415.034715 535.877917
-461.551706 382.545423 2114.072565
-510.194349 315.157953 1125.015744
-506.035787 -323.421849 427.479691
599.460097 -24.251870 465.734471
-395.109034 -451.228576 1896.011923
-182.913581 571.149806 1636.944662
389.042803 -457.009801 32.905049
-335.637999 497.233215 1786.055835
364.373372 475.941728 1803.821550
-328.977191 502.228687 695.067434
598.025381 -54.013709 1975.062771
443.615721 403.294939 1878.308073
-518.571886 301.746004 967.779122
-25.786137 -599.329562 1274.799888
-331.330706 -499.737752 833.585974
-369.083583 -473.262744 1236.546950
-249.836909 -545.831449 691.522319
249.040838 545.564879 2154.761945
483.616777 354.605915 1735.221709
547.023624 -246.182658 757.500359
-318.378967 508.210806 323.583603
-495.893305 -336.758070 1957.636818
-559.132248 216.465578 1050.640424
412.276671 -436.095122 1189.871552
551.489731 235.924658 1180.628959
545.245193 250.610176 106.151091
389.050015 -456.913932 743.078548
-493.449034 -340.276372 625.223283
134.710171 584.888392 969.515869
-555.271103 228.368563 857.941925
-523.397821 -292.698438 441.696596
-596.716014 -66.444207 1589.631838
-173.905396 573.967611 128.613732
362.472623 478.544485 1903.647344
-592.879224 -91.752336 2178.731028
-332.517693 -499.712439 459.343689
596.819417 59.828059 1944.753370
366.838127 -474.654282 780.106775
516.231919 306.317712 2039.034486
9.767103 -599.930217 1806.928462
-204.882717 -563.850502 1653.891607
-583.832054 138.253790 891.947984
175.338582 -574.231021 695.314496
487.001214 350.789665 984.901514
271.544803 -535.517237 1835.524533
-36.568131 -599.014905 2180.239541
-218.476601 -559.211075 195.923052
-262.670091 -538.791887 2103.614400
-598.484855 -45.296042 565.424454
248.012677 -546.360107 991.879871
-204.039222 564.751332 394.060835
552.402480 -235.190018 1916.895382
-580.672151 -149.242046 975.800872
443.613222 -403.837414 2109.669965
-203.155174 -564.219412 1131.817526
102.446579 591.439845 1714.977393
586.140459 -128.631742 831.858583
-524.519776 291.476510 193.198457
581.031568 149.848816 911.211132
-599.915084 14.051128 921.415658
554.916262 -228.425347 2084.396939
-484.338169 352.614046 1181.077248
480.580846 -359.285594 774.093945
-193.902985 567.288550 1637.003051
-594.947914 -75.581664 1995.489395
303.362719 517.356165 1658.488771
18.736573 600.161310 992.644588
2.746088 -599.743766 412.722559
511.799783 -312.866201 604.829406
-395.587983 -451.070407 1717.064621
-590.867490 -103.623287 1085.204683
348.518028 488.510894 1627.539643
574.249997 -172.725221 113.247398
-558.779669 -218.122513 1798.634083
-214.906727 560.654206 111.295473
597.178787 56.042601 2194.195832
-543.913736 253.214780 1833.181426
-235.271490 551.906172 397.315745
596.567413 -67.937981 1818.339944
407.384397 440.651331 1996.944900
596.160765 -69.911479 1523.271858
-476.308025 364.719803 1404.159630
-577.865332 -161.001179 1232.869391
-294.526567 523.072505 728.246576
597.727111 -48.601418 628.037080
151.196210 580.809807 1177.634421
176.063571 -573.494723 1145.431890
304.833567 -517.410218 1843.684602
599.508251 -25.047466 1958.301443
347.233947 -489.425197 1699.351494
557.678498 220.229428 1417.144641
-327.442192 502.517250 2150.475817
-552.747004 232.361070 639.032872
594.673250 -80.960380 1822.344482
-576.142716 -169.458101 545.852748
-139.850481 583.361186 1798.804875
-595.386699 -71.656073 1303.643027
-537.644975 265.874255 963.617425
-277.754668 532.028136 226.404761
140.962050 -583.610995 2001.545733
13.397280 599.649270 1767.350068
-234.076332 552.014984 370.280094
-325.157128 504.310952 1216.241671
-597.621267 54.426472 1726.842291
-576.126991 -167.408934 2036.119433
-446.313694 -401.578515 447.234339
222.532910 556.466059 893.166083
411.888788 -436.515167 980.189226
391.761440 -453.934994 1214.127559
-378.442795 -465.114148 137.908120
-554.411454 229.912794 1525.109619
-152.430607 580.505330 951.691081
586.964680 -123.240130 1028.943206
594.201920 83.614520 816.604794
-444.535117 402.927887 1500.595902
-363.041773 477.268717 1274.593772
422.749792 -425.842870 1227.521895
-322.978001 -505.059186 455.310949
183.797065 -571.337305 2190.320315
-471.219187 -371.104730 1924.842018
507.879720 319.287216 1479.287772
-101.062247 -591.610552 1311.392343
-447.027361 400.274226 765.274831
-574.112559 -173.991522 1123.308594
496.642073 336.502201 2020.540506
-156.257040 579.101668 1392.095121
-390.925684 -455.570164 1341.760307
428.456022 419.269147 119.884412
590.597318 106.031426 1708.136227
-593.691717 -83.304672 1721.892596
579.190672 -156.811509 1951.544769
599.003649 -39.624846 523.114733
598.327694 -44.929237 362.675585
-436.347004 411.888986 700.440646
597.953141 -46.444892 1190.818577
-548.426986 -245.070091 1133.795451
-491.945607 343.762668 1944.597907
466.761282 -377.086202 1492.572012
-581.209956 -149.513140 670.971273
299.409430 519.923395 409.150702
-541.821302 -257.144100 1397.578977
278.779833 -530.918658 307.714198
-556.883529 -222.879685 1689.916437
557.747883 -222.383327 491.861775
542.460133 255.565241 407.132571
-369.470920 -472.111837 66.876322
-445.427461 -402.170973 185.383916
536.069793 -269.608873 1098.538230
414.497955 433.349316 2075.463074
530.813455 -279.693118 407.667538
340.576730 -494.668126 1666.858594
-556.134803 -223.881699 1111.143646
504.466385 325.530704 1741.589067
-250.480645 -545.820770 934.101040
237.641640 -550.550031 1268.038815
-595.481490 74.953548 1124.917783
512.902348 310.811017 2012.944474
363.534828 -477.508554 1955.978657
-600.233076 -2.034814 1771.331649
-555.685111 226.536803 518.116430
487.975692 -349.408391 1786.619044
508.743405 318.397470 1013.428705
556.096712 -226.716505 1088.546101
-131.271283 -585.498294 1824.289459
519.652707 299.455591 2027.592994
-406.989215 440.288162 1889.545888
-152.159521 -580.596842 1197.190885
441.582999 406.613948 22.097964
-599.556505 18.327215 557.572561
565.143509 202.218645 1228.993041
196.216521 566.764229 1305.298877
399.631206 447.760208 835.890525
-505.366644 -323.987044 614.113743
561.742369 -211.251300 2129.081968
62.199936 597.134338 1210.803676
406.929558 -440.852337 1575.967382
-538.315077 -265.925486 254.394267
-292.475225 523.754973 89.817832
178.451345 572.930095 1636.189639
109.639237 -589.921570 63.924881
-480.228660 -359.885638 1726.319887
-598.922995 31.407229 618.505198
-27.550489 599.170849 989.856319
-551.762321 236.469937 592.319991
-236.335719 551.393835 1954.805653
-489.601373 -347.353539 1151.883320
-501.535530 328.534702 887.478955
193.722864 -567.449569 140.791680
-147.470455 -581.593820 1889.914743
525.105050 -290.048871 1853.481085
594.801714 78.958233 650.296932
595.719520 74.437270 1975.001680
-466.203235 377.264218 1783.582787
568.428602 190.966329 1011.507251
289.358124 -525.960587 2166.101952
65.747073 -596.224185 27.637376
-207.842224 562.818909 710.642576
32.681964 598.685678 1737.354436
580.298079 153.114353 33.851202
582.763898 142.872375 1437.040283
182.927540 -571.552321 1087.991828
-576.882723 -164.559496 82.259593
-341.911957 -493.170440 1263.212757
-107.910860 -589.944790 1880.605324
-221.481186 -557.463105 2161.305314
-595.627381 67.281197 294.156602
-220.671223 -557.585096 1933.963401
-599.997494 4.541929 1941.656043
-225.263949 -556.424092 468.904611
-463.543952 380.954799 623.810544
422.704000 425.875639 1087.492558
599.833586 -17.873300 1416.509817
594.223669 80.547794 1274.974290
-472.292420 -370.395416 1940.261825
145.522437 581.512686 635.690089
-465.265268 379.055498 1359.323095
-522.288610 294.911894 1162.963106
311.312250 -512.570811 34.974582
-594.300852 -83.754369 1113.232618
-200.026279 -566.144053 1997.773330
-446.620135 -400.294694 1584.841139
531.539485 278.130521 211.735761
-579.193402 -157.921284 453.973010
136.674722 -584.111794 1009.947359
-416.321407 -431.853211 2083.475391
-382.818180 461.866589 1290.709593
-478.699960 -360.793720 1545.115310
-167.507256 576.026460 618.424798
597.583341 -55.911616 2001.007734
-139.711941 583.133102 334.133711
-599.557451 -7.781412 1331.731702
12.440976 599.297315 249.536291
106.522149 -590.240775 1662.545704
-364.191790 -476.866447 1331.427961
-599.419850 -35.250066 2039.640678
-565.348180 -200.294018 1842.310866
470.736967 371.767909 530.999476
-561.078146 212.892226 1603.929458
-373.110582 469.320435 2172.361411
410.070102 438.416514 617.002573
599.469253 29.824102 117.113967
-547.898630 -244.163694 231.608397
-581.026647 -148.918369 1844.693971
356.722336 481.966695 2179.548666
281.259412 530.226398 1024.575965
564.712210 -204.162204 1902.737201
102.160486 591.172448 578.243702
-426.752296 421.734747 1235.802550
136.892348 584.393127 1199.250048
551.388077 235.129055 166.917322
11.720607 -600.213143 524.298726
-107.677580 590.453230 1487.943669
581.819400 147.029413 156.264193
493.217705 -341.176640 1434.033973
-436.085878 -411.779126 271.084187
-446.672886 -400.478900 1937.534155
-480.376975 359.090734 171.420682
-524.472500 -290.990260 378.859529
-389.349605 456.421022 1196.180002
-513.277276 310.286491 319.945055
-558.895394 217.745286 1423.205415
-500.039692 331.293851 2078.863605
-543.113094 254.040189 660.732884
402.402475 -445.658775 40.201244
-49.046778 -597.859322 1252.571834
297.379349 -521.451897 686.577818
-383.393805 -462.017078 1116.727617
253.572600 543.706540 962.004078
441.234052 406.524111 1080.146532
-266.586804 -537.900449 1108.097295
70.273355 595.820964 632.102948
-597.464422 53.066085 1873.204041
549.460528 -241.104105 165.578601
497.721454 335.509002 1512.753390
-325.508464 504.243862 1062.655443
-600.041488 -8.943375 1173.773899
308.012647 -515.114212 1579.257106
345.897824 -490.740509 824.422204
63.839748 596.786909 1584.738300
419.627551 428.905357 1120.103409
190.428627 -569.177296 990.196120
-364.359941 -476.573919 1434.050454
288.889528 526.606695 346.410895
-263.130366 538.923318 551.292121
-172.716808 -575.219068 1273.683053
107.674066 589.986185 1310.650796
-340.341986 494.217537 1873.160364
-50.995098 597.511639 2122.501699
-564.289157 203.900525 1802.486166
548.097906 243.123687 1270.550227
-599.780028 16.077710 18.484668
422.786199 -426.024445 753.648399
552.129964 -235.751406 166.129293
-77.645959 -594.943074 1304.985008
578.788423 157.009903 2094.864254
174.066981 -573.982890 1387.365353
594.893298 -74.897327 1623.802108
552.799419 -233.128857 1991.831368
209.516042 562.412745 823.104223
138.897875 583.764841 1055.426704
516.403813 304.912438 593.822114
49.374335 -597.240105 380.514018
570.178666 -185.594726 90.729163
-333.848063 498.235509 1767.045917
22.953913 -599.252812 2167.998116
531.486001 277.948897 2122.062305
-22.272901 599.420750 2072.708487
484.646368 354.743171 2113.001022
-436.877547 410.754476 841.827647
405.394720 441.741635 1946.097451
-384.634234 -460.799765 1497.156210
516.472430 305.659055 1577.503282
160.377656 -578.427460 1063.474996
127.150083 -586.422583 453.785140
302.611923 -518.272486 1945.307929
28.007767 -599.650107 1737.902587
-292.042174 524.219696 303.715255
-581.505329 146.285849 1473.778751
-463.069877 380.953648 1609.701615
236.093649 -550.822815 74.297355
-388.712289 457.830754 52.272979
-135.748186 -584.022421 280.762343
-525.128298 -289.500472 1601.719635
78.074937 594.915585 2088.605132
-585.679481 128.897559 939.710970
-571.669620 -181.704358 63.621601
290.908691 -524.540843 1413.645262
-570.465948 185.550800 113.311273
577.690286 163.523711 162.214441
-384.458424 460.938410 763.479700
397.115400 -450.003346 1912.448232
468.459451 -374.043776 1008.959381
23.461199 599.318597 894.383481
317.736746 -508.878293 746.711211
-166.517962 576.852232 323.452446
485.287812 -352.875164 1023.157962
529.097095 281.936222 444.325572
-104.379843 591.103061 1597.530576
566.772154 -197.722507 901.517567
489.156426 -346.931731 1160.425340
495.012582 339.538273 408.919667
-424.349189 424.063233 84.324665
-442.573959 405.317532 513.719465
-309.564307 513.484277 884.072988
544.954505 251.798434 420.143092
176.116309 573.664649 2128.500995
486.517766 350.735983 133.516502
-405.579466 -442.054226 791.563673
590.591500 -106.038644 486.028922
-571.036337 -183.575369 1666.168480
425.027501 423.383928 2175.088832
-315.958692 -510.390519 138.685481
-292.861407 523.646006 2006.013042
-247.137081 -545.891059 289.236382
-521.525234 -296.391834 532.812080
-416.573972 431.409728 1226.098196
-383.554627 461.751140 2014.130036
-599.224810 29.413740 1953.655445
547.602759 244.950243 1395.150266
-599.963444 16.206658 676.268778
448.995331 -396.995554 1981.302853
595.078478 77.015342 1254.478189
-334.235341 498.160945 376.410501
342.413240 -492.356136 459.922179
-266.393354 537.914833 1294.233658
-454.982104 391.410338 1466.403032
-372.241501 -470.482444 2106.171557
369.604868 471.832400 675.013194
257.421080 541.181152 1500.701536
433.284187 -414.924012 1076.538103
-325.612063 -503.937249 157.252399
-309.480127 514.113633 1425.417669
-562.302583 210.333128 449.809464
-272.917728 534.881069 1286.243327
10.860227 600.206390 358.034771
-494.035551 -340.428998 732.543872
-385.576602 -459.336980 1976.744985
-599.513353 33.128366 748.450429
348.206235 -488.777996 1489.778110
185.717605 570.525187 1958.184875
561.642838 -209.497561 2168.940382
337.172875 -496.170429 1521.027513
-523.771175 292.584773 1871.511745
-288.921035 525.944358 1790.169361
-255.155491 542.828959 1327.349899
243.482202 -548.820302 1580.327861
500.074622 331.960904 1539.860431
-40.175134 598.746839 995.016970
87.035053 593.679183 1820.667722
-84.733046 593.943717 660.298600
-252.647766 -544.069252 1580.508334
410.468365 437.683385 2090.574408
306.665732 515.483888 804.385893
-595.635828 -69.553438 1113.320317
438.628160 410.178185 110.110049
241.604455 -549.414135 780.746101
387.166601 -458.687650 1894.599284
269.541460 -536.587040 1461.176767
-20.262963 599.495419 1284.067852
597.917696 51.991857 1055.608037
471.529313 -370.568806 968.546055
306.954239 515.349570 1745.639380
-351.580637 -486.368691 758.554439
-520.615744 -297.284187 540.818179
-598.074228 51.320408 1959.343318
-339.941423 494.331807 2054.394417
-367.392798 474.453439 1753.761300
-466.658261 -376.873007 2094.909842
-295.130344 522.329321 2180.623569
-477.329479 363.060954 1585.246639
-112.412880 -589.270989 284.138479
-195.469340 -567.782344 974.850830
-104.292772 -590.775047 35.945895
-437.251160 410.745741 280.565117
-591.553099 -99.758870 1130.071335
597.682107 50.604830 1089.255349
-599.312641 -30.375748 1426.135021
184.172261 570.976008 654.044845
583.100151 138.867940 2095.986768
591.189623 -102.710070 1365.068108
450.251574 -397.433527 1568.921774
348.628385 488.285768 220.478000
-597.370705 -51.204474 449.926826
499.766401 -331.027333 1007.224782
-280.676809 -530.303734 2125.357592
-461.733415 -382.985361 300.996524
486.840106 350.356476 1255.841226
-236.652241 551.569788 1900.812958
-124.059544 -586.837131 2093.533858
441.847865 406.464917 1809.649630
12.700628 -599.815696 344.218267
369.933101 472.735570 205.442457
441.614983 406.481616 2177.717043
225.225494 -556.413949 1965.733299
-587.725280 123.021432 34.969821
547.148699 -245.838221 967.250893
179.073566 -572.302366 737.047443
-358.077575 -480.507517 1731.884181
-480.717438 -357.466796 691.209153
504.594171 -325.491319 444.420442
-553.639304 -231.255682 94.326373
-515.416886 -307.471079 955.044116
-365.884195 -475.543799 1809.111383
203.504034 564.415177 1755.224695
63.943822 596.402455 1481.600291
-445.435049 402.118777 1290.154054
-213.498601 -560.458116 1917.188514
184.818017 570.517057 1149.283149
-573.502634 -176.561973 1564.516079
-518.417109 301.834609 325.397035
-562.661669 -208.180412 989.442516
437.321374 -410.454395 704.483326
128.099125 585.875964 673.954203
-130.281137 -585.895132 2038.655200
226.018127 -556.171793 581.689006
598.535534 41.117784 1143.221432
272.470776 -534.314385 263.994934
-275.070769 -533.238890 1139.468265
324.492383 504.557863 1514.017670
113.543270 588.800537 1546.658518
-595.130225 -73.283637 1523.848225
289.754224 -525.038436 1515.663267
514.330629 309.099195 52.283385
592.823937 89.393993 526.092168
578.811682 -157.166910 1402.483213
-431.498629 -417.010564 343.921289
307.951852 -515.313848 957.640361
596.474585 59.984376 1758.875516
-224.719270 556.775085 280.550910
-597.989584 -49.290122 606.304076
356.625423 -482.216890 1880.239686
249.259761 545.855970 44.996989
-397.357546 449.591409 1296.123752
485.164344 353.329383 1921.501345
-302.413565 -517.991602 587.845418
235.112881 -551.773526 1638.510582
66.912788 596.310979 420.272887
-502.120528 327.758202 835.709989
414.849319 -433.495825 815.031077
-446.524633 -401.075969 2098.965509
-517.955760 303.030550 1717.289342
-598.777120 37.393564 883.430397
-561.645390 209.700922 1603.746387
141.801661 582.762065 1024.520812
598.833922 33.712458 1699.466029
532.006263 -277.055523 709.528083
-3.064936 -599.847328 790.512319
-131.591923 -585.010335 603.675071
28.802067 599.043567 1635.428749
-326.354437 -503.434224 606.645533
-554.858704 -227.769611 51.229105
530.955230 -279.004697 370.642588
-599.672940 15.760974 1908.438997
589.670474 -109.043153 691.251210
-250.046260 -545.566361 1888.328912
-525.330827 289.371918 172.357329
448.568130 -398.771558 1168.958298
409.029790 -438.792757 119.647541
-298.213640 -520.645737 1145.149572
-416.082641 -432.784063 1744.756876
575.417810 -169.058586 770.415352
336.465942 -497.092945 1172.900210
-599.381008 -31.233760 529.371721
-584.998631 133.529384 2112.098503
310.533587 513.652131 511.365412
278.583084 531.410383 1268.336061
104.409253 591.295790 2015.368494
405.980962 -441.189703 692.792916
128.964299 585.891057 1656.766333
533.147307 274.412916 634.136228
-1.225091 599.881413 1875.709318
-452.582118 393.513654 1050.623008
384.049321 460.406851 233.565990
516.880434 304.673267 1425.341643
528.604596 282.859995 1544.900888
-238.673698 -550.004764 447.635803
-476.795405 364.649229 1765.318768
-296.428308 521.979508 579.402411
565.199238 201.447345 567.980610
-264.387678 -539.068138 1678.518920
40.374848 599.006761 2072.815197
-331.004826 -500.961218 441.472542
477.256569 364.083069 1853.647203
201.510256 565.026296 1830.423034
-58.495907 -597.224425 939.403592
596.916347 55.530317 391.207210
597.283343 -55.494883 170.809823
10.504791 599.626947 1567.978322
-589.942722 108.057727 497.466267
-297.021642 521.499990 2075.990195
-566.002888 198.495481 1612.902080
-83.072839 -594.083223 367.739646
521.028862 -297.618466 1841.945024
135.128457 -584.616442 1622.858244
421.847354 427.402358 264.954963
348.640498 -488.177978 744.725733
-224.966447 -556.478168 339.065726
306.250561 -515.772544 499.350622
-397.416278 -448.981651 1164.330229
501.770776 -329.138220 1970.538702
518.349896 -302.610665 2042.754591
543.663808 -253.328365 2190.161628
581.601565 148.514074 2087.329155
422.272964 -426.038504 845.608834
285.989180 -527.318765 1946.128449
74.814091 595.389197 36.402781
-513.290510 -309.937162 195.830980
477.480022 -362.956333 1224.975936
-538.583784 263.636035 1373.087948
-398.334107 448.196956 1319.359168
321.060783 -507.410600 2197.297781
415.232931 432.554408 1642.420076
499.876516 332.202666 1702.434183
335.676927 497.558569 290.282429
-592.558368 92.981817 1914.198445
325.030882 -504.205712 1538.049677
-354.642683 483.766438 740.125887
291.847858 524.436681 2093.300123
-576.799553 166.067316 723.830731
-555.042975 -228.101323 1293.218351
-233.013948 -552.910770 287.609877
-526.225491 -287.599481 313.811296
-533.217127 276.160916 905.560173
-594.656059 77.776971 1085.745854
-521.496175 297.113570 1527.021415
-365.527995 -475.944855 639.239100
-484.367942 -354.894342 1565.950616
586.462193 126.520110 1901.994023
189.312894 569.264390 180.638346
568.180500 -192.402461 271.744279
-30.642478 599.586539 2132.396051
-540.454013 -261.224655 2122.871006
-412.282720 -436.005629 1113.990289
596.356405 69.127839 1066.446966
-520.953345 297.513349 1165.085117
-359.735689 -479.766010 1795.412892
-312.768003 -512.036524 1515.586132
-436.271636 -412.167317 1056.938540
-555.779543 -226.484480 1598.217619
-504.455705 -325.233908 887.297187
165.756227 576.139395 77.622921
-392.588343 -454.000929 110.428673
-557.431598 -223.283982 1307.418005
583.178436 -143.417169 111.680718
-187.282084 -569.490029 1523.146808
-319.637191 507.841543 105.114243
308.120833 -514.151155 56.753275
-502.868664 328.042334 1113.986097
592.252232 92.565481 1543.763774
-193.592430 568.398767 374.941102
547.229083 246.541375 1950.792711
-215.859271 559.980596 666.756897
90.886499 -593.214652 1417.753120
-577.512387 -164.057078 1628.733686
188.399138 569.401532 1240.401272
-33.012714 599.028857 650.370976
-259.551699 541.523007 1911.645978
475.359219 -366.943022 648.234711
306.339412 515.864459 1365.772490
436.776622 410.951302 1993.174410
463.911580 -381.085533 2196.299776
-170.135763 -575.285860 48.210700
-195.380449 567.255605 1262.032037
-556.702864 224.117003 304.901238
-56.497123 597.744822 1019.294732
-457.726097 -388.511312 329.965796
56.024523 597.280749 1356.481127
476.983842 -363.892559 151.669437
447.809147 399.601430 352.910226
-345.869781 489.911919 1902.192093
445.098654 -401.783191 993.581416
-174.536311 -574.042118 1664.476642
-449.050812 -397.828676 430.072373
-599.702331 7.672885 1587.854257
461.624051 382.590537 541.908105
-594.837878 77.340857 1854.298887
-448.521499 398.474712 1251.657756
325.190708 504.044088 1656.595615
-372.975662 -470.545595 706.160433
516.435209 -305.670506 1034.942560
330.339705 500.946645 577.356360
-569.769560 186.542564 535.946959
248.799459 -546.254863 870.875904
-430.578763 418.155039 560.989772
528.725636 283.062402 1447.747312
338.529623 -495.708406 652.469195
-144.153095 582.558319 1542.652551
279.908296 530.386315 2111.774963
-596.281110 -65.594991 363.440716
-372.476312 -470.757823 391.031343
557.688685 -222.919844 1531.113378
-288.118411 526.358718 1350.714038
-596.628293 -63.449421 1738.869559
-230.066769 553.858315 1568.971177
599.806392 19.933843 1456.261430
571.786912 -181.347869 1700.477041
-197.794720 -566.088712 1527.715385
25.342017 599.135227 802.904317
214.022926 560.770260 2161.834686
-47.825947 -597.526630 34.184436
42.539411 598.763456 32.342264
359.934981 -479.904757 1101.221711
-397.820360 449.381268 1592.906745
214.607093 -560.589269 1663.808184
-118.026510 588.180879 411.229753
106.470155 -590.582639 1744.041355
-440.442582 -407.497990 1472.431360
-358.159899 -480.780610 549.576191
152.336086 580.574447 75.644104
-34.121926 598.993976 1668.613272
157.639460 578.962177 288.410746
332.497059 -499.909779 150.955115
79.661463 594.305525 820.278923
595.855977 -69.657186 1654.013531
315.115312 -510.626184 446.437930
-377.714623 -466.241736 122.626058
-325.191305 503.516537 1535.174188
-551.178210 -237.255483 293.880561
-259.309669 541.236269 1262.430206
265.097808 538.088688 629.009582
-239.943098 549.573317 1978.954358
-161.099601 -577.936863 1785.849455
316.467325 -509.470588 1980.443088
-78.718277 594.739915 305.585478
-478.204117 361.352625 2001.240880
-571.553296 -183.818666 456.262910
438.616015 409.663664 2078.607961
-565.438526 -200.539735 2169.491581
236.124646 -551.832624 2108.012963
534.309479 272.653378 1796.602426
25.887938 599.199084 1193.425694
595.569139 -75.814147 1682.073481
30.439891 599.924872 12.690450
600.016825 1.714774 31.786617
420.124436 -428.101187 493.476194
-281.390300 -529.987529 1180.999223
235.470124 552.205797 703.736868
539.645748 262.642252 774.985287
394.953213 452.118927 1664.477656
-417.359634 430.743055 1322.260265
-576.510829 165.940198 260.576209
593.473022 -91.043318 642.927146
-97.226908 592.269563 72.943780
-349.947635 -487.224488 801.872961
599.573696 20.078444 2156.104647
-594.961669 -77.477805 1109.606300
-599.424133 12.332991 190.966391
-589.409640 114.072974 1725.195237
467.081470 -376.670839 463.819333
-591.068323 -101.252419 1882.762611
-597.591033 51.714309 389.088865
-565.238575 201.748318 1413.588078
-302.172979 -518.552054 1381.528263
-312.824355 -512.575832 1866.296673
216.334841 -559.884839 194.066575
-531.873697 -278.823564 595.815974
63.735807 596.620091 1015.229972
311.136887 -513.220988 156.653410
-598.763078 36.015154 1253.811047
570.060427 185.998117 1680.484458
-500.021338 -331.048961 1620.635236
-246.773054 547.002221 1496.146778
583.877336 -136.078195 512.710467
174.340121 -574.109349 1886.121377
-466.127655 -377.327793 128.871957
-504.523167 324.439069 825.779363
49.868273 -597.764537 1015.539054
-153.780666 580.527400 1418.163778
178.351592 572.585870 468.424244
559.159632 -218.322759 1790.541661
-501.639443 -329.815827 929.548327
589.784914 111.032807 1616.063057
-207.778942 562.752541 1223.777549
349.922619 -487.326114 988.457411
529.215341 -281.790805 1608.086428
-597.956879 -51.528436 38.689175
-310.984196 512.590075 2173.054547
563.938951 205.993129 277.288945
-387.478163 -457.839624 686.383445
-508.321139 318.634893 476.568582
-151.478311 -580.388287 385.749369
-75.577882 595.061608 1479.178896
477.867212 -363.027289 1633.096722
77.712663 -594.812598 2037.196050
366.611511 475.118498 1891.595802
-328.549023 -501.930460 1065.513620
251.375436 544.559940 1756.463578
-550.806790 -237.445356 1665.874101
127.840350 586.305606 1524.747001
2.387206 599.748892 668.618195
-405.601525 442.024520 657.136995
-453.062343 -393.488651 383.965568
-32.653286 -598.954424 1897.874215
-237.314506 -551.106490 910.259593
506.423039 -322.567494 582.158313
-433.798430 -415.207523 2187.989371
540.347277 261.528680 1575.489223
500.877825 330.192101 1690.327416
588.944123 -113.269430 1303.867225
182.251307 -571.593871 2098.655381
-566.054908 -199.253245 550.987175
-243.034839 548.490861 1224.761034
544.685276 -251.121459 2123.252940
559.988786 -215.921470 1496.736583
-304.859492 -517.601178 1087.829651
-323.114810 505.731757 1372.640466
-552.666117 -232.985484 445.986541
9.755268 -599.920372 175.422208
-565.059037 -201.760333 1776.055549
-188.273726 570.178356 353.220938
-599.461740 -18.779328 653.736354
-334.190428 -498.520362 971.474431
-267.897433 -536.251745 1694.016084
-593.069627 88.941743 1805.771043
599.610150 25.342564 2022.326146
516.211616 -306.046091 221.753527
-510.793360 -314.142156 1366.999416
-599.118791 24.371638 373.325189
540.920560 -259.913641 1741.421175
412.048850 -435.366019 132.656936
-340.727401 -493.754132 53.506853
-336.865410 -496.791619 113.559529
-30.882554 -598.880908 1331.504757
357.829551 -481.683977 1522.190190
597.298429 -56.918637 670.447183
412.059358 435.994439 413.801890
425.280404 423.222874 1658.817847
540.308638 -260.804257 1004.642627
299.678601 -519.618554 62.789799
493.274966 -340.896101 1455.952161
495.097801 338.775041 1432.798646
-516.611873 306.010348 1821.424838
-33.383133 598.890785 1409.829600
271.705473 -535.063501 1832.831884
457.448429 387.855603 1300.586708
-118.922087 588.394098 865.467209
-591.498351 101.512033 79.936056
568.710986 190.186867 498.962435
-594.431418 81.073404 695.502695
-538.646472 262.725529 2010.012407
334.332850 498.222503 1976.789862
598.205639 -33.698451 1504.836300
-468.261633 -375.081668 1798.628714
-319.582342 -508.249094 265.235759
-577.958191 -161.088772 2015.190235
-193.485971 567.733430 2105.559063
79.322429 -594.606720 882.903724
562.446058 -207.407636 1300.261336
250.995391 -545.130688 294.032604
-532.984191 275.627585 1360.803596
137.763079 584.155606 166.074953
-593.588374 -89.620190 1943.644723
291.947598 -524.610891 484.552495
-556.483085 224.025013 196.073068
-367.180612 474.014861 245.275361
61.235176 -597.119663 216.795503
-596.359903 -56.451762 1198.701060
279.767681 531.120790 659.790812
593.542029 -89.966319 1666.064503
-100.766878 -591.121854 1602.735045
264.874496 -537.840428 899.483107
451.031882 -395.189520 713.672856
-18.870960 600.063640 2059.273470
587.926229 -121.214227 1283.408420
-203.843959 -563.800433 1856.620295
-545.532628 -248.983407 1884.470933
72.788721 595.647048 1166.008736
308.214039 -514.739657 171.170475
599.657618 8.893131 83.263880
-492.197915 343.431814 378.129866
532.382720 277.350496 526.765479
-543.976506 -251.833720 1964.908204
-431.396109 -416.340603 1998.278455
578.085956 -159.755048 2042.876087
100.816577 -591.250143 659.708617
357.149847 -482.288611 668.005277
452.407948 -394.301560 831.716137
222.962412 556.614887 1596.289541
528.552784 -283.638162 833.050170
304.504293 -517.410140 1869.701217
-242.689493 548.607864 1796.771917
586.510516 123.852380 1074.591197
448.287790 -398.723960 1629.654151
-571.716586 183.029995 1002.839353
-188.227937 570.110258 2089.328259
494.709700 340.006195 428.075103
-430.328143 -418.583960 1484.963817
240.372127 -550.160262 642.091918
-597.595240 -52.021864 520.034610
542.940810 -256.488333 446.002776
-237.000309 550.957272 688.622328
441.874013 -405.534046 805.399268
599.435611 0.755384 1628.500326
298.752750 -519.998842 566.151935
-482.667237 356.699295 34.724898
-316.765019 509.046071 1130.215629
535.189817 270.933319 2017.383774
541.727510 -257.981381 1512.892357
-182.894460 -570.986135 1805.073520
-216.709969 559.727148 1939.434629
596.913161 60.268169 952.784825
-68.922377 596.094220 125.953867
-83.965531 593.953046 797.052958
337.782833 -495.197060 1141.072807
-23.780029 -599.351374 1614.305931
-187.805875 -569.650477 752.818395
250.977465 545.216090 1036.643550
-35.811878 598.500790 685.772762
133.880726 -584.679617 1515.834202
-3.079085 -600.534656 1798.894607
-508.163160 319.762842 628.835005
338.764958 495.109017 272.853412
-500.710117 -331.076676 1058.462747
552.919500 -232.761840 1969.529960
546.366008 -248.485833 1338.465877
146.622591 581.775546 721.310155
573.875853 -174.430267 164.307221
472.141689 -370.381793 1114.199165
377.040756 -466.005572 1645.144665
245.974744 547.476189 1866.321867
523.001476 293.437754 808.689140
599.112307 29.700434 1807.334459
86.812674 -593.446698 486.024065
562.384892 -208.494800 1422.621145
-567.131831 -195.268683 559.467126
597.167822 59.548591 1805.840573
570.897342 -184.909652 1300.861395
586.866539 125.272460 805.845852
518.676567 -301.841954 2051.958583
175.634682 572.882567 1191.968778
-512.373793 311.976760 63.555635
-294.379714 -522.421897 537.858115
425.836265 422.911313 414.365169
531.186695 278.052057 456.452308
475.776319 365.753694 2054.497687
104.399174 -590.708374 352.019917
528.280249 -284.053109 407.975826
-323.868573 504.966205 1287.514627
579.903170 154.172573 2040.471272
599.162141 -30.856618 842.561189
489.992667 345.568894 1554.262985
528.937749 283.799993 1810.186998
-455.098276 391.156766 136.297155
388.968503 456.208415 1720.191449
-555.908485 -226.290138 240.801039
-570.167866 187.095452 55.503935
178.544569 572.528836 186.358056
-287.396095 -526.437865 508.388499
-274.108476 533.741660 2137.164570
-473.550308 368.722606 1097.193625
-278.989211 -530.805390 931.819910
-431.365741 -416.930199 190.381894
175.600102 573.647421 1850.526057
-578.821947 -158.001844 6.996675
95.823581 -592.213278 969.657220
-595.049718 -75.907212 1460.900369
466.047221 377.714054 438.336661
-222.117350 557.507465 966.262247
327.141458 -502.910820 954.617853
408.678386 439.092007 1452.372937
293.599122 522.851771 441.632568
-434.399971 413.953275 1073.890154
524.614085 291.486079 1161.310178
-321.262161 -506.588431 566.731161
-567.799150 194.804287 101.998305
-164.206425 577.813500 886.127625
512.972738 -310.841681 1890.026389
-224.499557 -556.352241 1518.882520
-515.328560 -307.301212 1817.236295
275.269845 -533.096987 1051.033728
-104.406062 590.938526 2052.987640
442.055622 405.303257 2072.088019
496.295367 -337.148835 1042.443939
-599.453503 -6.393103 18.108144
-501.970392 328.520071 511.745320
-595.369012 -75.351117 1432.801727
-345.996759 489.972156 1206.188554
463.288695 -381.224791 417.493041
575.509191 171.073151 1999.442423
506.451541 322.090067 266.756619
340.975101 493.039975 1128.819460
448.276422 -397.615841 905.708545
543.936212 -253.882215 2121.545428
-339.713766 494.763844 847.818184
-583.704621 -140.040396 2154.178950
-288.582832 526.396202 1535.703385
-433.685650 414.652904 2146.615081
-559.704682 215.388873 1016.282756
-578.552285 -159.468277 144.783921
-52.058152 -597.934851 260.563181
585.222195 -132.031718 1287.258440
-198.374131 566.715069 1282.841350
-599.054273 24.923962 1514.399757
597.981848 -46.440432 905.971836
-275.312572 -532.967066 1512.008536
77.136816 -594.601918 2177.777555
24.842969 -599.463359 2096.138631
433.894884 414.626523 1715.988697
595.560709 -72.725204 129.483131
-567.361244 -194.191218 1935.335545
553.896119 229.250701 975.749829
598.149737 -50.386743 1239.545347
591.614228 -99.348754 297.750544
-301.429972 -518.239628 2129.253318
-313.858152 511.872809 2088.745486
592.402535 -92.926029 1582.731825
-545.406848 -249.902497 1298.237119
518.945641 300.415987 2117.821606
351.287117 486.181191 1108.674122
-588.936886 -116.278140 1191.663920
361.417291 478.796394 948.099777
-377.895488 -466.313585 1953.956855
450.465780 396.689919 2012.099670
573.067850 176.964651 1652.462170
471.524708 -370.597661 459.059794
583.667298 -138.932760 235.345608
139.779976 -583.561156 795.648894
-442.243636 406.195165 741.441325
-308.444714 -514.982076 444.553661
-102.388239 -590.702959 1438.183428
-414.405609 433.396004 2080.240352
293.328465 -523.495257 815.846789
-259.553032 541.053219 139.955343
-577.858710 -161.713162 137.628303
529.530753 282.828569 791.609053
563.785266 204.256591 1220.095999
-594.583327 80.811379 1361.791049
-419.344457 428.807632 190.066038
456.881909 388.582265 208.643336
-598.166879 40.228670 1158.781950
-234.999260 -551.426368 1578.467200
-302.126646 518.548443 1486.182369
-401.524190 -445.779410 4.649629
551.651733 234.399488 144.910394
-199.764754 565.273796 1572.216355
-227.137556 555.499226 1216.825655
-487.545587 349.582153 302.534839
-489.903290 -346.966617 1790.756876
-228.567804 -554.969601 541.810388
382.594113 -461.693093 463.579791
-536.803800 267.608303 1266.279698
364.049004 -476.109110 1932.306304
-143.504694 582.522321 893.509942
-257.543266 541.380514 1632.681856
-575.519366 169.834237 1160.866261
598.434718 47.490472 545.294698
-416.270694 432.403349 1510.306734
-128.665316 586.112734 404.336770
-598.050148 -53.736725 1826.645771
-521.498430 -296.640140 1094.478836
-452.190896 -395.125538 843.270022
-441.336747 -405.941849 750.508409
367.058348 474.667327 2048.038173
-283.190605 -528.904667 1308.038947
-522.642433 294.219026 1776.218874
260.377398 540.059005 1417.344861
96.170088 -592.258185 1402.607939
373.154562 -469.510650 1274.239090
-245.094154 -547.501355 1091.528757
442.821789 -404.521912 1212.806881
-571.882438 181.576265 1278.148325
574.439117 173.219669 32.968370
-399.601255 -448.198354 50.816689
540.172627 -261.827147 1258.208924
263.795368 539.145736 765.440765
157.657443 579.116349 1947.393793
332.482617 499.460130 494.033376
-573.963748 -174.858112 1126.513176
576.067605 -168.546362 220.023759
-90.275211 -593.224312 617.587641
-484.486889 -354.163355 1563.381783
-175.504357 -573.964783 1470.831622
468.618527 373.990142 1668.096587
8.515405 599.969851 823.865242
-288.534815 -526.276813 1089.155407
-170.093649 575.221113 643.883763
474.534647 -367.107974 361.913749
-152.208296 579.951791 625.359899
-573.967982 -174.991210 233.938033
-594.730281 82.282485 2005.088407
514.363031 -308.642099 1126.920887
599.757470 -11.739263 196.674174
450.369479 396.492404 1176.306764
-338.615638 -495.047816 257.873498
455.599784 -390.081964 940.691325
-191.597502 -568.777908 975.994683
-239.380570 -549.912695 389.821858
84.882129 -593.861297 92.266830
409.895048 438.933351 2162.530852
-218.921839 558.224672 1418.193338
-92.876074 -592.880271 1663.790131
-563.754279 -205.345966 1586.682786
596.244397 -65.291364 1448.544402
-597.005480 62.757808 1678.661767
-533.982673 -274.106411 1140.041136
573.482469 -176.953843 519.439031
597.801820 50.837295 1618.635308
-71.349190 -595.947221 446.281585
150.375793 -581.146004 1369.750690
561.694775 -211.447891 770.659402
-574.380727 172.771885 1592.114692
-440.493201 -407.378740 1481.195702
-419.101421 429.733963 1670.265852
-407.690701 439.971933 902.396190
133.444446 -585.105028 16.069614
-593.538113 88.816349 641.259513
-33.314347 599.107688 291.317305
-523.766515 -293.574948 1811.454333
578.855867 157.478810 873.847085
-216.751610 559.704022 1336.335457
595.903065 -73.139860 1003.464433
560.816509 215.311627 1006.121027
-579.734566 -154.400885 1213.005849
-15.114593 -599.971720 1992.375668
546.322892 -248.230160 2181.403049
390.477910 455.401199 174.294876
-568.399693 -191.982509 743.530858
-583.862292 137.181672 441.353161
585.279691 133.266843 764.322321
-263.071033 538.654282 460.399595
578.681052 159.892408 1703.984133
361.517505 478.809434 384.225195
-230.669771 -553.950414 1301.947509
583.396322 139.423351 46.940145
569.003048 190.469065 350.250808
584.043839 -138.251456 904.117398
357.157860 -481.635918 445.237597
-513.948387 -309.650087 277.131383
-135.082734 585.210445 256.523734
543.044970 -254.987559 882.489567
521.902459 -294.877948 1869.947115
-592.536634 -90.318107 2157.082078
-212.466313 560.865170 959.098196
-597.022580 -59.213338 842.596801
-598.201142 -42.416523 1345.149678
-112.633970 -589.087022 2058.714181
-504.602567 -325.489584 1977.687030
333.529521 -498.768705 1862.206843
-467.143254 376.060561 1916.021464
475.965921 -364.584601 2072.214072
102.706418 -591.356720 440.066127
436.513159 412.191983 2077.695379
-598.269621 43.313012 37.205752
-599.231153 -25.577833 955.502726
-144.299611 -582.787336 430.242229
600.084974 -5.386883 1289.924566
-358.812890 480.382726 1995.924784
-484.903653 -354.066663 758.647313
146.018791 -581.964265 156.770425
-573.277268 178.052679 1467.553616
-228.199431 -555.001751 1417.120614
-452.050484 394.201819 87.021720
-124.088950 -587.423620 384.994624
574.573444 173.100472 1184.195201
358.414263 -480.726501 514.528105
412.861656 435.792006 1785.609480
474.087538 -367.349941 673.893473
-581.350076 148.533398 1699.462971
165.040955 -576.810563 588.115857
593.719900 -86.976975 1199.512476
-505.703589 323.463797 1373.432465
-280.810560 -530.078301 819.339020
-212.574015 -560.910958 1932.939678
-599.901342 -12.507428 1486.044097
485.845294 -351.731206 1278.083352
-94.028639 -592.356336 541.292983
407.136488 441.722510 1631.944665
585.148783 130.789743 1906.450839
-235.862208 -551.504357 2034.351764
-112.783559 589.451316 1324.145330
598.894503 36.053978 73.531672
-286.492547 -527.257882 510.752203
-291.008965 -525.006619 1150.426716
-402.887090 -444.076808 880.365529
-544.409677 250.298109 258.141484
379.965207 -464.586832 619.718817
585.460842 -128.954053 338.760986
292.915865 -523.288511 1267.219343
-594.953145 78.398195 1977.425403
-132.337489 585.511458 1263.522896
-566.480462 -199.009703 1734.460102
92.052566 592.974245 707.911144
596.645364 62.625140 558.004198
112.066996 -589.662146 564.584428
274.784468 533.374400 801.039285
-201.530650 -565.175397 1252.413909
-580.870502 -149.409667 1243.942878
-275.033304 -533.182671 604.586066
575.399035 -171.874850 2067.822628
595.038087 -75.097501 1447.808749
-593.470424 87.173240 2082.924934
113.523287 589.052189 2133.121253
471.494980 -371.109046 765.971304
-493.443158 -341.421006 2137.797923
529.367466 282.296628 1469.642321
-517.886719 302.747068 1056.213742
418.065145 -430.034197 1216.496529
180.468291 571.900309 1816.313027
-158.804831 578.211749 533.931931
591.378061 -98.112980 284.472512
-217.731930 -559.357902 855.771087
-271.168131 -535.152357 1823.803973
566.659326 198.449444 1785.866398
437.673231 410.311154 548.975404
600.106682 5.605974 1646.267238
499.778230 332.695258 1327.327801
-550.570177 -237.983152 121.233793
158.611576 -578.538804 955.568799
367.402381 473.814020 680.851927
594.745174 -79.330713 332.263655
335.005288 497.494407 339.225558
-518.403318 302.621486 1496.861697
574.580539 -174.020433 74.439905
436.933166 411.543462 1881.840742
224.351621 -556.888031 1328.418186
-198.982395 566.413968 2164.925406
231.534546 -553.329614 882.014022
-306.546715 -515.438760 1045.150014
-136.239749 -583.884420 1673.718260
333.667766 498.832180 23.643029
-322.918280 506.187302 1676.587036
305.159775 -516.409768 1347.579916
-441.912834 405.739736 359.142848
-401.945680 445.384939 1612.774377
-519.608906 -299.497979 1186.146121
306.396263 515.777712 1620.459414
494.903668 338.352508 1302.423566
60.029917 -597.362108 507.745203
-370.539200 -471.595809 1996.603104
238.370393 -550.891834 565.200337
-319.115048 508.751829 685.966745
-573.423571 176.678952 1118.021259
-534.763892 -270.855163 507.330173
563.113369 -207.446614 1870.365919
446.405428 401.109111 2158.976387
94.686312 -592.592814 37.053696
521.972921 296.391489 319.899892
167.261380 -575.881087 0.479764
429.393850 418.699764 1978.580728
-132.429503 -584.578411 453.515103
577.297939 164.975557 1909.756824
-315.171935 511.015784 1460.667340
538.097331 265.266154 2176.128090
265.445143 537.810412 863.089784
594.392742 79.645030 676.352715
78.199416 595.044549 416.339499
-571.906194 -182.081126 1970.656924
-240.332542 549.792786 1376.601758
-532.001547 -278.268138 1409.683497
-419.994136 427.985565 2165.772793
-68.153180 -595.867071 1795.868697
-34.817079 -598.911859 491.154892
587.297370 121.678253 1399.522685
-517.876336 303.159345 1322.112870
16.309723 -599.417644 2175.882518
367.893567 474.268374 765.101873
591.976184 -95.139546 1843.361750
597.398660 -55.012815 1120.383074
-327.277150 502.244116 594.200178
145.556946 582.184225 1250.263794
-573.675716 175.273386 1144.630323
-237.243650 -551.651212 1596.574249
306.933920 515.704956 1089.778566
-4.420062 600.336306 660.482181
-409.425831 -438.252937 2153.405096
317.436509 -509.224143 757.619228
-132.029399 585.515611 1067.838123
-579.413707 152.610341 2194.732542
240.883688 549.638154 487.335140
519.871004 -299.578214 44.968601
210.013136 562.435053 88.923551
34.207172 598.823870 452.552842
-571.555519 182.678676 1347.076074
-54.498776 597.726315 551.708673
499.720858 331.704732 36.668799
422.494599 -426.577983 321.019635
136.390877 583.834394 1915.957387
125.950512 -586.337053 846.170562
195.807992 -566.784311 1554.272222
499.304748 -333.386148 808.870633
-136.460375 -584.707713 605.589755
458.686909 -387.237131 187.445165
-149.273487 -581.581052 1525.362236
-72.560463 -595.464659 1108.863656
222.184385 -557.579044 2173.707434
579.219450 -157.162562 455.398708
541.358825 258.296602 1230.091164
555.644676 226.327089 1713.275419
-507.951061 320.162691 1117.025489
530.533222 -280.787009 195.189336
-598.360852 -43.211855 289.095505
-409.449065 -438.743856 1731.068559
428.715963 -419.749479 1671.562873
131.391494 -585.811015 1393.876314
-290.118904 525.769289 1541.054323
-579.784523 -152.217282 1092.154409
-364.702899 -475.817932 446.294394
-578.708547 158.067174 1378.740839
-407.340907 -441.080603 78.656736
-554.870635 228.297798 516.869703
-570.850931 183.344139 1461.515825
-596.115534 -68.251456 1818.294275
-588.407525 117.945276 238.486746
331.927691 500.030886 746.235932
216.835616 559.535692 454.900284
-86.048080 594.197597 1820.151866
-470.575515 -371.191785 1310.748223
514.016991 -309.961493 1257.247635
587.172852 -124.680584 1656.234881
-290.085891 -525.519323 2035.585683
-424.673728 423.384364 656.211460
-415.992250 432.388011 148.394601
153.211108 -580.500615 1461.131943
-538.187922 -265.382749 152.458534
-381.310138 463.468679 1109.568837
-520.580974 -298.376593 1933.406277
407.664724 440.143348 509.059148
-598.693146 34.333638 1916.749075
-599.256904 -26.465542 655.980614
137.249549 583.640098 932.602326
566.405405 -198.511333 184.427085
-154.280070 579.516652 988.962010
-103.850508 -590.589428 1211.511196
-69.758398 595.817013 656.918386
532.771963 276.217434 1018.562022
593.137842 93.244109 157.307603
143.600164 -582.805754 884.587758
-594.270928 79.123374 1435.611525
424.322591 -424.179181 247.986882
494.519337 339.533286 224.671114
21.463637 -600.106751 860.699618
59.973390 596.810507 260.477893
589.689609 112.183825 1372.316247
-531.537051 278.363659 214.126638
-220.326624 557.996116 629.541315
-532.124772 277.408712 2070.701073
43.105296 598.883904 1881.774060
90.927320 -592.995775 759.736599
-270.840416 -536.051904 1124.742311
34.930376 598.971637 2070.848425
-401.765915 -445.672922 1546.379352
584.632511 134.684953 1826.812308
571.846640 -182.399392 1636.199815
-529.398452 282.907173 2055.303835
40.095499 598.679751 973.994822
595.511207 73.283041 1275.062588
-567.674599 -194.071428 673.689455
-28.010660 599.453577 1173.343909
82.777817 -594.330305 1566.414723
244.220293 548.043019 562.404290
581.350004 146.721574 850.742308
-340.980099 493.419871 1602.266337
250.357861 -544.738404 385.129472
-557.556097 -221.940306 2095.160128
-325.615945 504.464154 65.137358
232.115914 553.527949 1577.501053
236.460381 551.225481 1025.720345
-57.597674 596.782381 1947.905978
-78.228001 594.855266 2016.782265
568.256498 -191.844690 1523.977037
-464.233650 -380.754382 475.368177
-422.562223 -425.576125 616.302369
410.344806 -437.662710 67.482060
539.036031 263.988304 1967.208624
-26.069533 -599.312825 2158.846749
-544.807383 251.555789 2160.161428
-503.313522 -326.573614 1357.350587
546.785568 -248.088496 1944.990914
476.124465 -364.701314 1940.703370
15.824256 599.956341 1385.145841
220.772939 -557.794390 1240.812332
-548.569703 -242.607601 415.710877
-491.171481 344.484881 1166.728485
-568.037316 192.682292 701.786774
-497.852212 -334.959391 212.577043
-423.376400 424.599212 186.715568
244.100339 547.681583 1495.407466
472.225587 -369.611506 1303.781212
-436.720859 -411.580865 635.754434
236.220519 -552.214296 2092.440010
-410.181164 -437.737503 789.740349
127.341186 -585.849274 601.001665
551.859304 -234.786221 247.720936
320.355282 507.174967 307.547654
-578.438997 158.447930 2108.894944
76.807311 595.221728 425.122765
-599.780636 10.258362 1492.974750
-525.357884 289.830622 1369.382233
-542.412168 257.049093 471.077680
564.288047 -203.667192 996.789808
-267.442970 537.077278 1713.069670
360.347563 -480.264978 608.952580
351.697279 486.032089 323.877163
-16.980444 -599.654063 1188.725804
440.915673 407.144181 2046.579476
324.428282 -504.097209 480.666300
-597.052963 -60.590495 1223.337722
326.851948 502.892680 773.466904
230.600448 554.094181 233.083914
-499.985253 -331.741113 2023.984472
472.608103 -368.950630 1563.587416
-339.498234 494.688604 1105.365362
-476.650552 -365.506119 1963.592156
-288.767325 525.886148 500.718328
-596.778640 -62.305907 1946.951255
-576.468946 -165.897670 1273.880182
362.234103 478.371236 245.061020
-560.653829 213.069356 612.805171
-298.292954 -520.640618 580.894875
-248.691765 546.276974 932.497840
312.458387 512.124370 223.878823
-483.311685 -356.567695 2101.445105
592.820136 90.233352 1525.709052
547.897964 243.805973 1994.277283
-573.153713 -177.146513 1125.895430
436.966718 411.307538 125.596197
-577.881564 -162.485205 1466.981561
370.882561 -471.619888 1701.446001
-394.089507 -452.576315 1727.312614
-416.916050 431.318075 456.253992
-550.576798 239.018172 1252.164639
296.915302 -520.893030 430.853058
399.875609 447.474462 1375.308700
-515.021619 307.566098 1841.785912
521.929624 -295.126105 709.947732
281.173891 -530.127383 2025.173079
598.262117 46.806255 481.213708
599.816057 26.465506 667.329337
-582.938646 143.825729 870.734531
492.391173 342.705331 1534.422545
-360.271499 -480.024266 1941.975887
-400.414741 446.120002 64.815789
470.758301 372.010284 46.938354
21.301314 -599.671388 394.689346
-150.246330 580.957984 1807.009360
-547.840532 245.023147 1130.919214
-311.581288 513.084082 2125.444693
-596.858829 -58.941543 428.178355
559.548450 -215.801780 1236.132908
-542.495371 257.047025 554.577719
-128.946292 586.154261 1106.707455
401.705291 -445.654298 1118.727404
49.896779 -597.776119 116.078060
414.740577 -432.964936 898.801571
363.444923 477.207457 1427.138778
-590.161088 109.367754 633.454269
-547.154173 -244.652227 2088.105657
191.557236 568.607896 915.157615
540.734093 -259.371638 993.927969
488.150536 348.842008 1557.842840
-531.520565 278.425259 312.041867
-494.779317 340.148161 2135.388829
-205.954174 -563.570090 1836.571101
-309.884255 -513.635016 344.512677
449.161849 -397.108084 2046.835702
420.027066 -428.227552 87.208316
-314.386092 -510.916542 1077.348704
-42.243693 598.570767 1525.893102
568.390935 -192.985226 1536.574079
585.278367 -131.403457 823.102275
-588.787950 -117.132088 1140.887717
-541.330842 257.903752 89.810056
-575.565455 -170.543511 478.669763
317.104578 509.143643 781.221205
114.372600 589.035553 991.797195
-89.138698 -593.160668 476.780407
-557.965940 -220.915484 1996.531719
532.158681 276.702411 1339.064422
428.296349 -419.892311 440.935633
437.211345 -411.002271 392.660754
-465.069621 -378.786481 1665.142011
-492.102978 -343.781507 401.785079
-517.622821 302.990242 1534.280946
268.355075 -536.644070 802.562251
-527.860110 -285.920578 912.326466
563.010537 -208.510838 1890.848305
546.188628 248.992255 438.078233
488.147079 349.961985 1620.111038
-20.079561 -600.019172 483.816218
-592.403183 94.447756 112.623467
-210.261565 -562.042230 1876.852238
101.153754 -592.032828 1793.584359
-451.599897 395.110220 2114.055815
390.451669 -455.852397 358.396739
-507.393270 320.364972 938.377432
239.377288 -549.427549 1785.493935
467.515148 375.948003 1058.468091
121.947238 587.449280 1374.188902
-564.621593 -203.464850 635.333080
-543.445293 254.045284 865.244564
-598.329189 46.266025 1524.752489
394.205443 -452.436411 1738.417091
136.909997 -584.650331 1039.359898
342.023240 -493.169168 1759.090798
-579.676423 156.487521 525.579074
-96.129733 -592.450431 819.312496
-599.864096 -15.920734 185.641780
-283.655251 -528.702691 1680.494821
258.281230 -541.466280 685.548391
-126.902673 586.327522 2120.763115
468.150337 375.844065 1925.459910
133.065018 585.150317 65.003548
-318.597242 508.680572 1467.294399
231.314357 -553.988146 1837.993790
-599.744270 -16.014560 1140.820270
66.142675 -595.791133 754.346598
-279.258852 530.933440 452.947613
511.027702 -313.938070 2065.888802
-295.794839 522.270801 1079.131120
517.618851 302.740424 2198.011724
-152.862265 -580.659053 1777.728462
321.689596 -506.603625 2040.863902
-213.109700 -560.900685 58.242185
-580.287540 -152.886533 528.872007
341.980148 -493.242661 715.323095
115.019839 -588.394794 1708.142069
-598.569385 -49.088115 1661.991608
115.947323 588.544347 1369.629095
147.405431 -582.094974 333.327885
-70.476864 -595.607690 813.083342
517.932943 303.592232 1011.464044
184.011141 571.323281 106.361090
599.134270 -39.190926 190.734066
506.976777 -321.452370 1473.882047
-600.244929 13.071756 230.151491
577.731972 162.239391 376.922062
-560.915586 -212.326519 321.033073
-347.303086 -489.015891 570.668999
314.439734 511.173896 991.838125
-198.459665 -566.135788 368.864961
-213.635650 -560.248261 435.564211
585.843372 130.345558 40.369358
-370.753497 -471.968176 556.602098
-450.461763 -396.019811 1971.574787
-526.465936 -287.886545 2037.803266
584.399103 137.745706 1268.635036
-530.899178 -280.449760 2060.286252
-471.423648 -370.351586 875.925609
-598.461095 -45.104531 827.103201
77.890213 595.213864 1532.122611
185.889425 570.460372 629.821861
525.133602 290.177695 1386.085816
100.897993 -591.066539 1445.208201
-401.082214 -445.950066 40.296421
498.426608 -333.960149 126.922289
534.008795 273.920350 304.244463
582.755727 141.773621 823.547071
-558.875059 218.265691 2074.392315
483.324635 -355.762258 1510.110451
-530.331155 279.829561 738.637487
450.324924 -396.412410 598.639977
566.366643 197.360890 1725.383227
-506.986781 321.339726 681.078814
600.124393 19.843568 1141.785039
-588.898254 116.182916 74.258913
-401.779743 -445.709726 617.187897
590.734959 -105.921270 933.231855
-280.228991 -530.489147 1593.869574
-103.470004 -591.293853 661.573870
-594.487944 80.057132 1637.831592
575.584872 -168.846776 775.046366
-552.771726 233.222937 1522.422502
-8.474467 -599.898580 1049.412424
598.552337 -38.558464 540.671609
-573.116121 176.836365 2069.878385
565.469965 199.813186 51.548265
-61.707992 596.749553 730.927784
475.397033 -366.136845 1637.598377
-323.671099 505.665587 1100.891907
226.518050 555.979002 2044.456296
-246.034568 -547.117842 1480.075898
-29.876125 -599.282234 1894.393058
-565.565222 201.478670 251.990485
542.789239 256.306933 602.232887
425.501167 423.355696 122.926490
-122.437056 -586.924834 2173.523143
-557.506892 -222.048171 2197.676249
-24.047901 599.578983 3.182239
352.444816 -485.424781 326.564054
-533.881342 -274.178461 1546.416499
-590.686760 -101.490855 1482.395649
472.972304 -369.477967 1021.714535
-38.300691 598.765620 126.924621
-379.277556 465.378495 1729.078697
-189.551242 569.145475 1767.574165
599.843135 6.864998 558.408130
81.629865 594.476598 54.322344
-533.615705 -274.980881 1666.089249
168.120599 576.263555 738.268732
514.867680 307.867428 1073.960102
567.590408 -195.061189 295.334943
115.489813 588.736481 822.296958
-108.500071 590.258797 1628.247258
-550.938117 -236.432982 1377.413109
207.351444 -563.030753 1740.491563
588.023597 116.894132 280.719524
-47.715606 -598.088027 1337.057548
596.264910 66.769753 33.626479
388.925860 -457.115493 2036.359960
-110.146386 -589.627702 2108.420607
-517.628585 -303.858466 965.150360
497.877383 334.733761 22.465995
-299.693077 519.740053 1277.802929
-251.907852 -544.539249 1848.718021
-589.700384 111.092893 1189.808073
98.233715 591.826125 1077.987649
598.438432 42.661449 2199.107848
527.755008 286.743349 329.194410
296.884197 -521.497634 1259.023999
-123.839289 -586.591348 1768.648058
-48.284778 -597.806149 85.056784
-106.028108 -590.924744 328.040163
-318.596521 -508.740123 1107.239165
-600.252694 16.695860 1292.816965
-131.099173 586.208107 1836.127878
-595.087034 -74.389360 1740.876745
40.350982 598.860317 758.995352
594.545488 -81.811788 1907.298204
154.758426 579.770510 2141.101519
-358.603741 -481.236661 1997.810469
470.158680 -372.741649 794.083515
-305.363054 516.574674 1519.234190
589.167267 113.295182 1556.258228
557.233486 -222.258310 702.025459
305.763680 516.227254 363.741780
454.764870 -391.743771 692.070890
445.630095 401.942514 1208.854942
33.040823 -599.410635 1601.964928
566.599440 -196.677798 1279.095410
-521.466221 296.013882 1979.474181
36.505476 -599.074064 32.531252
423.303399 -425.422376 1228.675136
309.673392 513.923613 1245.850338
-318.213467 508.413004 2114.722762
529.279457 -282.805259 1020.215354
-182.481872 -571.402088 1461.496893
-529.252249 282.138211 1249.188102
-449.508246 397.755130 1991.874508
585.644425 -132.349820 101.691571
-593.966784 -85.202555 1745.148609
210.899379 561.938210 1811.687300
236.211351 551.633419 1707.693250
-539.995246 261.383468 658.423330
596.247709 65.583000 1628.238525
155.766924 579.274704 464.521179
-571.390741 -182.072427 805.535207
188.018360 569.464539 796.240157
598.574427 43.501953 370.304078
564.075310 203.789492 108.979789
-462.248281 382.909525 2059.087807
-521.941553 -295.062264 1823.818494
-41.489216 -598.738676 1589.924201
387.567545 458.313344 1287.466062
575.826405 167.674552 1428.559949
-586.599833 -126.775348 2028.879311
263.317819 538.949062 1787.909506
599.659146 -27.129958 1460.096722
-310.235727 513.835462 1357.087091
-585.415798 131.237381 1315.561936
-385.021265 460.317504 1018.798095
-375.037074 -468.346994 1156.754629
574.229694 -174.262477 1324.586855
499.718875 331.784675 423.021244
-35.827636 -599.243559 171.406055
-249.274267 -545.613732 121.865333
146.022899 -582.074861 697.968416
124.935550 -587.060463 908.751020
-554.834911 -226.978446 1056.546601
-111.586928 -589.260196 993.915907
-599.715578 -21.107302 691.773525
-511.827633 313.660383 2114.520658
95.787230 -592.181058 1264.932343
577.038133 -165.077327 25.137869
519.291648 -300.387954 1696.843647
-540.967831 259.729278 238.035855
408.224659 439.899811 1625.535705
462.473961 382.945523 972.117961
28.872204 -599.341802 1331.438555
116.749335 588.049477 1305.652794
-195.180909 567.258694 1752.522485
-588.361053 -116.988823 235.937087
-387.303260 457.725175 1274.689350
-334.535454 497.929125 396.684794
72.358188 595.148908 1138.275064
508.674670 -317.190906 1418.280804
-403.070704 -444.776335 1078.464413
504.442638 325.598430 568.213331
534.002479 -273.427584 2133.324596
584.402479 134.718110 621.470542
-384.791607 -460.312333 1989.368966
545.648117 248.338625 1944.156731
-584.192970 -135.897301 2057.735695
363.647852 477.176811 45.239738
595.205715 74.307059 813.303172
571.916854 182.572186 137.199399
366.615206 475.388208 1767.283413
-457.264804 -388.308444 666.744238
368.515941 473.557055 659.499360
59.863212 -597.040325 120.751839
418.516144 -429.473624 530.612230
594.989951 -77.057674 753.724642
431.353365 -417.511151 2024.425504
-416.282756 432.305182 1629.685519
301.977164 518.760689 2096.031151
-505.777015 322.705001 2004.330613
452.847524 393.454518 1317.782907
-439.699504 -408.167865 278.053297
-159.001929 578.136412 783.693083
-337.772001 495.972684 76.338040
593.579299 -89.612802 1365.526919
-24.102411 -599.663044 1619.764080
-99.470692 -591.706027 1813.259443
-402.408924 -444.739723 2171.481949
-438.207652 410.007717 2135.775608
272.084912 534.827126 79.892420
81.793695 -594.657903 529.807561
579.776320 -154.306758 1194.351973
-24.272815 -599.431563 77.547064
84.939313 -593.840765 505.761075
-137.487303 -583.691622 701.820726
562.578067 208.240932 837.248284
592.018589 95.507009 1528.558836
596.749169 -58.741633 550.840229
593.575584 89.180895 246.730793
-592.465732 -90.776518 1117.978362
598.915400 40.245823 714.234942
-136.336862 -583.944701 948.275801
599.434105 24.434459 1672.401263
-571.459848 181.593656 578.748266
408.535122 438.481929 1650.407539
-583.325911 141.311108 673.826995
-407.047452 -441.430727 844.843712
-405.652065 -442.230115 1554.236745
94.706094 592.526366 1045.276991
587.210605 -122.968537 1305.156281
556.774377 -224.263366 1605.513313
-581.633092 147.526787 362.456945
528.648025 283.473529 1029.994197
-416.164729 -431.732159 968.600408
-157.973678 578.378935 586.688941
-382.586733 462.501250 1892.920246
-315.493017 510.006392 1808.809367
-392.292057 -453.957853 335.445319
417.205965 431.256968 823.594374
1.890276 600.046880 1887.929179
-587.948719 -119.807798 364.748048
338.047185 -496.001738 2013.838189
485.203039 -352.800700 1922.888899
84.633387 -594.557402 88.493968
-592.478059 -95.015186 488.668980
-207.891608 563.371446 432.421935
535.026298 271.418592 924.787293
555.680394 225.717348 2170.914469
-375.403377 468.019979 2123.085128
-230.209360 554.025315 369.998073
-537.047451 -267.801376 2002.578056
-536.164833 -268.884186 1222.709796
-572.590887 -179.002829 1925.855823
-551.585566 235.380730 668.380460
-598.527652 43.940508 1985.914958
230.552812 553.752712 3.513423
-16.617565 600.009045 1635.729694
-170.424191 574.872497 672.487773
583.879690 -138.432695 1236.821212
496.432161 336.439621 1278.532699
211.238543 561.872192 2173.290684
-395.536117 451.116156 1083.735280
235.046700 552.538959 1909.678479
-67.959243 -596.140574 807.761560
-277.966045 531.884036 1033.335563
-520.441069 299.053277 340.223238
-212.122350 -560.907260 1353.857585
-464.772002 -380.471996 764.681271
533.585298 275.094191 1435.133650
596.693065 -63.091429 762.217346
237.962920 -550.799827 174.723999
363.871877 -476.427937 32.381863
276.499606 532.856045 1257.678083
423.047200 424.947920 1988.054807
594.557119 79.185651 1425.802394
-591.997755 95.722848 1021.002461
340.499846 493.871319 2000.200510
-595.821787 -71.840770 153.057609
401.281569 446.115111 688.605849
211.411851 -561.750777 196.180866
-463.213340 -381.365756 963.731750
496.210868 336.967884 1491.146323
469.321082 374.620066 780.150321
-392.048593 453.690841 1625.553533
-111.213718 589.190061 1164.073976
-192.820191 568.193038 875.019330
175.829521 -573.783766 867.351576
402.515994 444.600177 1933.958831
-48.301898 597.805268 2192.343622
-597.749130 52.602822 931.591592
-466.688173 -376.388354 1112.788619
184.628036 -570.506682 1355.489297
586.153352 127.874238 2125.551356
-152.109350 580.439898 1613.020031
-570.488070 -184.223233 749.033491
-481.501286 -358.218071 1905.045735
593.813710 -87.320564 2038.304199
549.315277 242.857449 1790.892716
-284.374341 -528.461193 149.362824
299.670758 520.266990 419.752574
85.485082 593.919236 766.656195
-536.718343 -269.162916 970.286179
291.189083 524.445031 1609.486492
-393.403200 -453.196289 1838.171840
-462.379429 -382.387506 205.036557
394.282640 -451.643734 138.812646
-320.716629 -507.093283 1733.723033
451.299097 394.908160 1860.638504
555.973529 226.303470 1654.672265
598.283600 40.860936 909.024000
-158.764177 578.758709 747.293710
-519.978261 -299.250487 1422.945203
588.089232 -118.377456 1174.838474
599.974185 -6.342668 131.344764
-21.408204 -599.541934 1957.435668
-341.278103 493.991770 789.703896
368.875022 472.680215 654.235937
565.004107 -201.854256 724.458310
-509.721216 -315.778458 1684.778265
279.710701 530.676416 1995.765578
54.921863 -597.281751 104.281053
-233.864967 -552.713264 685.552579
-552.379298 -234.506856 2129.780931
-181.556242 571.334511 1714.232008
-111.793573 588.987057 1940.065273
-592.051532 -98.947393 162.063150
-339.165090 -495.197852 1890.122589
-598.346245 -38.356871 196.771054
-307.108017 -515.094186 1495.785515
199.490977 -565.735959 338.363683
-309.820795 514.035670 817.912230
-565.520850 -199.929564 1306.438602
-303.333932 517.466432 2136.825116
-253.414979 543.497578 1174.078802
530.829640 -279.889413 1494.179314
286.339095 -527.543853 1797.055174
14.432656 599.945996 2032.801090
-425.002737 423.097541 465.089882
456.406918 -389.695266 938.161087
-582.759118 -143.611772 302.048023
-599.112170 18.466406 1760.573015
192.032496 569.189959 37.451529
574.041351 174.787994 2193.106251
-596.928625 56.870861 1202.019435
342.708442 492.933208 128.600101
189.352970 -568.883593 1820.608335
567.751853 -193.835662 1540.007924
-587.687548 -121.483255 849.071362
-373.194473 469.812389 376.343930
-599.939011 -19.711112 745.848501
-114.375521 -589.140816 697.507294
598.499388 39.592530 2199.239865
-578.092179 161.813705 100.292568
-209.977692 561.525242 871.032197
-30.519491 -599.510813 1599.778758
430.035391 418.426368 2053.271373
-260.169289 541.034360 603.519329
207.732259 -563.524730 2135.137929
-401.147711 -446.461500 1617.198269
58.503336 -597.450572 1038.267390
59.643013 596.981524 330.590446
592.476347 97.514439 1512.258199
465.088234 -378.929638 721.629359
-206.669429 562.876349 1903.920986
13.079124 -599.547210 1812.855455
366.598923 -475.232706 397.310043
552.189906 -235.406202 1700.610078
-105.036285 -591.121752 57.122101
84.879080 -593.945193 2021.055021
-590.023781 -107.679184 724.666576
-367.545110 473.831201 390.033493
432.675713 -415.344692 393.375183
-509.414672 317.262418 380.277767
472.832652 368.876407 1677.230642
43.334895 -598.549672 1402.996565
582.563844 -143.822021 1510.962232
-533.996042 -274.047003 1404.906543
-295.179012 -522.461171 1688.534911
439.628529 -408.613894 1231.994255
599.294979 31.410914 411.616044
229.110810 -554.316679 348.794436
597.594201 -52.253794 1468.030830
172.816258 575.007517 439.537588
571.234314 -184.352186 973.069050
-120.927726 -587.914267 2067.304789
-98.893982 592.411951 873.565231
-24.004052 599.785053 123.032571
-79.136705 -594.479417 2055.308374
-558.150665 -219.615096 69.014078
594.176026 -82.798945 203.845579
-578.699047 -158.181725 1082.258916
535.332176 272.148500 1618.400048
-64.134828 596.019487 1522.508181
316.849690 -509.334787 462.767627
-223.075551 557.175651 1796.756705
275.375450 -532.825732 500.091790
-36.314269 598.921009 617.949287
376.526544 -466.675507 173.712531
554.072403 228.672885 2043.949957
444.868303 402.395136 2116.223122
-35.368216 599.131682 17.089853
-244.322889 548.246659 1460.341863
-550.930329 -235.690899 572.410742
-132.097601 584.737369 255.315270
562.566320 207.492902 2032.178327
563.237918 -205.609998 783.426417
155.706571 -579.555822 447.137254
121.800010 -587.585794 2194.090789
-533.245280 -274.700601 265.586059
-377.932736 466.420479 635.892279
-30.732537 599.189530 70.178012
-533.825241 274.549618 235.557690
326.600844 -503.551543 1162.115808
-590.968833 102.223072 1322.373509
576.765008 -164.916875 16.444308
504.994027 -324.071584 431.011261
527.540261 -287.338281 1623.787327
555.193113 226.805300 1320.284369
481.464954 357.860220 561.577639
537.425549 -267.298790 1786.109886
292.307664 -523.422058 1809.442754
-290.003443 -524.980456 1200.092857
-209.926573 -562.398819 378.676395
-486.992189 -350.529427 2028.259499
-263.876442 -538.595763 194.557636
494.193265 340.550591 1445.860978
-452.879114 -393.514468 683.655711
230.427238 554.386507 769.861911
-305.106434 -516.627990 2017.926034
-269.422353 -535.742468 1215.409703
-525.767528 -289.224723 1679.018713
378.739706 -465.439830 1740.398778
181.099427 -572.018454 369.961314
-584.151697 -136.429310 279.105677
267.796309 -536.844034 1387.611854
-90.520607 -593.337235 1317.936606
237.099974 -551.243351 1287.405608
360.513995 -479.650127 410.840445
-589.683945 -112.553625 2154.083350
539.222802 -261.812093 1719.278453
504.232064 -325.297276 1599.984552
-407.573243 440.750767 2113.766020
309.173331 513.976217 6.609819
-306.557402 -516.238779 379.767457
-502.503640 327.742664 1129.974759
-518.591880 -302.285898 1531.526560
79.388861 -594.412509 1617.097709
-103.750579 -590.401400 1511.275732
527.372813 286.284274 1170.593396
224.549801 -556.449774 782.441273
341.194522 -493.496648 1629.403518
-104.118011 591.117523 1477.609463
529.707594 281.412341 699.390394
-492.709209 342.663309 553.124896
324.012870 -504.606542 601.405639
554.914171 228.202430 1329.579472
505.423678 -323.236616 2173.499668
101.093312 -591.487519 1359.367285
583.801308 -138.704077 1518.220538
-89.725971 -593.353227 1793.833761
-571.948316 181.079585 104.847612
581.836544 147.790919 279.507779
332.505741 499.719671 1836.655981
179.155304 572.505512 2050.408090
-302.025284 -518.310419 1304.253334
590.416977 108.090368 163.694032
128.101253 -585.861347 1994.316963
236.054868 -551.892176 437.811129
-562.336286 -209.142024 782.371253
394.594370 452.620910 226.249826
-509.605282 -316.187544 459.897195
-168.941080 575.972953 476.274854
-297.960709 520.918471 278.524000
592.543880 92.634530 1189.910604
-597.872950 -42.817690 913.634737
57.456708 -596.907753 225.961688
-483.544729 355.458020 525.443481
-453.076290 393.954920 39.863277
-430.719573 417.837208 1901.061911
350.162059 -487.178627 1903.273247
501.465347 -328.405590 824.422015
-547.397910 246.062800 262.521535
204.968601 -564.104284 1997.251542
464.761732 -379.466528 614.510477
-15.349133 -600.004962 1600.441798
-481.475561 357.805975 39.139306
104.589709 590.594024 1260.820098
-588.997699 -114.090496 2000.195489
-526.500810 287.378818 1733.388296
-600.152778 9.561898 756.137687
-444.037874 -403.325438 1242.562706
328.656983 -501.572884 693.071961
184.026585 570.882541 1278.531092
-575.096712 172.399849 1945.271321
-211.295630 -561.740129 121.293000
140.417952 582.631724 38.908348
321.056664 506.923951 780.927676
-24.490903 599.346060 1531.518595
462.796604 382.370459 762.044582
108.820425 -590.371686 821.687780
516.531559 -304.814658 827.625951
-183.373396 -571.154607 1345.222275
544.360765 252.165286 169.356118
593.336588 -90.392182 440.165750
-39.047464 -598.447018 637.920628
222.907834 -557.369212 2024.165870
345.769962 490.517890 1515.289301
481.688884 357.421615 1202.013455
-568.371751 192.945391 223.559607
-354.252911 484.049907 2199.925302
-154.335695 -579.770899 1495.119547
493.477205 -342.202974 1898.963717
-494.381028 339.337538 741.550086
520.638610 297.740102 578.681246
-83.596234 -594.197530 1546.098620
-59.339656 -597.291283 1479.611396
-560.114382 -214.339373 1636.038677
87.056031 593.456076 1375.624406
-30.597749 -599.081549 636.300909
377.773860 466.305910 1464.387943
545.485278 251.800570 909.940462
-409.008133 439.303678 392.404269
224.339008 556.790380 1717.984465
352.228600 485.417021 1794.032978
-593.701344 82.498404 2015.638575
526.546857 -286.703284 183.682916
549.366606 241.694755 1153.789354
116.129596 -588.044730 378.977093
-553.148920 232.805390 1601.044997
471.535640 -371.204745 252.516976
-592.817640 -92.416321 1703.213041
469.099871 374.423280 1742.350574
569.409710 -189.398912 1244.971659
446.481322 -400.559669 1039.980524
-414.674490 433.647235 1420.549464
159.926620 577.993467 1865.545345
422.590916 426.302072 1438.244419
424.216253 -423.602769 564.346922
-173.253779 -574.585266 1128.275277
-72.855237 -595.057983 487.656685
-275.848312 -532.354414 1919.665750
544.303980 -252.071086 1725.515115
-581.270565 151.194690 19.313863
585.869272 127.825944 1758.940064
-371.085365 -471.226358 1306.539796
-584.562384 136.703191 753.812248
600.179493 7.038914 715.051552
557.545970 -221.066323 1966.174828
72.114162 595.656241 930.118523
240.334312 549.892775 879.856420
100.186130 591.717485 1932.982847
-292.360658 523.770182 482.911840
-563.857802 204.568654 24.453291
499.465922 -332.553630 851.882574
-524.612472 291.646001 983.771354
-180.094078 -572.225431 1924.817845
-550.179993 -238.573079 1717.829274
-594.025511 83.649599 1860.674222
-600.028109 2.618955 2150.154010
-305.601801 -515.526449 1835.240182
585.230086 132.795425 576.619523
220.709584 -557.877917 243.361474
-488.250879 348.264140 178.985595
597.693791 -56.004590 14.562664
-188.108942 569.106580 1675.973718
-436.788506 -412.480546 27.699351
-268.579687 537.026123 195.395633
-452.057708 -394.513783 860.703740
407.469164 440.297587 1000.588583
232.241930 553.313919 622.003131
4.143676 -600.156549 378.549470
110.394427 -589.816731 1931.674387
553.494529 231.795188 853.105588
-488.330024 349.067704 987.394744
-446.195200 -401.775678 682.879649
334.060631 498.036593 390.133380
-148.066622 -581.341456 602.228773
558.445104 219.096334 769.669706
565.097440 201.728936 1857.973088
100.357947 -591.058086 1113.306593
21.030075 599.873164 556.896399
-76.815532 595.182127 856.901258
330.694287 -500.867235 1386.450274
222.646176 -556.546491 655.338914
553.115458 232.016958 77.502913
-578.271994 -159.394916 1113.708634
-325.101383 -504.828743 898.105999
-594.101856 -80.269181 1183.594565
-538.250000 265.394294 382.662098
-284.243286 528.580623 655.785977
-173.556737 574.830296 1093.861845
-64.451936 -596.272603 203.723217
349.733500 488.262502 32.077420
-597.192460 59.563239 1847.102860
259.876351 -540.749012 148.776816
56.731903 597.441136 1199.054437
-34.909886 -599.037321 2043.031943
250.107550 -545.158537 1059.868810
-434.498866 -413.926582 1677.269221
-247.566309 546.546801 1213.989215
-563.927895 204.933339 1244.212824
599.157994 -23.530197 1671.085054
-507.975170 -319.651022 2142.602695
-485.812267 -352.239006 1261.504776
392.628203 454.467833 700.560051
430.204141 -418.287235 605.442804
-35.588216 599.131281 2084.092696
351.841145 485.424738 1173.557083
-516.094522 305.402365 89.129596
575.551559 -169.480827 1516.232967
478.687760 362.462659 44.552605
-109.749935 -589.956274 1169.459577
-265.373278 538.317571 1026.492558
275.976470 532.712956 30.654632
-46.851994 597.943944 2051.696064
244.861217 547.879485 980.455920
-583.889368 -137.611864 728.769016
571.428468 -184.809651 1725.741327
15.900854 -600.151700 45.412670
16.048026 -599.530170 594.699773
-337.330160 495.996830 1072.077310
-599.039283 31.424436 571.531358
77.032342 -594.897239 38.418339
-409.393981 -438.192631 5.014001
-386.792594 458.184453 1764.280902
-292.360105 523.505118 744.302301
166.087628 -576.616987 462.898254
361.793068 478.134015 1863.946238
-598.655124 -37.235731 859.364316
440.169698 -407.331755 1825.684869
-564.055031 203.614606 818.712952
-113.425367 589.229855 1267.606254
-69.754711 596.330698 44.410019
-564.621392 -203.547072 1121.295050
561.870863 -211.318783 651.279922
145.099055 -582.061224 249.132897
415.049562 -433.626207 2041.162433
-33.532988 598.818900 2117.659735
592.328126 95.325675 717.952549
-599.397576 -10.465022 634.108204
-100.649270 -591.151026 882.034186
-514.252284 -309.929402 1274.943499
-556.367509 -224.752072 271.253344
-155.136707 579.589192 1042.085473
-573.657816 -175.460370 636.520930
376.207864 467.907468 1180.344553
507.267751 320.231286 1463.377988
-514.666970 -307.409038 2187.914348
578.164010 -159.268195 817.767935
-13.363783 -600.035816 934.866802
575.437059 170.169187 693.595235
-24.605022 -599.663148 1453.866887
562.926469 207.676267 151.323747
389.579578 -455.945798 1899.633855
-548.775138 243.043879 345.381686
434.779160 412.835253 254.292934
572.401145 -179.172866 1720.084146
-252.720129 544.001570 463.068431
-310.233868 513.844075 1089.705310
111.001607 -589.800849 324.801224
222.420351 556.903179 1530.899507
-576.840403 -164.511852 321.690889
308.255505 -514.217131 1316.365470
-62.870391 -596.953757 2105.174888
171.057879 -574.908920 1448.474056
523.902111 -292.808257 651.245393
-160.656560 -577.989048 687.234227
-427.630434 421.020411 246.898361
-223.996431 -556.558261 435.065977
-550.962856 236.399557 408.495589
583.004800 -139.443249 519.548982
207.719881 -563.220106 2185.907587
295.653219 522.100704 1318.094077
431.828521 -416.749694 461.592072
-79.695424 -594.833467 1789.833054
558.894280 218.385939 1206.425046
-542.506432 256.637635 48.279750
493.084964 341.294234 1790.373348
-508.205783 -318.823859 372.954879
-321.029926 -506.568364 645.947063
-240.884458 549.230918 79.342744
-598.524384 -41.293517 259.374377
481.741180 -358.221965 1897.026009
382.683555 462.390095 691.887171
-592.473531 94.574148 835.862897
-14.641975 -599.996037 1292.627622
515.746220 306.153870 498.667953
-592.952254 91.460222 1458.916807
-578.712185 158.170329 1578.380884
458.360388 -386.909942 1787.254698
529.297080 282.703990 328.556567
530.638736 -278.974839 52.835150
51.754241 597.630097 2176.582881
465.623706 378.722233 763.846806
164.959574 -576.821991 2022.843879
-131.175539 -585.670931 1638.455538
-78.202301 -594.096808 1522.511937
581.789144 -147.879138 765.973018
499.209924 332.410360 2039.833476
291.318535 524.528414 54.441435
-421.528254 -426.769098 1509.024782
387.657514 -457.883044 1640.289522
489.313171 347.302772 629.202823
-201.014323 -565.222796 22.279130
-184.892558 570.896719 1855.051371
-530.093818 280.836455 734.776045
-218.935320 -558.311107 361.386656
154.867755 579.404299 2073.163558
-243.380410 548.224813 77.153058
488.009177 348.889325 811.671902
180.574925 -572.514055 1591.646725
-535.838028 269.742083 601.285550
432.828546 -415.387886 881.929812
-575.878777 -169.405071 1113.018614
184.056856 570.859618 1954.273965
-56.449643 -597.687562 1837.301223
-381.314254 463.612019 1187.772000
-97.506020 591.850281 318.295788
533.590221 274.675580 1578.283312
421.310948 -427.541339 1902.386675
83.889175 -594.117910 1192.137369
-409.609959 -438.751393 859.312036
-584.104965 -136.608739 642.308704
-548.916983 241.566133 758.327481
-345.598233 -490.295074 1096.564699
-114.101914 -589.033123 1760.202569
516.413398 -305.618221 1050.084050
487.204701 -350.669665 1197.480656
326.719639 -503.582381 878.376471
-165.786157 -576.465405 356.040032
371.824209 470.553981 1472.740990
500.102794 331.646711 2045.143796
-553.502717 231.751592 793.023207
597.571759 -51.703512 2085.303633
63.004896 596.926953 557.804666
-375.888510 467.512352 1723.758067
356.039242 482.386776 1378.064853
-413.604354 -434.696674 1722.831366
260.324828 541.040416 889.694002
-307.402984 515.704992 1403.447443
-342.680237 -492.474745 2170.601482
448.792113 398.328870 443.608156
-536.485292 267.923765 1607.702953
-483.508119 355.317056 690.069365
596.816990 -62.524806 2170.684967
-563.981531 -204.702247 230.942084
-63.821899 -596.968518 1945.928538
189.242953 569.283000 89.860891
578.243754 158.672630 230.625864
582.932949 142.842207 420.023621
-572.383494 -179.471526 1927.407784
-298.866146 519.612433 287.605738
143.030999 583.095874 1173.138209
-45.501282 -598.375233 1257.696025
-549.351400 -241.312925 1124.954838
-332.891350 -500.146619 280.710771
-21.577006 599.525220 1907.178965
-539.882484 261.545654 1734.284700
389.858752 456.442422 1673.794594
522.001350 296.266820 1688.942093
-227.071026 555.377316 562.810158
-463.485940 -380.119930 1461.617785
-535.820208 271.003478 1710.337667
501.034674 329.420006 168.653795
-14.895895 -599.189131 1362.386477
-515.311647 -307.271831 834.459227
-22.576002 599.464691 2169.260432
543.855960 252.885153 1405.341572
-579.604878 153.699006 1312.455599
485.465077 -351.970451 1589.865491
-160.342787 -578.142638 1705.802226
-593.185603 93.188154 1743.666484
549.386778 242.409166 270.955457
593.841377 85.642737 351.979212
173.674592 574.362962 1239.015306
-13.579166 600.123347 15.659638
-599.122071 -20.108122 1443.053484
-210.669505 562.214450 181.401413
401.507504 -446.203731 795.406462
-519.676360 300.723767 2147.043560
-592.836574 -89.635152 373.124012
555.317135 -227.048464 1597.032440
-279.495154 -531.212150 666.651841
491.136515 -344.348469 1797.862296
-543.590101 254.802352 1957.532603
-282.581513 529.673441 707.768144
63.820184 -596.676427 1122.352466
108.834023 590.243385 1591.633186
-79.991422 594.218528 1862.037251
-592.174893 -95.178702 177.681928
-533.069932 -274.981265 207.749645
595.137839 77.237280 480.016093
432.892541 -415.713093 1807.808431
321.342465 -506.587406 759.808621
-141.742997 583.066001 61.940362
323.425564 -505.501663 278.798934
592.344758 -96.475134 217.441734
-301.486176 519.132082 2186.833944
-599.143197 29.192062 1863.473298
325.636463 503.677254 1170.332534
517.258146 303.018497 1899.879966
82.703869 594.213988 105.159625
-283.174292 529.101929 58.822997
-569.106734 -189.527745 859.576496
545.137765 -250.764273 1850.276930
-463.197988 380.889410 249.946617
389.471671 -456.662380 1656.757553
498.927726 -333.954370 923.561407
599.912168 -25.002013 2049.416566
599.806678 17.763942 2148.910330
-313.127703 512.008504 1701.346311
-116.399052 -588.338437 1638.845771
-522.872554 293.607146 2033.100101
-279.967239 530.843014 191.174383
-185.954651 -570.578571 1428.726074
-599.568894 3.876277 448.537940
-593.463087 -87.469414 1774.096960
113.057968 -589.337005 651.971011
361.507591 479.469545 439.680251
594.113174 -88.424678 96.378956
-598.962372 -31.680945 408.139396
-519.856215 299.591674 1929.531686
332.434235 499.352260 839.687033
-140.882235 -582.987859 1452.819597
108.893182 -590.349929 1409.275807
-598.115380 -50.606168 741.947720
-515.501166 -307.300648 1305.221699
-504.536293 -324.332755 699.896261
129.407568 586.151623 1784.789764
550.277489 239.232092 2102.424052
-496.426187 336.996958 742.090053
539.846793 261.926055 2099.155550
359.709514 -480.168542 681.223042
255.117651 -543.090396 235.170613
-589.499907 -112.082876 1833.990091
76.388634 -595.108503 1888.526660
-571.147771 -183.789706 973.688761
585.800542 -130.427845 319.823020
-461.849564 383.221709 1759.045638
574.866411 -173.139831 233.573164
-314.175683 511.730434 1836.257424
393.797076 452.623774 1541.366073
-534.342926 273.957620 2082.323719
-598.639589 -36.888925 1909.919152
-85.378090 -593.760957 450.073112
202.871487 -564.770476 1141.618862
150.669848 580.397685 1046.524082
392.433804 -453.796123 950.471676
-491.049819 345.193698 266.076946
-468.626589 374.422213 1258.702912
-6.046393 -600.135380 1392.242450
-594.476656 -78.217725 1576.855036
587.451854 -122.952562 1747.354676
512.692455 -312.431682 1465.164439
-471.647112 -371.032238 765.134432
559.035545 -217.632490 908.192763
-534.606606 272.556459 526.327579
-506.600965 321.401832 1338.056440
63.341085 -597.053674 1344.172282
-483.935586 354.399997 1634.006454
590.983268 -105.556919 659.082029
192.568626 -568.404371 232.508072
-81.882550 -594.485375 759.593997
499.042369 333.169218 1030.016536
-578.245536 -159.437042 698.701396
386.348838 459.365790 964.762194
599.815650 -15.067170 2048.087943
-84.198830 593.662035 1273.140160
551.269916 237.408321 116.913358
-439.136236 -408.964850 1526.100392
-596.240852 -62.106018 1910.246276
278.865775 -531.023552 411.397279
467.621720 376.480740 145.386151
243.992344 -548.368434 282.978808
16.912261 -599.808653 148.480812
-596.690053 62.125858 1957.729004
-596.564791 -61.981534 1995.824952
-399.270879 447.446742 420.897682
-380.825129 -463.054232 2127.868551
527.519129 285.559932 2007.165645
-600.268258 3.100875 944.876497
-101.406427 -591.405481 40.401518
-183.602304 -571.888371 811.670141
428.466084 420.138409 969.889494
529.981510 -281.839766 9.211731
397.787710 448.993878 371.565907
-261.307082 -540.413689 1746.945100
588.987655 114.613999 1926.650178
277.354979 -532.160732 721.288908
-451.521592 394.897774 622.342669
-238.851092 549.981020 1917.912202
-533.806264 272.803901 159.829697
-1.206480 -600.257213 82.879778
484.022377 354.347797 1244.801515
239.677370 550.197921 1447.567867
-259.545259 541.063102 1811.571323
-393.288331 453.264386 4.106029
7.716598 600.092730 17.886173
545.076957 -250.633345 577.748564
-41.144532 -598.968922 435.629451
281.870119 -529.890902 437.434473
316.416146 509.585843 1470.841560
-559.488972 -216.919657 1940.819690
-97.650476 591.655417 648.350715
110.493106 -590.370004 2014.432766
58.073304 -597.209096 1815.046655
32.237058 -598.933900 1491.709421
505.013259 -323.576183 821.602362
-325.224723 -503.683404 2084.581135
-457.413579 387.853489 1910.935222
-162.282183 -577.538447 895.330841
-221.105919 -557.916045 1982.805847
219.520308 -557.861873 1335.706716
-291.380686 524.311888 178.927520
292.420663 523.612774 900.306297
231.211400 553.898612 786.088545
-366.002082 475.373951 1608.378213
546.932867 247.246257 1201.358489
-594.199013 82.869633 563.854499
-423.134722 425.908742 529.674618
-480.738672 358.216862 1704.892983
-90.572017 592.557531 329.145897
-372.693778 469.981233 89.939810
498.156353 333.942184 867.502890
568.741925 191.287212 2083.509298
597.332936 -54.562250 735.350310
-491.000190 345.224899 580.154869
110.857546 590.068292 422.769960
-557.478911 -220.364212 85.406457
350.297199 -487.138611 427.715030
-595.633102 -71.531355 1562.439297
198.173309 565.943843 375.427100
465.873986 378.638301 620.514094
-231.321211 -553.715224 383.664574
-582.195759 144.289868 487.404067
-43.172869 598.081973 2063.846829
392.083691 -454.312001 1832.148918
238.906458 -550.570188 1359.052211
160.158245 -578.697709 1497.962660
413.642583 435.556565 445.206819
61.731841 596.924070 801.777354
401.783896 -445.640378 1838.102986
-567.422184 -194.570650 1971.363324
263.593851 539.011514 551.983514
464.114514 -379.923818 1828.857399
-277.372306 -531.849516 1829.890203
314.706079 -510.915848 989.884514
499.946212 -332.813266 327.786715
222.262694 -557.112658 1935.934288
-266.898937 537.334397 549.510085
568.227979 -192.272699 914.025575
-374.965495 -468.092065 808.150836
215.819869 -559.667922 1571.086323
-561.057464 -211.559968 1274.459289
-300.988672 519.501957 2187.998615
557.869606 -221.129637 836.556934
-2.949124 -599.939430 195.731141
22.225324 -599.718798 1045.947714
562.177657 209.417212 1007.527713
-533.143673 276.071408 838.876149
163.513292 -577.556186 1883.038158
361.861026 -478.226749 45.343470
593.493887 -87.811083 1421.099006
591.095436 -102.357269 841.022325
-587.288515 125.638722 1838.395511
-584.601709 -133.858912 1737.383853
564.930519 -202.052970 421.149251
163.296477 577.613555 2114.774651
76.276513 -595.277021 1080.134805
-570.349315 186.715809 210.218004
-327.969410 501.737957 1774.544181
-174.156861 -574.065090 1206.295622
-474.433263 -366.882262 1614.316070
177.750992 572.586591 725.326683
461.088568 383.513251 716.737096
257.115877 542.712115 1557.563055
-432.422142 415.882802 649.161028
-566.681978 -197.692164 564.880995
-599.673474 -23.715992 2192.799169
4.809038 600.431603 1278.407987
177.162255 573.036961 1873.307981
389.223735 -456.556327 323.222020
-562.831780 208.868444 1353.531396
-594.369087 78.883736 58.209162
-555.945295 224.917113 1346.752608
-195.635222 567.397569 690.035239
-467.225366 -376.328378 1750.184757
-580.275762 150.535971 946.898525
383.872619 -461.022245 1363.193568
-4.963098 -600.160305 31.613908
-563.437196 -206.552290 1455.801641
-556.143330 226.169251 212.529605
198.152844 566.148832 216.398442
309.359250 514.086246 1885.309859
-335.977939 497.444919 2097.300677
-591.267875 -101.157688 1892.165217
597.473650 -54.187733 2072.220943
563.791985 -204.902107 336.779374
-243.425958 548.348295 192.201517
556.083129 -224.831355 1813.328182
-17.023253 600.098859 937.091152
-239.044777 -550.341433 1085.141542
44.400893 598.466891 881.713305
-596.600464 -66.952841 887.429636
197.552789 565.729900 623.923208
333.026568 498.324598 139.959407
526.812123 -287.992791 1406.618893
-574.272013 173.523971 314.375639
599.273715 10.207635 1561.961970
-74.793217 -595.034362 325.178644
-562.796816 -207.929461 965.478492
-473.846529 368.566870 58.927746
-520.838516 -297.489425 2150.093268
416.754757 -432.201830 1815.274583
319.854827 508.114153 1520.505440
-496.738956 335.527885 1922.624488
-541.446575 258.087651 2115.384368
-485.078959 -352.524792 423.531279
-134.479499 -584.713600 1659.773537
492.344574 -342.537967 358.123735
-408.325065 439.003485 1627.038718
41.300517 598.751746 2140.759132
452.177529 393.947304 462.708948
137.508342 583.534579 273.752588
433.065402 415.680384 118.982408
356.034718 -483.243240 1145.153382
59.860486 -596.590819 774.702174
435.635524 -413.314690 1376.991246
-589.733046 -109.667277 1942.793383
406.956656 -441.062570 651.212720
538.222960 -265.026060 610.215266
-543.732124 -253.599823 147.445716
-437.159656 411.799026 1892.998623
-242.097259 549.374175 1250.279201
-572.944828 178.727875 452.260787
331.250713 -500.363239 62.795881
234.685554 552.372907 2153.341730
-238.263609 550.849425 579.784377
205.916450 -563.387736 1619.497731
230.352512 -554.020775 165.596748
-142.057439 583.181899 722.496181
-576.219278 167.836992 1951.289202
-597.946060 -53.406997 1128.952221
-468.282723 375.115951 1357.988794
570.400583 -185.034832 677.527721
592.453801 -96.133821 240.559028
-592.549650 -93.217134 365.350836
294.507334 -522.850731 703.973531
25.355807 -599.346620 1654.657844
-469.637449 373.723780 1833.769193
-594.839660 -79.913030 1906.289084
-582.420159 142.654828 956.408831
-355.779765 483.314797 1611.648656
415.107864 433.099198 677.830560
519.600844 -299.505965 936.852062
-235.425651 551.417519 2083.257902
-499.724501 331.459715 1947.106565
-249.889244 545.084784 2137.397916
538.616447 -263.897036 2148.528101
175.423540 573.656753 1689.470327
158.521087 -578.586548 60.601096
-582.346602 144.754167 1381.314759
572.889487 177.293529 1720.122481
-475.785370 -365.669349 650.736683
587.726465 -121.453883 476.881394
599.573912 24.630557 1199.285446
549.701632 239.757661 2094.055833
-161.548803 578.410922 1728.901119
510.132726 315.751696 1507.301704
521.292329 -296.878963 408.299523
-600.033681 -4.278961 2102.258142
-239.806177 549.631180 2006.375219
-308.682308 514.656458 197.357079
593.127190 -92.894179 1808.932326
278.337043 -531.383420 574.824105
304.610982 516.917748 1106.491961
-450.032950 -396.742973 322.254974
456.357397 389.392932 1663.071538
-586.065209 -130.385438 1662.708613
28.846899 599.729504 1352.062975
577.627761 -161.602025 265.491177
371.839022 470.997334 1009.082941
-562.714397 207.245233 1489.854859
251.032775 545.297217 1617.907157
236.754152 551.330425 1524.231529
-504.425885 325.730552 2181.657903
-482.987708 356.603458 767.242819
-552.678174 -233.447405 1983.192943
120.718236 -587.902718 145.684082
-508.331796 317.804730 83.932067
242.245625 548.736046 846.409381
-206.612505 -563.376937 1118.186064
-273.078866 -534.764442 1781.185243
-75.583634 595.177660 1685.601866
-537.504843 -265.300671 1154.999116
99.776627 591.102890 1603.573653
-511.648582 313.218251 2055.892547
587.970382 -122.054761 1655.937136
-346.801517 -490.408296 1327.980626
-220.639870 -558.188470 361.397122
560.647616 213.179920 546.618340
-570.900986 -183.992317 1597.783494
564.641099 -202.930516 806.256450
379.987466 464.529453 922.353682
-542.207499 257.258436 405.937754
33.796081 598.608110 8.079069
344.597765 491.209151 283.343769
596.194299 -70.806862 1568.719293
-450.319752 396.999221 728.359981
70.807835 595.489116 1141.461314
-492.139773 -343.856860 1532.899772
-428.421181 420.397523 1853.275011
-403.157467 444.721641 1470.211686
495.635641 338.551632 621.133630
-593.543911 -88.509869 1519.705887
-344.034060 -490.999081 911.297200
-566.568862 -196.612054 731.851480
231.364939 553.764500 676.440866
-107.679097 590.251914 127.609853
-467.978032 375.123166 1716.730322
300.498713 -519.083651 1882.656827
386.427101 459.046766 826.071565
-49.009611 598.255811 1879.415775
587.443805 123.824444 1161.636655
184.153619 -570.815049 212.913058
-269.003796 536.016671 1912.577837
-54.466252 597.372795 1778.831671
-244.534551 -547.661868 2178.149527
437.986707 409.748566 1238.247210
-600.261779 -2.849405 1618.258413
-331.224558 500.501505 1442.594562
570.603122 -183.550233 646.636357
455.365969 -390.898816 481.830569
493.630877 -340.615182 179.546218
142.227669 -582.684134 1676.570045
-95.354944 -592.076504 201.688276
-312.448840 -512.013182 873.720278
-275.297337 -533.501561 175.518731
469.406044 -374.254279 1548.951064
57.001118 597.006309 1950.665273
393.815158 452.738151 1850.375643
-385.348808 -460.126004 1167.557420
-6.826556 -599.754744 626.804595
-400.838379 -446.312143 9.752050
-496.118841 -338.233073 1604.667700
588.480607 115.976510 2083.698627
206.921709 563.533650 1557.516172
199.237443 -566.332040 1098.179813
-61.530809 -597.132094 306.802920
29.044372 -599.080783 623.021538
428.450326 -419.781663 449.321816
-230.334104 553.268821 1905.843791
-189.112393 -570.046358 725.398791
-236.942114 551.526067 1607.015439
-522.351994 294.613084 774.854729
548.702730 -242.190983 952.280577
-600.026813 -7.536025 1627.635315
-583.504747 -140.593845 191.863918
461.808541 382.997065 395.467784
-201.793963 -565.147057 1163.565413
542.981118 254.980452 1778.735344
-511.187826 -313.504787 1454.925841
-594.199632 -84.879213 1289.351474
407.474251 -439.904170 111.772892
-599.808940 -5.290381 1230.063175
542.602065 -256.264216 1354.573298
-517.014518 304.487429 1878.838555
-345.045646 -490.906787 990.855951
577.690820 162.553757 743.340061
-578.128835 -161.883317 554.949887
86.449655 -593.675807 2116.070724
180.283329 572.713056 1839.897162
-588.352605 117.357020 544.419946
-334.019765 498.630014 1316.137315
-103.644361 -591.058885 1436.265047
159.628239 578.415558 1360.135209
338.420844 495.841208 817.688449
-568.494593 -192.242348 1293.485305
599.399883 27.930679 437.266344
-3.338900 -600.089863 314.144451
-173.142835 573.907056 538.194242
-509.441882 -316.924021 2182.082170
582.139705 146.352269 264.355243
41.266874 598.178973 2103.735283
-33.089738 -598.896767 1454.132715
156.841790 -579.171212 1825.750291
587.263288 -122.335184 845.804730
-534.889506 271.041316 794.041664
183.685071 -570.839730 1995.011012
559.611849 216.613947 1210.928959
-285.238138 -528.013524 1934.466656
-493.910322 -341.587779 1576.838489
422.381349 -426.309055 743.665870
-596.813267 -62.248258 1073.571588
365.874272 475.568603 1963.256237
22.053129 599.050150 129.432346
596.774385 61.970867 1424.133238
6.417169 600.020623 2104.342698
-134.872900 -584.827010 71.898454
-491.812068 -343.867155 740.367420
-272.736857 534.400401 900.144209
-405.284630 -442.571498 1559.455365
144.753489 582.010214 1500.368344
-464.784134 -379.359451 2000.468256
92.326803 592.995277 1968.916471
302.415028 517.881115 1259.148924
-264.033197 -538.324223 511.167680
557.745366 222.125462 156.637596
581.111499 149.061729 1586.556242
-123.641600 587.006533 603.575186
-599.489234 28.221988 1216.146111
-452.007631 394.209609 1408.959679
-522.013478 -295.895112 1547.268544
33.147228 -599.030910 474.176633
-249.304513 -545.625585 1080.638926
-557.194686 -221.940434 1230.421149
48.944322 -598.108443 181.129538
113.891232 -589.090229 1963.137257
-502.784943 327.366762 973.252049
-103.470599 590.967929 1451.521527
-35.526066 599.138484 51.163416
-274.256836 533.334738 2143.442456
-412.785899 435.312509 60.820954
-598.786734 -45.392453 192.967016
-599.563233 -32.851559 816.853167
-187.724902 -570.019170 1052.363191
-3.304761 -600.475378 2182.623939
-593.517301 -86.884117 803.150263
-499.062305 332.671045 1329.068405
213.901765 560.814029 1940.783400
-355.635002 483.318033 1311.673276
387.864671 457.670260 1734.956489
-256.310511 541.806208 712.977307
47.723574 -598.024011 1788.488803
-583.920684 -137.550571 1705.517644
-590.318794 106.598571 2134.582205
-148.659115 -581.581104 1121.367054
-575.485274 167.784489 37.630463
244.118479 548.632224 804.230216
-481.998438 -356.757132 612.135214
381.019662 463.506377 513.759969
-522.235826 295.296895 1380.008814
479.569195 361.283913 590.273539
-427.715773 420.883246 365.677085
425.692780 -422.173601 2072.815464
-531.746630 -277.324362 1786.370559
353.097768 485.082034 413.158729
599.495718 -20.682774 2080.904086
7.452610 600.174137 1408.823837
-555.469188 -224.784737 343.906782
111.616561 -588.968394 1410.425656
-438.381538 409.503587 950.030760
507.442427 320.372137 277.461395
-575.509857 170.096197 842.789914
-567.864162 193.988730 1502.331688
-259.021954 541.494244 2036.552819
-109.553773 589.858888 527.562463
-169.348807 575.241926 2029.962447
-63.358588 596.590420 1959.965387
280.379163 530.418373 2006.600316
-359.192382 -480.251388 1064.547317
-598.783998 -37.593814 1638.881863
-418.403698 -429.423531 1601.097227
599.468954 24.812337 1110.775434
-217.588586 558.876732 1673.352193
121.868773 -586.993117 268.817605
455.948018 -390.341877 93.474018
-290.726039 -524.854986 1905.080477
182.091543 -572.048491 1721.677159
484.561383 -354.470841 794.726643
279.980740 -530.508804 1632.073386
78.530063 594.469165 1419.920247
-599.935678 10.069247 1455.910818
415.821158 -432.062790 238.411917
-596.510265 65.081002 1629.342435
-290.236568 -524.731629 1295.683479
-491.153163 344.589159 1281.456310
542.903804 255.552378 1889.141896
72.783628 595.443611 472.837596
-515.005499 -308.268568 1150.973425
-536.394566 268.566867 1487.227471
174.138076 574.318327 620.504233
-454.660027 -391.636309 140.006661
-559.176612 217.807184 180.129093
232.151099 553.474416 1535.586259
38.300481 598.895148 1754.066394
565.532272 199.674581 2148.177152
578.067092 159.058900 756.460736
-564.872156 202.067432 1997.554466
-339.393012 494.904457 2089.292017
595.676479 68.470919 116.154219
-250.195873 545.388706 383.660603
571.201370 -184.407325 263.843426
104.177316 -590.781830 1555.802227
-148.011281 581.417371 1901.834041
-104.901666 590.512951 511.835809
-53.429989 597.122748 1012.534959
423.323322 425.287762 370.805477
-597.913222 48.852790 1736.143391
374.916935 468.152237 1203.854575
-200.145529 -565.749176 702.334293
313.265209 -511.905147 564.614627
265.338193 538.277982 1620.337614
457.959746 386.726143 443.537355
-478.736128 -360.904720 21.398595
-230.061130 -554.479734 1740.621647
-6.118688 600.068986 748.025640
41.248954 -598.484278 1070.692270
-595.922316 -72.197902 1673.309769
206.680483 -563.630201 1569.367751
-103.624692 -591.007105 438.376507
-221.652763 557.801442 1595.818601
510.449080 -315.967308 875.513263
-186.182704 570.761697 886.971892
-541.438025 258.321735 278.865572
594.083805 -87.721141 1640.385180
-574.160534 -174.906870 206.673709
497.392428 336.260123 28.696039
578.699459 158.032752 764.631413
556.490069 -223.111101 1796.804818
-423.225339 424.675537 1985.447988
343.839065 -491.586931 1597.297688
135.973582 -584.238737 2187.768830
-442.359569 405.219975 1745.498689
-115.942035 588.974043 150.762119
302.699100 518.018186 828.756204
589.577076 -108.764096 1845.198715
-159.999634 578.290229 1307.244958
177.550426 -572.730316 8.664095
476.542483 -365.027253 217.685294
598.660243 43.510442 1136.291238
-129.839382 586.269599 2130.297458
542.637656 -256.413913 1485.980953
588.068455 -118.817994 1220.436149
-119.215845 -587.776088 1388.084245
-384.486001 -460.367499 1957.378111
-597.065665 -58.058300 1131.796424
-78.256954 595.470065 354.850304
-596.851736 -61.484691 1877.391763
402.025115 446.007595 1298.483743
-82.452610 -593.999027 1413.131168
-583.761408 -139.524870 143.354723
-599.761193 -2.442096 1792.720585
588.930558 -113.470753 2053.749126
51.615048 -597.281549 869.156476
-599.212089 -36.811731 940.279077
-302.752079 -517.580050 1647.138274
-598.071791 42.100018 154.042347
-596.680008 64.979175 845.267375
380.982364 -463.019617 1916.443824
-61.521655 596.273605 788.718469
49.789104 -598.134317 1258.506383
-165.873370 576.376517 706.603503
598.607344 -38.637273 2082.502762
314.080402 511.312142 323.720309
-565.154654 201.643175 2175.775980
512.465966 -312.092700 2150.921814
-81.085250 -594.402379 1843.508423
-510.047294 -316.955170 1857.219867
-215.270594 559.612629 1479.164565
573.639599 -175.401629 1021.961447
589.768847 -109.792356 1842.436457
431.224990 -417.290065 788.990279
594.616050 -81.356609 1271.416144
-170.883262 -575.274351 1118.603518
-356.675498 -482.300519 263.721597
261.175515 -540.336948 1702.711773
-17.290490 -599.448826 1249.546348
535.371963 270.568229 1110.892033
504.548276 -325.140534 1316.735654
-358.975572 480.777368 1904.730431
458.528340 -386.682390 1896.333200
251.904993 -543.896493 1092.734239
153.392281 -579.965681 84.445702
479.476400 360.275789 146.744879
51.370177 -597.481416 1321.611357
111.761771 588.783119 600.735500
190.484701 -569.078878 682.604727
282.251808 529.525889 242.883526
597.966286 54.663402 650.730625
209.906994 562.153780 1660.417661
-437.087480 -410.859690 96.579130
-533.668470 -273.983990 1842.594565
-306.463995 -515.765377 1777.223884
430.869025 -416.506328 231.606241
598.048432 -44.618409 196.124498
506.721635 -321.710164 2037.356299
375.635596 -468.170038 524.149189
-232.206226 553.427386 1712.274656
-418.247372 -430.201543 447.315526
19.756600 599.618554 742.622243
597.560400 52.396431 1789.525872
-470.650841 -372.119757 1207.764964
506.486065 321.261640 246.947339
-599.407746 27.750312 115.892830
-401.395932 445.784121 1669.957591
454.096834 392.068087 309.728474
429.271190 419.015638 1015.135051
-479.558712 -360.537817 1205.750077
547.601880 -246.213369 1312.169091
96.664280 -592.025670 1118.243559
600.198358 4.697303 656.659992
-575.250668 -170.531641 153.637323
567.981962 -193.008503 152.555902
105.349139 -589.980964 496.571749
-525.518674 288.584475 85.069776
-382.446324 462.427556 2134.775181
40.733006 -598.227434 31.005771
183.222154 -571.557428 1185.455194
234.970789 552.368320 314.124449
136.311489 584.275380 2072.986039
-573.418833 177.823775 1059.303756
-169.581251 575.468024 143.733626
421.542373 -426.956997 331.960536
-89.621984 593.148716 50.741909
302.647895 -517.731130 523.693267
315.783222 510.269794 880.534479
-28.652093 599.475309 1251.194706
-276.312933 -532.750115 1078.255567
185.655279 -570.928410 1396.937196
288.849105 -526.010769 1754.107647
184.689372 -570.456728 2098.914508
-63.153336 596.634676 93.368156
599.253126 35.355523 1864.581148
-590.245233 -109.841999 1232.103421
-397.879604 449.200881 1929.304522
147.099733 581.431844 1605.501686
-354.905728 -484.352544 2142.333215
-599.857808 10.566230 2034.513786
-223.199035 -556.841821 1799.313789
226.452366 555.533483 1175.560260
-340.902121 494.419359 914.081096
-293.616009 523.129717 1480.483817
-503.184071 -326.731198 1074.616021
61.456285 -597.031636 824.246999
526.215539 287.948726 1458.733598
585.185944 -133.098447 1838.569022
-599.672638 -19.909821 313.737895
-136.359855 -583.951031 1581.524888
599.576854 -25.770357 1938.711903
236.837112 -551.256035 1004.147178
142.002244 582.748937 54.869432
357.477639 481.887602 475.127331
483.940024 354.345351 1319.006595
568.036054 -194.234611 1676.524505
-346.158351 -490.127572 1460.298644
557.566629 -220.748756 1818.047022
200.190943 -566.017924 1370.900561
-583.009111 142.362520 1439.397741
421.608980 -427.406303 1851.056724
101.442663 -591.314237 1696.335573
-353.655250 484.021470 781.504562
-593.061321 91.739252 2084.399293
-457.859767 -387.825159 1175.701137
509.775344 -316.240098 962.420691
435.351410 412.988602 1876.368140
-336.824662 -496.466257 147.908716
-598.283505 44.879373 653.735966
571.424234 183.270092 1359.946864
-298.500755 -520.327236 2046.765280
569.256836 -188.982175 96.885398
-67.277101 -595.997723 797.770454
-59.467976 597.064755 1700.207275
599.635247 11.823085 2155.737423
-474.388246 -367.074739 1327.313393
-527.473283 -286.891630 1674.248398
370.133573 472.048912 1146.379574
-583.556881 139.521868 40.491268
442.753346 -404.780896 737.304100
458.938576 386.554436 1219.402159
-576.396638 165.573255 200.499392
513.105485 -310.146082 472.673519
430.918077 -417.297508 1950.309144
-12.031542 599.850233 1007.362131
136.696197 584.431026 1228.998347
-431.183776 418.056826 891.523960
437.938211 410.176755 2149.021231
599.830256 -13.348274 134.558285
-347.942366 489.098603 154.933639
53.894241 -597.889190 549.780513
-121.973959 -587.771613 820.390929
17.470933 600.042592 1975.368620
166.330512 -576.803168 249.156376
547.402434 -244.944737 716.240374
351.455666 486.006961 731.697486
193.445265 567.853767 961.368483
503.199524 -326.503039 1761.989941
-77.016057 -595.179260 97.315106
-43.060441 598.301622 235.146618
-578.625256 157.745369 1459.329823
599.367417 16.978069 763.082573
231.415786 553.548257 484.245284
-48.329474 -598.463640 1500.059855
597.753653 53.184113 2176.203884
355.179720 483.527396 625.288612
147.481466 581.543893 503.511171
-561.820969 211.165083 1669.965665
-565.821951 -199.579791 987.024014
587.632458 121.064046 1530.916325
441.156918 406.832763 1010.283680
425.458377 423.209561 1231.400906
152.827436 580.784678 1249.010371
-243.577783 -548.109321 222.268516
593.634751 -88.245569 668.699583
400.553099 446.003748 2146.401536
-543.272743 -253.776647 78.613405
-593.432975 -86.928629 281.301258
-510.130123 -315.659330 454.008340
255.268907 543.514244 747.925989
63.676514 -596.075976 1476.721816
-569.384267 -188.966932 999.103989
-371.326832 471.576330 2163.839205
578.724389 -156.004514 438.794717
-29.805439 -598.981806 1667.839779
112.484266 589.236583 1183.249296
-535.081467 271.085710 2126.663732
-333.199962 498.979489 2074.210733
-294.199696 522.943246 466.824827
-89.309762 593.478435 751.053931
-177.152583 -573.290737 569.934602
75.853153 -595.716018 600.191803
77.033752 595.276134 759.929548
-585.039867 -131.259589 468.959027
545.214466 250.989195 562.715339
-184.491929 570.895478 17.528201
-475.623841 366.671593 363.420912
-115.025255 -589.272899 511.696233
-224.984734 -555.856082 747.116461
-570.155335 188.206157 906.570684
-160.022572 -578.448833 1575.607462
-113.623649 589.169859 715.327404
600.197085 4.486988 1583.918205
-220.553696 558.003380 655.194969
-467.253245 -376.730507 1788.142802
124.698996 586.966629 1205.078059
597.577418 -59.931571 1764.278398
-464.366517 -379.375824 715.644022
52.489487 -597.570170 1455.091000
518.390668 301.531784 471.344647
590.584111 106.755066 1115.958459
-416.417742 432.083776 268.100014
-354.308496 483.944836 247.544368
580.552242 -152.710261 1728.323521
-75.701233 595.405064 842.941984
64.891849 596.632796 1272.002488
-535.044926 271.378331 1721.959343
-511.592001 -314.182485 1844.138514
581.419136 -146.541862 981.586986
436.795046 410.889322 1829.916922
-291.391192 -523.969530 1657.597458
-556.636272 -223.697073 751.724884
277.650228 -531.687272 2194.503895
-45.239275 -598.157675 698.775000
-599.793802 -24.350275 867.713213
484.761032 354.266537 1622.997720
-389.234909 456.679765 132.683003
595.969250 -67.550595 1359.473064
494.283997 340.404541 397.258744
-543.851080 253.393679 2072.228975
-411.391200 -435.931386 766.463049
578.846543 -159.385644 1908.507266
-386.568681 -459.146457 80.033094
597.556722 -55.282354 498.049951
-453.742871 392.429082 1466.957806
-323.382295 -505.093804 1887.752370
-430.391094 417.969322 1392.414957
570.192202 186.153394 1929.229289
-425.839550 -422.660788 44.743813
464.086440 380.088416 870.488397
543.594786 254.564697 562.151637
-573.074068 176.531664 1981.082243
573.122108 177.145931 826.916507
-3.685330 -599.690976 48.408152
-591.363689 102.927780 2060.728394
-546.355727 248.582179 2036.764129
203.724654 564.468120 1182.733812
239.826517 -549.991004 789.145213
-49.493923 597.949848 314.206603
132.738869 -585.304681 699.302792
-403.664168 -443.623919 360.080304
-599.753018 -10.801553 1429.093802
253.668172 543.473262 153.331312
-224.227877 556.862953 617.652438
-417.114550 431.621746 749.732933
193.397504 568.409361 859.753165
322.581689 506.280577 398.881232
233.680171 552.739610 1468.809534
-281.500097 530.194315 328.186409
532.674589 275.425757 1443.314450
507.313488 320.456922 1957.338976
355.678366 -483.086629 1201.560232
-467.408652 375.968538 1838.105835
-133.051185 -585.279040 1162.469895
542.105895 -257.295899 1276.364799
409.909566 -437.458124 2124.250603
597.662251 -52.384500 1007.404972
1.800343 -600.365569 2132.880756
590.510814 -104.068002 1894.114156
587.059471 123.185235 916.839968
437.015577 411.634960 182.729277
-180.751835 -571.258898 2158.628315
-571.530117 182.268190 578.223771
598.834464 -35.540024 1322.133772
108.159046 -590.120519 113.501571
-597.544790 -49.640612 39.337905
-511.866884 -313.951844 1791.468421
315.994895 -509.695874 1525.939122
-237.095948 -551.711032 1472.191955
-119.313469 587.696003 27.953921
543.470033 254.423392 2037.503257
566.826530 -196.297531 493.468183
319.240641 508.167357 976.881825
-548.392450 243.211248 1335.365693
588.459436 -117.248377 1753.768841
-523.356182 -294.037926 1190.275581
-572.599880 179.116926 1282.228583
277.290041 -532.054229 517.343351
-485.994506 352.168206 222.544173
80.033226 -594.909694 1884.932942
269.051258 -535.834253 1232.528004
279.874457 531.170549 265.450560
460.332845 384.959884 1834.655075
39.567175 -599.145190 1418.457296
-576.919455 164.001803 748.527795
-15.717424 599.512616 1118.977137
-25.444950 599.635726 1520.799049
404.947346 -442.080258 792.252295
-59.100775 -597.094146 501.924484
-320.854507 506.882711 181.938847
516.691326 -305.687789 974.653534
-513.013249 -310.712334 124.218180
-524.893708 289.827419 2093.525779
-191.158631 -568.277543 92.136835
90.138709 -593.179473 829.341945
48.941363 -597.788737 1843.879697
-322.421693 506.289611 978.604683
-364.461998 -476.748833 1887.460067
570.844858 -184.262552 59.072529
-524.797030 -291.236933 882.482866
159.038215 -578.052693 951.236646
-150.872185 580.624598 618.537105
-475.019708 -366.345364 2141.215462
596.484997 -64.719376 1701.208390
154.798253 579.835876 1733.988569
-86.092399 -593.869474 1494.228297
518.869166 301.555049 1175.375677
-527.311632 285.864618 459.863636
178.161248 573.184384 254.401692
-579.257806 -155.319147 1824.856290
252.021089 544.503250 2110.658713
-590.077862 -109.368580 1070.515198
-347.469830 -488.301684 1437.870614
-327.142793 -503.411139 1226.879399
208.282808 -562.557390 2080.401009
293.027117 -523.697278 856.323907
431.989599 -416.517253 102.418213
-288.528953 -526.045736 339.729524
-381.484995 463.450734 437.267754
-391.865249 -454.776880 1718.948607
440.793975 -407.810348 2057.081301
288.767757 525.641226 463.408110
397.289948 -449.728879 752.955738
-497.834017 334.876063 164.754678
598.939764 31.500875 691.417660
432.072742 416.200797 1962.684939
-259.950456 541.105890 524.853595
500.164281 331.406273 868.387699
-363.042612 -477.340679 1702.380408
-173.697273 -573.802969 1881.131211
574.386085 -173.907601 1659.323858
-90.873289 592.756641 1185.141501
305.742836 -516.322795 484.773828
-542.725567 -255.203401 372.205448
11.701751 599.796834 1825.076358
-521.727228 -295.968501 371.002654
414.566829 433.477402 1500.853684
-591.897613 97.571102 1143.851472
-91.696224 -593.067369 2050.381876
-390.211327 -456.015005 166.536865
-29.464169 -599.052453 1087.775718
145.128272 582.210876 191.988335
-589.563594 111.824861 948.461994
215.752322 559.727273 671.718704
597.086379 63.476512 2157.556142
597.317701 -55.095205 1578.252371
52.625483 -597.681296 1137.540585
-595.183512 76.950120 2187.097120
-76.793204 -595.131512 1837.945393
545.299297 250.001165 1895.672818
596.521981 66.050105 1992.278396
-469.654489 -372.595481 1216.151705
-526.420998 -287.418626 1244.732007
599.540079 -19.393607 1798.913736
151.732333 580.593948 907.473138
-505.308265 -324.032217 153.746825
581.917776 -146.534075 1603.359595
-430.975409 -417.626030 35.174074
293.480119 -523.822158 2138.055377
-489.304192 346.919236 1423.923518
571.878050 -182.518826 1526.624726
-579.652720 155.385891 97.302608
598.981633 37.270863 8.194107
365.389925 -476.214500 1382.637029
568.118139 191.838767 1761.787405
-585.914628 129.514182 1856.465637
-388.679957 457.364925 2080.505551
-489.712912 -347.129959 384.950781
493.883158 -341.372321 1300.949764
-131.473672 -585.307969 1802.572491
-552.403714 233.785266 1126.504111
351.787924 -485.476423 723.341812
445.185705 402.409646 1576.000211
-535.153509 272.392091 718.202803
-358.977636 -480.417047 1537.766836
63.992968 -596.558051 1759.163005
-31.027952 599.081354 1469.134847
549.171975 241.213648 1651.542367
-592.352747 -95.036036 33.512383
563.319182 -206.579084 1630.059056
489.525406 -345.994663 208.172884
269.258448 536.320484 160.881917
425.689322 -422.204311 1501.810354
597.989690 -44.213464 967.265001
-245.718745 -547.357118 1793.982710
-501.179218 329.540515 879.164454
288.503585 -525.890137 1301.401969
531.356769 278.945795 1566.611866
-331.878797 -499.727816 2171.289070
-594.516688 79.205352 989.845522
-177.867425 572.775238 1876.394718
-420.990086 -428.089080 1723.752192
-597.351690 56.631870 1500.279683
-518.465571 -302.080656 564.892111
-554.591751 -228.846052 1541.865430
-434.651257 414.374786 345.078915
221.898632 -557.400901 1677.895694
-144.779435 582.457472 1108.514129
-265.386869 538.125154 1806.886544
72.915399 596.163465 2131.712292
1.623100 599.963699 1824.620033
370.066520 471.670775 1680.803162
176.373388 -573.564929 2046.941728
599.650006 27.906235 377.853725
-519.874740 -301.080207 859.199585
175.868961 -573.231463 2035.717015
320.832103 507.327800 144.746150
132.873691 -584.894564 1472.451036
-511.170237 315.223846 1439.868590
442.955096 404.790747 438.283633
-148.058021 -581.602998 1485.652662
529.577085 281.490597 853.376359
-72.585002 -596.120738 1514.938982
-597.308786 58.566500 816.548922
-42.800551 -598.463951 766.992291
-550.212128 -238.960228 1285.311118
82.439482 594.422209 18.694531
-559.211497 -217.868098 291.404988
572.335998 182.465054 2193.456120
55.022583 -597.569111 771.039417
245.109473 -548.059735 374.129140
396.679967 -449.652686 248.273862
-163.712269 576.925096 261.780508
222.662410 556.785520 945.205466
599.172420 -21.601858 738.877619
115.391116 589.266391 1013.576800
-118.254839 -587.864018 673.926520
-449.218541 -397.684484 788.880588
335.693065 -497.350395 1675.375717
-479.686784 -360.600813 281.926240
-192.761942 568.384391 1331.836824
-578.096114 -160.857036 1998.101396
544.047929 -253.930201 276.478371
253.805372 543.682244 1699.438308
-68.208818 596.224749 1102.355876
-439.182465 -407.549776 5.534289
-402.278521 445.107708 1766.504376
-97.318233 591.693701 958.727804
590.298015 -111.155595 825.449485
170.545061 -575.172965 87.794442
468.151534 -375.322339 334.454030
-300.133172 -519.722667 1158.489051
560.347918 -214.698031 326.313830
-599.862176 4.425120 983.882920
-395.633871 450.779075 1305.849731
462.045977 -383.017969 718.100193
189.450034 569.342829 114.817133
599.961712 18.981131 731.966323
414.347330 -434.304030 1427.748858
149.680995 -581.427391 1890.174488
-247.305115 -546.759648 1827.037587
-50.899781 -597.357638 822.406325
429.978735 418.877285 751.705303
47.847024 598.350058 1080.072755
-267.741808 537.474414 1053.214987
-500.226509 331.310973 911.916592
576.874056 -166.625099 1715.275089
-160.906890 577.625941 394.758384
311.303490 512.852482 1777.312140
-231.012586 -553.737025 376.851490
375.224653 -468.127992 1343.899863
497.187102 -334.797172 742.167905
-38.029429 599.332195 588.314913
569.205667 -190.483137 1373.202276
-113.119345 589.196972 1491.923866
105.224071 590.831937 49.508924
139.639172 -583.369521 568.403032
-405.327922 -442.103850 1759.136219
-436.882765 -411.348948 629.458075
312.778883 512.315739 1673.511308
-595.119956 -73.275350 2192.765007
-310.260509 513.900064 327.368184
174.633304 573.890292 1396.193847
302.793726 -517.816455 2132.549586
203.744122 -564.552310 1096.152084
-558.200279 218.465196 283.031748
570.496664 -187.160157 1775.805124
-594.754648 76.816991 38.506144
-597.025470 59.967445 585.663322
-592.575115 89.700575 1606.671134
-329.135041 501.723482 1723.646604
-518.087103 302.746794 4.450348
-595.197728 -74.012036 91.222470
266.381584 -538.468829 120.349160
465.041176 379.583277 371.554631
222.211454 -557.277503 996.862348
-172.476385 -574.819434 1854.052461
-464.552388 -379.787420 711.326853
600.134233 1.565524 1297.793963
383.811649 461.463632 977.288553
-542.271067 -257.283053 51.895008
-597.074868 54.455312 1438.453647
-22.010563 -599.792981 236.894353
299.433446 -520.326629 380.356538
341.109063 -493.660338 2071.908281
597.632256 48.867423 582.146833
570.851126 -184.214024 1234.068237
527.067871 -287.931761 134.501525
-482.809244 -356.480413 666.289750
72.776384 595.865351 1589.364723
-574.211458 173.484646 1161.457933
47.403934 598.162236 1794.665549
-410.369506 -437.281130 229.869753
510.364582 315.375155 142.144453
449.251267 397.431336 546.056128
-396.482295 449.611103 380.386758
447.327343 -400.561199 1666.312326
-347.208041 -489.572523 6.668325
-76.570162 -594.929028 1630.945037
585.221585 132.765899 1576.531062
596.623103 -61.037882 183.590741
-439.394398 -409.371264 574.911240
302.980633 -517.835615 180.411848
372.732526 -470.564374 1634.222517
586.563794 -129.336346 2168.333105
283.940232 -528.573237 1526.790369
-480.869413 -358.768690 1979.994853
-354.982725 483.444817 292.779907
401.881114 -445.279368 2041.852358
522.590125 294.153333 1980.849657
392.949469 -453.668322 1807.232981
-354.462689 483.879313 1617.264939
428.617448 420.541184 1914.422392
596.995951 59.417070 823.426177
-170.510905 -575.040757 112.618359
581.362639 147.922250 620.232131
493.989213 340.278736 65.606378
-89.299095 592.977193 414.171714
44.131285 -598.337474 456.153318
-43.333312 -598.597426 1535.994319
-78.370382 595.004707 2154.039735
-349.042653 488.645032 245.881786
576.838745 165.004028 2194.301247
592.676938 -94.136749 1397.629049
347.544885 -489.077819 1880.419409
-388.817082 -457.948698 1906.406379
-271.704528 -534.897138 906.641457
-445.558937 -401.239741 1741.802111
56.932949 597.844854 2055.366401
161.539853 578.019440 207.710687
-299.138029 -519.832484 266.255643
446.192403 -401.740325 1790.071737
-600.174010 -22.563800 1370.804691
252.378606 543.466862 1563.038408
476.124322 -365.544937 1913.601270
597.971406 -45.184548 888.818023
-91.012288 592.476635 478.425079
-515.835297 306.219077 2080.567088
-586.108452 -128.480959 1432.746811
-233.479754 552.624971 1209.331064
160.069453 -578.837448 608.679888
-40.949261 -598.800141 1159.651504
-598.072811 -46.136929 359.929164
-432.697746 -415.846771 599.294234
371.496327 471.642034 1863.578759
3.987262 -599.780460 2092.449174
-594.696672 75.806613 2027.818036
486.399610 351.807828 954.710962
158.767568 578.259779 519.146308
190.756336 568.294896 1764.798496
242.017301 -548.911168 1561.142311
-144.624511 -582.157393 7.399289
-375.220561 468.725863 1718.690642
-24.359895 599.357416 721.969588
-357.507918 482.649966 1794.430502
-374.257961 469.386211 1094.416162
456.659916 -389.267347 1121.766522
-478.206955 361.974766 620.502655
226.291865 -556.196521 1491.019658
574.232424 -174.097868 1689.669158
597.355518 57.427946 723.020120
33.585539 599.001043 2040.988176
-545.976694 249.829719 99.567401
-296.330149 522.133226 205.627807
-198.888659 566.194189 675.389333
123.458255 -586.620206 1995.192774
-598.043072 -50.181281 1907.245167
-319.436763 508.134205 907.982269
-599.531938 16.824565 1481.521445
-496.209459 337.113414 1536.716258
57.798924 -597.095724 1762.461671
-121.507785 587.665059 1104.926681
587.024664 123.391615 1829.175556
450.918002 396.383101 306.246461
-123.532702 -586.920063 1526.577328
418.149699 -430.378568 1630.994437
263.720125 -538.776207 1155.762990
383.106840 -461.934841 1328.442630
543.608736 253.705521 1918.361841
-524.746157 291.148142 1159.038748
-397.962917 -449.144158 2190.766245
-273.827861 -533.627682 125.752332
599.174034 -37.313178 838.422560
563.154481 -205.882878 1133.814042
454.213265 -391.964554 56.427922
-261.839508 539.406956 1891.320661
458.971809 -386.525349 1099.740007
365.917709 475.328989 41.711782
543.450919 -254.073724 1078.723489
-576.871804 164.874783 1219.043697
599.236204 -32.201151 1657.644649
599.393868 24.152634 353.979274
134.304549 -584.956172 1813.698182
598.365962 -37.991981 432.459015
532.524813 275.655171 2087.503128
2.036692 599.974391 916.683499
-594.882774 80.889072 427.120030
-8.915069 -600.087178 775.126549
10.073548 -599.652585 1809.448332
-590.770323 -107.557893 1468.564110
-171.509425 575.692200 279.237420
374.783872 -468.472237 1361.904647
-112.546444 589.297702 1253.607308
587.649800 -119.717335 703.385986
-540.784836 259.370051 815.852924
12.783643 599.610180 539.679893
-176.039501 -573.234754 1597.569713
537.810870 -266.254175 82.859289
-209.561113 562.017627 1842.115264
453.050084 -393.349909 471.422093
-377.485427 -466.308392 1127.102320
155.904617 579.637550 290.620869
-587.477472 122.829485 1138.785865
-592.399994 93.473868 2164.546690
174.045193 -573.574759 539.543699
21.015420 -599.848112 1780.557128
-95.023721 592.180304 1968.893582
305.410205 -516.306746 1559.306857
-372.727344 470.472637 1307.526761
-32.757286 599.440885 538.854239
-422.853238 425.413149 665.665923
-598.646057 -35.190684 1576.383357
-371.696442 -470.725242 651.220834
-119.725299 588.262789 1009.848730
309.663158 -513.995464 1967.201037
-561.029181 -213.574661 740.157062
399.173347 -448.354423 173.580600
417.295875 -430.493528 922.207694
589.997154 -107.639029 1959.116200
2.308464 600.280300 672.965397
-189.324594 -569.149320 1439.175341
574.368893 172.378786 526.188101
-595.500141 -77.458464 637.306212
565.819205 199.199983 1566.022629
-287.150511 527.289752 985.373526
490.235338 345.676906 1912.791583
-362.614262 -478.042495 1643.553201
280.333405 530.807290 1583.820283
-548.145625 243.782594 1675.024866
206.062911 -563.457752 1840.667622
517.378550 -303.716977 596.007506
181.137425 -572.093289 1815.776529
-523.232332 293.951610 1508.591484
-52.186002 -597.554465 1301.972528
386.857232 -458.450192 1070.952065
594.036581 -84.059716 833.710958
489.693884 -346.509393 2037.999812
-594.035911 83.596829 2146.041656
-140.415358 583.161330 250.084901
515.087547 -308.263762 81.143750
-220.716189 558.021274 462.404066
-481.341931 -357.835134 1792.545002
587.110500 -121.310282 1109.016907
404.842015 443.271851 1883.471452
594.104256 -87.828174 1620.958101
283.358052 529.315293 1790.763282
146.314957 -582.226888 1192.762204
433.446177 415.215886 2184.065663
-536.720804 268.954627 1506.238114
23.602399 598.996713 310.873543
599.786348 23.026453 973.643541
577.975150 160.760232 1930.956390
-356.078304 -483.128982 1562.919737
185.065343 -571.154042 436.039897
-99.201032 591.861545 2127.213990
55.501685 -597.927384 1743.763290
-578.492714 159.557024 535.314055
600.309251 -6.324040 1635.714462
215.315457 560.369708 689.175068
-582.101981 -145.235108 1629.166154
481.568082 -357.619674 904.996603
-348.083432 -489.311240 857.293283
149.501076 -580.895982 2104.943077
127.857402 586.115857 1320.234966
-422.478031 -426.104913 1743.241065
-582.872390 143.936361 1533.768808
160.645343 -578.328925 2161.331751
584.878187 134.333499 151.496824
-574.348888 -172.309215 492.783087
516.618791 305.684569 2020.391575
495.117529 -337.908578 549.766700
-497.497355 -335.689854 1085.117753
-26.610287 599.385661 517.606460
254.647753 -543.238213 845.315166
-597.959059 -53.210468 2149.309001
576.831736 164.433280 866.307255
505.252655 322.651467 1472.894151
511.114465 -314.320504 1147.823455
-592.186710 -94.551599 1243.703774
423.244366 425.559708 576.827908
-274.594040 534.011202 1143.351237
-271.618553 -534.737780 952.832931
107.904658 590.350291 1413.519519
124.824662 586.818695 1357.971491
-584.627475 134.872117 717.518016
-170.889711 -575.026591 119.011855
-589.355901 -113.035121 1820.001633
583.096740 143.187734 934.117812
93.029096 592.928336 1103.504429
575.916486 168.437936 231.268987
-293.922117 -522.828391 171.501358
-581.230579 -148.018122 1330.710105
145.373159 -582.494030 1685.524738
553.063689 232.011743 294.274927
-599.265502 -22.720391 1385.210806
26.650084 -599.320020 1319.964030
405.401160 -441.966974 1773.322053
-36.329420 599.004921 1133.797147
576.727810 165.895701 1077.889710
581.446654 -146.234056 702.816775
328.617907 -502.281044 1848.175124
549.977983 239.395327 2116.649786
-586.890538 123.423941 2041.206555
586.660457 -123.893680 813.528372
554.081076 -229.581547 192.799760
-176.649409 573.199817 1179.759649
-583.767171 138.887115 1969.710044
-453.379738 -393.171420 1848.190671
-422.786323 426.250428 2002.341398
-579.083087 -158.051221 1848.021370
587.027439 -126.449730 853.055042
175.679631 -573.885351 1824.872533
-564.512603 -205.740532 292.934851
-491.041808 -344.156362 175.767376
-595.974679 68.997040 2027.764229
423.706763 424.936794 1168.821127
-232.760031 -553.360038 1683.411340
-187.700590 -569.939046 278.636309
26.576973 -599.179640 1824.609378
594.126004 82.357133 1937.642006
542.587976 -256.123697 1848.860443
166.684335 576.338052 1116.431157
47.079000 598.254846 1352.151520
128.622065 -586.051371 1125.407821
427.480737 -420.609996 1095.386159
-230.650337 554.214709 1890.975314
-562.782589 -207.330612 773.207434
600.016702 -2.211965 1692.551488
165.229835 576.686655 104.912811
-244.320641 -547.608712 803.248829
173.367496 -573.793513 718.799225
597.362352 -53.375667 1562.341666
75.697790 -595.553018 2035.220359
-584.248224 136.318590 928.457220
587.798291 -120.959100 261.423956
511.362170 -314.039830 1427.627445
-548.724565 -243.119423 1878.735585
-522.882903 294.251371 2067.126112
510.304425 -315.113810 1604.444864
479.527479 -360.360326 1805.873601
-110.790347 589.917323 2031.230979
436.385939 411.907634 644.524570
240.543409 -549.356466 1728.591868
548.907923 -242.260547 277.076180
174.584041 -573.864139 1765.389716
573.017274 179.634676 15.345767
-64.925186 -596.289247 1169.329651
-210.095449 561.230229 879.415976
-61.091253 -596.935967 1719.443002
597.631111 51.744813 2056.774726
564.604410 202.424614 2127.964493
-485.917728 352.040735 96.731648
4.517022 -599.729356 1843.024455
-502.077649 328.381898 2136.188582
531.643703 278.310126 1161.875289
-510.461056 314.862983 2161.037179
-591.330351 -104.388630 22.911985
-185.621013 -570.517931 1516.885839
588.700745 -112.530909 1328.262711
410.228100 -437.490177 734.828493
549.362553 241.884648 659.533208
-447.414792 399.430693 1313.965303
-580.649051 151.628467 31.950549
404.549187 442.649561 2065.065390
-551.176126 -238.776285 1248.472523
-525.144480 289.704375 104.891828
-46.783197 -598.017030 2023.333578
483.220005 355.473064 536.345958
579.109512 156.893269 1833.788705
-548.895462 -242.365806 1279.454221
-574.885089 172.032091 660.160030
-255.353822 -542.683974 1089.113129
363.324079 -477.414907 819.427577
-193.479106 568.016730 135.190058
173.880693 -573.747265 2056.559651
369.970953 472.217010 5.443532
568.158630 192.256425 300.426285
-599.573223 -23.427157 1352.484032
588.119050 -118.758859 151.971197
502.048863 329.112319 1784.187182
117.192189 588.788650 888.729329
437.197422 -410.687277 531.426975
-307.892743 515.206661 2127.828330
17.352778 -599.804865 1147.134885
597.582752 54.682283 1473.793796
542.608482 254.895803 93.864672
286.115030 527.717662 898.488910
540.569864 -262.008270 1478.742657
321.738019 -506.429389 1457.725833
-237.862267 550.750257 97.071600
562.445096 -208.775432 1288.874068
424.708132 -423.614876 1477.706560
-541.514633 258.741526 487.242724
300.120699 -519.752954 1198.188928
289.146294 -525.489729 1630.117709
240.753837 -549.686442 307.128229
55.510618 597.647426 2139.057888
486.980635 350.599311 1944.299649
219.119097 -558.470300 277.693277
491.012574 -344.811169 2096.173884
600.018479 -17.940949 442.850412
-233.990550 -552.312400 1158.121651
-410.555236 -437.574485 672.235654
-490.146610 346.274083 179.588096
597.309739 53.483286 125.090505
165.032052 577.059909 89.630887
-541.331248 -259.410397 1974.815215
283.796268 -528.597336 1484.231568
342.005985 493.435324 1609.398125
139.360180 -583.132746 834.506813
433.597366 -414.949877 2036.782886
407.018015 -440.103646 876.419284
570.951394 184.261267 913.241751
600.391622 6.041756 1519.587504
-463.544158 -380.683187 1325.083539
345.087885 491.078545 609.014776
-139.124284 -583.896645 1640.770782
78.149615 594.777050 1401.375076
-583.609491 139.953433 2053.692563
498.166455 334.495021 678.136963
-109.025851 590.224947 2151.250946
-515.698135 306.006425 2043.779816
522.358935 295.719713 2045.349680
-397.935619 448.677569 1962.581895
460.421450 383.726828 1891.238774
545.831985 -247.857307 1051.545436
-91.891836 592.493612 1707.557745
-577.409256 -162.151725 1788.329403
-400.741243 446.878245 1531.223716
-598.685268 39.126336 2145.351843
590.783138 106.440557 181.188296
-598.233735 44.562060 1051.591830
-599.098864 -32.770261 1069.060149
-477.776379 -362.963957 1712.078668
523.277800 -292.985371 1716.210276
293.195726 -523.402420 1330.102297
-203.700592 564.526679 1006.746587
-584.372716 135.729522 1350.301375
-558.655154 -219.737472 396.063828
-128.451257 -586.171720 1368.842549
29.886940 -599.103642 1063.282644
-479.153212 -361.674489 1421.987363
-88.216169 593.240161 1870.890082
592.765447 -93.460359 140.007207
233.198681 552.978756 1587.653562
596.770052 -64.920639 259.922150
-441.710386 405.886744 752.629868
-21.208094 -599.517614 1744.251654
-394.579346 451.764270 1611.181629
473.659068 -367.587276 1110.770231
-160.305276 -577.740937 1364.912909
-596.704155 59.873503 839.130447
-555.049342 -228.920789 1920.879478
95.026843 592.057970 1726.189693
208.825290 -562.658104 1922.146537
-414.955265 -433.361953 441.136133
465.639009 -378.160868 516.696563
-529.321291 282.202857 1797.323420
-592.032386 -98.576689 781.211572
-584.737697 -132.580051 1158.533394
504.804325 -323.895284 987.738116
120.543181 587.596312 162.728090
-161.072049 577.867693 1374.295503
458.594924 387.723931 380.186263
439.773592 -408.450988 2183.283546
556.103390 226.485214 459.812597
598.608386 -37.144300 552.452373
85.869635 -593.760272 473.243900
-584.317463 134.233231 1436.983717
-556.640846 224.046088 249.070397
428.674577 419.901757 452.270065
-356.555222 -482.543759 1510.044671
478.096712 362.203633 1027.041179
-582.504202 146.212877 817.026947
-467.651385 -375.606896 972.422331
-182.323603 -571.722528 380.727628
519.190906 301.452033 704.973315
117.754283 588.560587 2181.582535
-30.530335 599.570182 27.740941
107.892071 -590.244615 1896.767939
-282.211532 529.818518 1933.704137
-569.071031 -190.495909 948.278342
-113.270651 -589.232558 244.932955
455.940984 390.162880 1426.384578
428.330899 -420.537287 2086.966354
472.945317 -368.718230 581.528034
-53.210538 -597.672219 240.984922
-146.029443 -582.114785 1418.246224
-553.789909 -231.322428 1931.789676
326.482037 503.116089 1357.350519
-288.289025 526.786480 636.282687
-42.838929 -598.269386 590.846152
-493.939440 340.542564 1572.220296
-221.002649 557.680912 584.082424
591.949161 -94.436001 261.676968
-466.558472 -377.449203 1299.070492
354.097613 484.475875 1464.618101
-417.007758 -431.468897 1436.867484
317.960004 508.776651 50.611118
59.343685 -597.574633 602.976612
-478.358824 362.464378 1522.871960
188.289768 -569.481381 704.871894
599.670098 -25.152341 759.213496
-12.197715 600.244688 2017.060264
94.142552 592.114545 2130.745459
33.607399 599.164844 1165.472512
-593.534200 -89.681131 364.874746
446.507915 -400.923962 380.748264
-588.114031 -118.100159 2184.488437
-455.593485 -390.055183 2175.388275
586.346364 127.455394 11.676304
554.729150 227.402656 1577.290518
284.416431 -528.016296 561.967655
-598.889593 26.872102 220.197944
557.164300 -223.576914 1274.584614
-221.476159 -557.790776 1014.893772
-473.663075 368.915657 728.183037
-591.589161 101.096172 231.038208
426.884455 421.492956 1769.715930
175.210324 573.915689 1068.861579
145.227642 582.625781 1483.419713
524.381546 292.349356 352.999172
-425.399777 423.586698 388.646721
-463.177752 381.326441 812.330496
-312.759367 -512.384761 815.006009
325.443857 -504.531187 1805.946952
-359.918767 479.251311 850.531966
396.171455 -450.480362 795.288977
599.105894 36.746683 2077.217638
-376.129995 -467.678441 1076.558173
-334.012322 498.011547 1128.076623
476.518769 -364.172496 1349.900795
469.964895 372.928082 93.724974
559.946072 -215.231058 1514.681485
458.931397 386.362243 579.361797
-418.479208 -429.731897 1101.263415
198.566757 -566.092311 1655.621886
-150.916774 -581.164757 111.648787
-516.467052 306.050642 287.235693
486.576251 -351.422100 1624.107071
-594.704154 -79.897659 1239.414904
590.277737 -109.051180 86.936589
168.785118 576.095875 2101.120547
541.075706 258.549431 165.003043
14.226089 -599.430002 915.028997
-22.487237 -599.197383 1453.045897
140.920113 583.030967 1405.813954
507.884522 319.699035 172.482761
-593.149446 -91.328198 2079.491004
487.099698 -349.898461 2195.974542
-573.858649 175.511271 1436.285088
544.430140 -252.638316 870.662048
-341.337927 493.732584 2048.281901
437.527072 -410.362671 752.700056
-548.840015 243.161521 310.395590
-340.205077 493.928442 357.457225
-88.306438 -593.468102 441.523837
-587.766895 120.552765 1887.692414
-55.797202 -596.895920 98.203582
581.670140 144.892775 763.532863
-147.124699 -581.826875 1408.334532
-239.173371 -550.584040 204.000265
245.240250 547.645992 1520.695037
498.331646 -334.304885 1333.982167
-599.399409 19.403188 606.688509
597.695963 47.504308 1497.584374
-56.109011 597.586969 103.460764
594.185543 -83.008678 403.450678
211.156827 -561.467994 849.727965
-404.801048 443.313388 893.516420
-593.532196 -85.791280 1715.967915
-562.371545 -209.345716 1755.588914
581.675164 -147.844137 1614.899318
534.821682 272.152177 1131.327742
-428.829673 -420.024432 1232.955920
599.609317 -27.657468 1086.746891
570.231161 186.202949 1024.844132
420.285219 428.310147 1079.846390
-179.232829 572.875340 2105.154870
534.488503 -272.552064 271.079578
595.148064 -77.658027 1297.821902
-434.156769 414.186552 2136.506496
369.048839 473.022105 607.829120
-76.061218 595.577649 201.768467
-591.334987 -102.878205 1097.799940
82.737760 -594.468072 487.289869
567.759814 -194.506589 890.110565
-461.594783 383.160099 1790.629607
27.879922 599.002854 2186.737140
177.315595 573.293343 2091.426500
-476.121039 364.911446 1018.795640
595.048444 72.871091 761.541972
-598.204821 -47.527841 523.466273
580.800579 149.884493 241.478349
502.732372 -327.108214 90.006385
-75.444275 595.663487 377.882649
12.952275 600.353080 1135.145252
267.148495 537.033518 1980.582086
563.901296 204.007941 1928.554531
289.101832 525.981287 79.756821
268.804102 -536.172509 1829.552012
373.181096 -470.192785 385.116820
-474.477150 -367.075744 245.800422
-246.858204 -546.619248 628.644899
568.926790 -190.843719 1595.514378
-297.794142 -520.202742 479.193241
-162.644799 -577.535469 1908.392311
522.959568 293.651065 636.871922
599.851743 15.745006 1863.049212
-534.647359 271.346507 1538.665203
363.928823 -477.155968 738.393451
116.001407 -588.475676 570.147681
286.897240 -527.621386 881.351064
42.155145 598.692600 74.957670
-582.073250 144.228519 2115.218043
494.183179 339.887221 48.750256
-333.747904 -498.567617 61.333743
-599.941268 2.939558 239.265114
-476.802706 -365.218390 1661.902590
-446.923003 -400.749344 1726.443797
513.533040 311.128795 426.442000
-587.659762 118.379373 1106.337766
599.440449 -21.191475 1004.621361
555.119645 227.872963 1560.087751
576.013683 -167.422855 109.068452
-59.686088 597.159246 1538.065870
576.300676 -167.601214 1887.175895
466.979621 -377.036790 1414.652396
-536.581875 268.874184 1261.047039
597.306060 60.751655 1038.802679
-589.043534 -115.724432 2147.570662
-279.861666 -530.501657 59.282968
181.060528 572.199764 1260.648314
455.182008 391.262412 2162.642211
280.332638 -529.983701 1048.678909
-167.483711 -576.692712 2128.891403
-547.263619 246.478691 12.814234
-516.078124 -305.586665 232.712624
344.816088 -491.109389 428.629367
-269.637226 535.491690 2069.293485
-596.961641 -55.637980 1482.383709
-430.627724 -417.530997 2173.216158
351.653503 485.623204 535.481420
-507.022466 -321.052234 371.040003
580.371896 151.170915 619.018508
-484.196993 355.252449 282.392822
-260.838147 540.168406 447.517094
182.884038 571.023744 140.647815
240.320335 -549.087795 688.386829
-98.894048 591.850936 1867.052632
537.913846 -265.882367 1784.028257
488.673755 348.642881 16.427258
-599.631555 15.355653 136.905197
324.971437 -503.684916 30.205889
-454.902419 -392.032045 1461.844734
-112.899915 589.159661 1989.910427
563.265148 -205.848388 1522.041367
-492.555575 343.425132 1183.108130
-535.986687 269.699238 1470.780749
-440.012333 -408.146620 1549.081456
477.856466 362.804939 1236.897608
-342.705970 491.614752 409.259304
-585.664930 -130.095047 625.132558
-275.162274 532.892422 995.933090
-595.377948 71.253874 1249.267527
61.505061 -596.853212 2084.504182
367.212305 -474.931118 2091.398319
-266.808293 -537.328193 753.762186
422.863874 -426.094298 757.989777
597.252324 -61.636147 987.581169
217.007791 -559.527270 185.828087
-363.453088 -477.848791 1061.452768
-549.419198 242.223982 1080.226919
419.610119 428.935100 295.821992
-504.951814 -324.095507 1736.045124
522.210562 294.709777 1239.330810
599.438948 -30.537545 728.439502
598.281370 -50.758977 2152.279667
-401.435528 445.903690 70.309925
-567.868424 193.776136 1598.238216
-391.135970 -454.810538 1593.989827
-16.531261 -599.986689 308.747804
-171.110943 574.750309 1605.746073
168.132524 -576.517022 1705.889177
-472.154205 -369.813031 434.049240
584.850592 135.151816 540.167833
50.240758 597.835047 693.864750
578.898406 -157.176718 1209.080570
-379.306080 -464.958781 1652.568834
26.077514 599.070499 470.371636
562.928501 -208.990967 895.258439
-118.750176 588.154836 1279.964348
579.740073 151.584141 1422.871053
-236.358530 551.534767 1858.236882
196.398653 566.954406 67.418562
14.600759 -599.643143 1711.348585
585.663795 128.914455 1465.234902
533.010945 275.867042 2029.450146
-595.266489 75.108164 118.294055
374.421027 468.672913 1530.686741
391.399722 -454.492322 1089.560489
-581.970463 145.491188 169.503232
443.437537 -404.242885 1063.722478
488.142327 -348.842953 1458.128056
415.979238 432.110820 1351.941018
-423.174213 -425.831508 817.469870
372.455612 470.629515 134.833754
522.188054 295.675499 689.378430
575.648202 169.063909 362.722979
458.352005 387.325624 1790.316347
345.225061 -491.131787 247.788300
525.050825 -290.396709 1339.218035
276.750598 532.825397 36.635521
20.675164 599.801943 122.388257
429.440308 -418.447119 662.487876
29.859723 599.267567 1398.359545
456.456829 -389.009212 1320.673917
598.786726 31.497764 901.928197
265.690133 -538.128765 1068.340106
400.835943 446.536631 1737.454748
-130.093713 -585.604883 1667.182181
-447.428782 -399.681443 1888.243342
37.730608 -598.415916 521.583388
-155.927321 579.412901 1488.009174
-523.939337 292.775526 998.610468
-599.459404 8.228560 1109.755106
464.094281 -380.576309 1334.614516
130.675383 585.818495 452.495262
597.651503 -56.539933 1984.185413
-594.741553 78.744723 1746.032223
8.127110 -599.853379 625.976825
-466.155549 378.156815 1986.796817
573.325846 -177.329674 912.381701
-222.150419 557.758055 2094.340475
-490.127056 -346.042673 82.120204
390.663936 455.556238 61.016431
-600.099806 -2.195766 1742.462244
303.347216 517.824042 1038.525778
-435.671409 412.630043 1563.283208
-64.776141 -596.988327 1240.734590
370.269813 -471.862815 645.634144
599.892622 15.699266 1209.325386
257.439562 541.682460 1143.951569
595.406643 -73.036040 79.115667
-42.692669 598.492536 375.451203
343.172937 492.772998 638.346573
-324.146510 -505.560179 1574.706093
578.367778 159.870213 820.478079
315.149398 510.435194 942.795731
99.277764 -592.078519 2030.885795
-501.456947 329.788550 143.571137
-64.220828 -596.402041 627.117438
592.540882 96.502460 1562.668693
-548.810088 -241.033985 1807.773135
219.603996 -558.002805 881.138904
-370.430366 472.000329 1632.762915
-434.134115 -413.890044 710.990452
587.219105 -122.470048 1509.517661
225.954100 555.993754 1550.021157
479.956481 359.943436 10.492122
-5.776502 599.874506 428.107666
-599.554195 -27.078006 6.338162
494.194379 -340.784039 1542.940256
189.880344 568.770117 1755.903908
-595.509893 -71.508093 829.164202
-286.408762 -526.480824 622.557037
549.082803 243.267985 2140.145632
351.936645 486.473652 1441.735546
562.589043 -208.467906 1042.629622
-528.256485 285.187998 1520.821993
-476.683741 364.448800 296.520126
309.960599 513.886718 1510.345732
-588.072989 -116.756782 1537.306429
-584.098257 138.792413 618.908096
283.662437 -528.690455 537.657099
-151.995758 -580.621639 27.869595
285.574462 -527.806148 1742.893949
594.889789 -82.236105 1751.228883
585.284888 132.162477 940.028802
325.757120 502.959856 1642.441492
-373.251093 -469.895369 891.147760
242.511144 548.740877 867.425952
598.300403 -45.712483 1661.202240
305.937140 516.356083 1665.031780
-234.479799 -552.666532 1604.131983
418.760387 429.933496 231.035627
501.741227 -328.636332 1584.941988
214.629997 -560.341586 504.314076
268.194729 -536.718850 1647.522632
-84.100861 -594.339030 298.815435
-414.004048 -434.658379 2053.620574
12.648546 599.840868 1875.915418
-533.196848 -275.777061 1034.960313
368.019657 474.101004 701.241036
-97.613516 -592.321052 287.742242
-362.137864 478.518222 358.755725
560.012024 216.357731 1243.040415
-251.257192 -544.872417 2011.231255
11.277289 600.025891 893.106947
-558.867162 -218.867327 1431.730510
525.492421 -289.896682 8.219854
596.851312 -64.814930 629.130763
398.036581 -449.321910 791.231886
230.116155 554.182424 1501.709168
578.348344 160.640249 585.326508
177.852757 572.946339 1471.733143
599.451971 17.603136 1666.253458
136.686031 -584.315671 837.878050
430.613076 417.362476 394.040371
490.401885 345.824219 387.712640
-497.288322 -336.113672 1737.826588
145.784571 -582.189576 1647.731038
536.515504 268.294529 1460.503921
-193.056636 568.162826 1788.637679
-321.747998 -506.525556 1777.605991
552.162288 235.978792 218.565580
-591.928631 97.820759 630.560625
599.740061 -18.215389 2141.774758
566.250948 -197.114151 1089.593496
159.551441 -578.249647 1734.109013
584.890674 -133.604271 1013.309484
559.847275 216.332111 1740.847802
590.773878 103.276583 1401.250666
-254.938843 543.307278 1670.505982
-432.124897 -416.417371 852.134786
-319.484361 507.648814 1090.911239
-125.128754 587.071294 247.717502
90.362627 593.154468 1219.349925
-599.049011 41.357239 294.563188
109.117733 -590.088357 1201.230547
347.860374 488.557124 1955.120470
-333.396192 498.427331 1128.381221
-536.696199 268.284945 68.070143
32.738964 -598.635205 741.264262
600.275869 -6.578676 702.158718
-594.581884 -80.393899 1060.480979
-544.750051 251.619810 695.979773
-289.814152 -525.542955 833.815688
-377.828993 -466.307053 1346.469023
-593.104719 88.795236 1504.995679
-501.383343 329.276803 498.005565
-334.465968 498.216641 2096.460266
581.922264 147.160868 1776.951998
325.604432 503.708502 1821.095512
549.746282 239.342479 2187.763106
524.743086 290.943190 1285.052122
-414.238123 434.198981 1625.599719
-131.217231 586.017097 1689.915373
-328.510953 -502.313524 2104.285244
371.970177 -470.342362 1693.767100
-566.220925 -197.213274 1786.365943
-539.199613 263.582895 108.197040
374.903745 469.357733 1324.404417
-411.254636 -436.911443 1649.064578
122.245346 -587.330063 370.220165
-560.846685 -212.905460 574.000563
-58.816393 -597.258930 579.623047
-423.956755 -425.043859 2176.592655
475.394428 365.067129 1479.394537
129.270799 585.971782 1213.487062
-34.716481 -599.218077 297.683342
-185.088287 570.714938 1580.990771
-85.295609 -593.738149 1483.904836
248.236626 -546.675298 1574.887684
-564.813057 202.842304 2063.022530
-95.630575 -592.399298 842.962549
21.344347 599.719865 1844.417739
586.207003 127.499263 856.698950
-572.932574 -178.898188 64.989689
511.676888 -313.406547 1187.916644
-483.724986 -354.835118 1715.727184
-423.642563 -424.808463 2051.058710
-269.808742 -536.372073 1559.262763
-209.230793 562.534222 1774.298964
-1.822722 600.211912 1354.710680
354.922392 -484.133133 2018.904389
591.874369 -99.917409 807.964721
247.078807 546.214060 1694.486170
236.298397 551.470312 1771.069618
289.040722 525.159299 1131.715181
-372.709918 470.146018 410.273957
-504.848742 324.939521 1259.322503
-110.086510 -589.644841 1870.289921
-377.280585 -466.215327 232.664741
-499.544004 -332.223968 371.360857
330.638635 -500.918999 107.178463
-526.547893 -287.852929 1357.924944
-532.545210 275.093490 253.526966
-290.925910 -524.234327 1261.974416
590.822659 -107.417967 1487.677738
382.938722 462.358034 120.707267
-133.073218 585.370999 1909.425629
-569.709078 189.450272 1186.326689
70.573140 595.698138 443.408140
-318.605643 508.972805 1471.935970
-599.327420 -30.142832 559.953191
243.997940 547.848573 1087.302582
326.805966 502.930699 725.762849
-502.158650 328.343532 1588.566828
396.569195 450.690843 1407.967919
123.561241 586.522496 1843.673746
-33.190741 -599.533035 1179.412056
-589.780127 110.150014 681.791283
-403.115801 443.985315 774.485870
-509.015643 -317.244078 1338.484875
443.386248 404.601067 850.223141
413.194828 435.384784 631.298536
-551.738849 236.073905 1403.291460
-67.534765 596.629389 1042.002158
385.768985 -459.019693 1719.291116
-369.860826 -472.661701 554.475339
-450.102144 397.256785 591.173263
-476.746798 -364.000039 1698.475644
-552.431292 -233.721680 940.268008
430.272784 417.467350 649.761289
598.558611 -42.823594 1546.617873
585.678656 130.414757 1220.234552
58.307695 -596.997898 1000.654831
220.965223 557.629661 1908.163991
302.163372 518.659766 1321.266435
-3.570787 600.334580 1265.921098
-213.066004 560.896763 1322.432461
-578.940642 -157.024752 863.976768
-569.326045 188.857721 1900.004980
210.935541 -560.991448 378.289113
-506.442946 -321.426547 446.183205
155.530105 -579.307082 1243.404758
272.975025 -534.050508 66.755317
-340.826507 493.687036 1265.721422
-447.270132 400.163508 2165.937239
297.007416 -522.001467 81.475506
598.290916 -44.451992 441.721446
-203.211524 564.754996 1147.331002
571.606665 181.546424 2012.939001
76.151322 595.169645 800.929390
-597.455908 -52.551928 796.946236
120.650265 587.791882 395.370755
404.183610 -443.880562 2050.239826
534.199792 272.236864 1234.293651
595.428106 -74.435534 1467.922124
-68.738673 596.253859 2100.472126
-111.400139 -589.484160 1058.105890
331.350305 -500.269901 275.664201
-186.174770 570.333195 1884.512390
-583.096234 -143.322735 61.120142
-371.541773 471.017801 659.638209
408.071311 -440.359882 633.962910
589.310771 112.192386 1999.627467
-284.775470 -528.831573 721.433897
-219.365325 558.369545 2004.902123
3.871610 -599.475043 416.870174
-331.779434 500.320126 1263.703635
-447.519011 -398.967293 2156.002938
382.604702 -462.103039 409.302111
-72.514619 595.631559 611.461060
440.549078 406.791599 205.343974
514.950921 307.964204 606.417472
-235.114612 -551.978883 1458.349888
24.388785 -599.113340 1940.870478
531.633306 277.327436 152.410288
92.491143 -592.821742 1861.594557
-550.800282 -237.942870 1109.247850
-468.576963 374.750623 912.985682
485.728234 352.169926 1540.049891
511.762388 -313.542216 1049.212285
-599.527032 20.115820 715.551022
-549.900861 240.006169 1970.697684
-120.393757 588.237851 800.754634
581.780280 -145.890849 260.300464
-290.526396 -524.824538 892.488714
-202.294034 -564.909080 1735.105265
517.453715 -303.565817 1992.179087
113.332253 589.321313 538.992976
-527.866459 284.817375 733.097894
326.528832 -503.553309 1531.253511
-359.350528 -479.910557 2003.914564
-517.132957 -303.733268 554.112373
152.363902 -580.224426 1980.786897
-270.337606 535.638202 1580.554541
212.325989 -561.616389 367.529650
-588.462780 116.132055 577.887250
-556.728513 -224.356770 234.440953
268.693149 536.831336 1778.150526
120.045376 587.930995 710.805709
228.385128 554.676668 288.571112
-544.325469 253.134266 738.548864
-61.484573 596.934640 476.221051
-548.713493 242.392695 2055.862580
103.169426 -590.740192 1958.541844
4.100504 -600.116762 132.824857
-295.220497 522.068173 1564.496225
-57.299586 -597.085795 2019.277274
329.832816 501.036245 1523.361627
-174.148835 -573.995096 1531.629121
-528.488398 285.164658 1025.274338
506.269928 -322.066968 184.358277
-587.407998 -122.746863 1022.625695
-189.648292 569.682316 536.291963
9.919675 599.536917 2004.856705
-506.574724 321.515294 552.045569
580.210939 153.127630 570.392131
210.226041 -561.986462 1171.711090
577.651016 -161.043221 1653.446553
596.731411 60.272666 781.537051
-584.848372 133.851522 1308.238323
-267.698252 537.442846 904.167444
-46.225022 -598.182660 1363.329748
474.064769 367.362106 1671.205791
274.446894 -533.449161 67.934487
-77.375185 594.874527 1852.848743
-488.000504 348.626911 121.238181
552.190910 234.083515 1743.272530
-589.689621 112.579394 348.673546
-351.625343 -486.238261 929.846908
-496.877352 -336.097772 1359.209707
373.495175 -469.298123 1113.077516
452.018098 394.373500 1986.160200
308.808515 -513.936421 1888.104036
-321.975567 506.291511 607.511931
260.587692 -540.781662 1005.630408
500.224787 -331.980942 1203.587393
-599.884059 -5.973371 1206.660562
81.883530 -594.573352 1023.087847
-284.982976 -527.496105 1482.109848
-209.398970 562.111825 198.665102
476.048821 364.613615 972.182549
299.702643 -519.378526 1702.866154
528.753716 284.188045 808.829961
-494.977199 339.075626 291.090669
-565.912476 -198.856778 1116.317929
-263.061118 539.267702 1673.436039
507.521087 320.555676 304.159672
-193.805058 -567.773768 1166.563521
-206.134545 -563.367727 21.852055
-100.997710 591.361299 1009.418977
-496.069540 337.249046 728.683855
-530.856071 -280.609627 1513.765479
551.605634 236.244181 1070.639494
471.788419 -370.560648 1293.534321
-598.987932 40.007158 532.943665
-176.780082 -573.105847 2022.536608
-434.272522 -414.011948 788.819366
-288.816494 -526.039582 1213.369067
-594.073120 85.558279 1536.019632
68.622998 -595.881161 968.313576
599.143663 -30.954640 1528.674976
225.579996 -556.421060 1573.475826
201.047229 565.448837 2101.184637
403.128563 -443.733146 2170.392621
-252.789338 -544.497007 1980.205933
-460.042304 -385.922728 1094.257404
-600.402972 0.449328 332.331382
-599.461784 13.026195 572.041240
-513.938553 -309.823783 1479.942541
-380.735360 463.938950 444.426897
-182.673891 -571.356659 289.420212
588.208645 -119.770800 1969.902789
-522.337546 -295.636801 1488.231074
-178.417016 -572.477389 1446.284865
102.299535 591.119731 1277.599982
-541.485755 -258.021546 4.946392
-584.083779 137.602897 113.850053
508.049755 -319.663721 585.922925
123.625798 -587.621443 2034.483521
-548.747907 -241.752005 1370.343916
-30.504397 599.406183 165.083200
168.275135 575.964158 2059.470062
472.540174 -369.773657 91.264611
-559.446255 -218.678639 1857.452775
-387.157310 -457.677625 1778.380809
520.760792 -298.820745 2040.368639
-487.551066 -349.418041 2110.504079
593.197140 92.736611 1687.693261
-21.595818 600.127247 503.063657
475.010989 -367.102134 1614.372462
-579.450302 -156.346350 1825.872313
-50.648341 597.784053 2197.218318
319.057227 -508.488874 903.376211
-494.455216 339.858546 253.339376
-560.271675 -213.657251 1352.291361
-526.785569 287.278718 1331.127652
452.710156 393.670291 1334.594870
481.357931 -357.675713 714.665409
119.071310 -587.957025 331.802655
44.586215 598.756259 1242.470336
-83.554471 -594.490708 409.362902
553.627316 231.547383 1239.517951
406.737428 -441.166824 776.005285
-573.980206 -173.725636 1771.448992
530.305375 -279.941875 1096.626983
297.270754 -521.424085 614.877824
-512.649134 -311.733978 1997.505217
597.887776 45.094465 1016.437487
-51.506916 597.605627 2174.340661
-129.237597 585.931045 1180.784919
495.820539 337.608990 1817.584699
582.322400 144.008707 2110.607036
-528.181631 285.015484 369.225932
-519.835964 -299.908523 1878.900979
-589.898275 108.570126 179.248659
-210.264888 561.702181 850.694367
-493.468568 341.212307 455.971753
-535.027044 -271.837840 878.937348
-278.423956 532.355838 1241.346963
259.657743 540.800345 1259.224478
316.435813 509.753397 455.090211
353.885285 484.335301 297.843856
384.926639 460.025647 2098.122335
392.031320 -454.624023 1064.729532
516.060153 -306.075315 919.644246
148.669988 -581.191928 2129.935269
594.390945 -84.483625 1545.156825
124.333775 586.860314 1430.152234
332.604542 499.177354 1107.300443
594.555764 83.480431 741.664504
209.054013 562.216363 1197.828477
444.883586 -402.915571 2076.183350
-527.865356 284.879776 789.058022
388.963078 -456.731230 1267.995606
-590.148401 107.999438 549.687132
-544.009650 -254.471245 392.213145
329.664727 -501.879125 1042.639594
-585.150257 -133.786100 1073.942521
341.490605 -493.143545 632.136458
564.434520 -205.052309 1546.593035
142.987164 582.324936 308.797414
273.337258 -533.815013 1856.943202
444.993598 -402.217254 1714.506673
-365.376990 476.404824 1981.135104
591.449510 -101.920914 957.470347
499.003621 -333.027934 1378.551670
239.749926 549.950145 1957.045175
-405.018786 -442.301609 205.724263
-544.364466 252.222568 1581.910588
-48.308920 598.434492 1089.445216
-49.124960 598.224939 1342.144086
-290.783870 -524.849042 1754.960499
-600.098087 6.809414 957.087861
113.884687 588.888609 1742.128332
561.208908 213.139371 424.189035
-574.182107 -174.899561 432.836372
498.712350 -332.956569 333.656635
585.215470 -132.392637 597.021343
597.898413 52.130393 1400.007567
-440.139032 -407.609809 406.251095
176.484575 573.786690 840.724722
240.816819 549.956442 1512.735019
-527.491617 285.914066 223.377830
-599.182007 -26.392265 1298.122793
267.626128 -537.228771 717.122218
167.332424 576.277138 376.826556
-229.220166 554.791433 1661.746221
596.119435 68.223400 1443.292396
-471.262296 371.746863 889.321046
-534.834047 271.940777 1048.082913
-161.079220 -578.115020 1301.657806
-349.316968 -487.806802 1845.706153
584.700075 -133.634278 815.746058
-442.826806 -404.843222 954.974306
547.614105 -246.293549 1516.834893
-438.898061 -408.592034 1992.495672
-3.455949 599.964852 434.664257
-78.170827 595.270436 2149.056103
150.839280 581.253235 1783.770537
-333.056856 499.487969 452.584061
-278.733467 531.003121 464.055518
-518.985745 -302.499064 1989.713209
-310.469741 513.242445 534.580800
342.419995 -492.950722 602.759362
593.718936 85.167891 893.646670
502.312618 -327.622724 1064.675627
-537.916380 -265.748970 1155.279929
204.107989 564.427111 1949.353121
-121.309756 -587.230227 1699.875446
-574.561199 -173.095254 83.641394
448.731439 398.061903 89.577263
597.708076 -55.723945 1176.204046
-162.879930 -577.466815 344.196791
508.666091 318.443016 1990.931851
324.726553 504.597240 1276.566899
62.198873 596.782650 2170.343726
-598.386190 -38.588058 1277.992383
-178.974005 -572.602552 1983.979566
592.457546 -91.280365 1665.478860
492.761933 341.882328 1817.648449
540.100338 261.137790 425.598701
-594.950892 76.513090 1663.082790
594.958579 -76.864669 209.287297
-595.235675 -77.049656 692.905398
53.158991 597.605098 1787.738372
-62.963601 -596.734355 1711.106452
-405.071202 442.431516 1121.950765
143.052977 582.786872 1637.694635
253.946671 -543.955887 2032.336282
500.780976 331.064017 1316.083761
-265.817658 -537.800273 84.477400
193.395919 -567.560492 1423.017411
85.539272 -594.217772 1332.983163
478.975558 -362.577598 1081.820940
-351.786668 486.228817 1660.296723
123.754368 587.172432 1366.679835
-381.385456 -462.930053 603.248352
19.528092 600.075875 1777.423366
560.123328 214.400039 88.807595
-197.687825 -566.707497 984.073167
-186.504589 570.301212 1691.893997
564.512660 -203.309003 2126.279709
-564.970801 201.429450 1205.538769
-385.060202 -459.737091 769.488546
205.338536 -563.526210 590.652301
240.813289 549.757175 368.254421
-210.896651 561.693685 1590.427109
598.536341 48.728837 197.076048
-582.003340 146.416234 1590.806737
-597.784628 51.136290 524.600806
564.986095 -203.043518 1332.727267
221.444950 557.706374 848.646840
205.949931 563.770322 526.818007
-545.062195 250.670818 1507.594438
325.955921 504.046904 1628.911368
-87.140621 593.137041 1342.630000
305.087724 -516.816079 26.264751
-7.210280 599.822358 121.586209
256.457160 542.898916 1277.737686
-598.152138 46.529451 1566.608333
-561.008231 -211.767586 695.679722
444.967403 403.224115 234.097988
222.425278 557.147873 163.341019
-295.096363 -522.666755 2107.584668
383.025304 -461.592553 1153.193748
-485.018646 -353.342632 1402.740612
579.153869 -157.783527 2168.100514
599.824587 -3.949929 790.949705
461.716026 383.196086 1915.745197
-7.018256 600.322691 910.123302
589.610425 -111.790612 310.740837
-497.468877 335.033536 271.491407
-106.700030 590.401635 890.773876
-381.786310 462.801123 953.354042
-353.420435 484.907263 20.532384
-150.921971 -580.370171 938.074712
-502.382465 328.469607 55.893561
-351.111086 -486.665676 1538.624871
588.536330 117.992742 782.637707
-437.399332 410.739449 1314.301126
475.495967 366.106490 1795.257548
556.204283 224.840721 28.114944
-112.493480 589.455730 1565.085441
-473.170975 -369.157148 1530.645135
552.567410 234.162969 533.964494
-249.374863 545.567499 1782.695496
-410.349037 437.640934 2008.582507
-550.220444 239.529444 767.577851
600.234637 22.265592 1127.394101
560.688855 -213.223522 1804.859024
129.369094 -586.061695 1032.955747
-11.576112 599.822204 774.216572
-357.544597 -481.758382 923.709352
3.462583 599.889741 1448.452695
439.614411 408.514009 1452.775797
-73.080433 -595.667224 1549.334675
-391.542600 -454.244546 1309.498713
593.505819 88.967546 1258.156181
-565.023626 201.425289 1689.694731
-427.103043 421.558222 576.597019
538.354288 265.502522 1080.510775
-81.094367 -594.754163 1644.553853
-576.078376 -168.029175 430.202082
-587.035575 -124.851415 818.926440
508.962013 316.773391 1610.426843
-150.095702 580.745350 1367.994935
385.356202 -459.782703 1847.616901
77.695078 -595.285876 1016.415370
504.962565 324.763945 655.730370
-480.868938 -358.950382 140.015216
-176.408866 573.220664 42.980711
-343.067806 -492.671995 101.524885
-411.047356 -437.220530 2035.689771
287.506214 526.557521 663.156475
523.106710 -294.197716 505.611954
194.152174 -568.148890 1248.030907
-123.430684 586.998126 1936.638609
-8.158916 -599.865179 922.878428
-90.799580 592.926142 392.455302
589.648977 109.323146 1835.014014
-425.723993 -421.810873 1121.256438
-335.586852 -497.451159 208.958822
569.953557 -189.376661 1072.517839
-203.405342 564.270321 1032.073469
-598.259700 -46.377350 961.461684
349.295132 488.509836 194.707775
164.374765 -576.822802 2192.767982
-518.204853 -302.228647 1527.887198
-470.870165 371.914298 887.648543
-143.368297 -583.377574 1326.739458
485.600086 351.926061 1041.383818
600.349863 -13.779492 635.703686
-407.108955 -441.084463 1120.862320
575.198089 -171.033451 679.638634
239.548920 549.478528 1297.325410
340.077137 -494.760519 2189.336452
-261.151556 -540.306622 405.738350
-324.129803 -505.390215 332.296870
592.654253 93.727377 1654.247926
-248.610030 545.939751 1128.802638
505.189317 322.836613 550.001221
228.478383 -555.160344 861.628329
570.778858 185.889899 2106.843795
210.235729 -561.912695 1772.425248
-569.257226 -189.900962 286.622682
-378.145214 -466.198544 1659.602093
481.145130 358.498433 1762.849768
469.998085 373.167162 625.588065
-480.303668 -359.469255 1549.648517
128.874785 585.613073 758.066707
393.489970 -453.133551 153.484069
-62.848590 -596.669668 74.682282
-514.161706 -308.958703 1643.079769
317.624981 -509.132678 1937.282252
437.621943 410.301962 1684.451782
349.976255 -487.159011 1331.453171
-595.305697 74.197127 868.910047
-523.841027 292.543620 180.061380
499.580658 332.515372 253.909827
116.981537 -588.318331 659.804936
-357.670919 481.091022 1370.124689
21.452437 -599.417532 2034.935926
573.105461 177.153002 18.676193
-162.461304 577.593378 1542.038990
-597.197550 59.764555 181.311201
-231.225606 553.133939 1849.925501
-586.716159 126.048366 1317.372549
-281.843570 -529.716298 1003.142824
-300.821664 519.281698 1399.866160
-574.701779 171.247043 70.709896
407.660900 440.305022 289.622371
-532.115202 -277.325177 1757.043060
572.758300 178.739488 728.687429
597.733599 48.699019 1728.301541
505.295592 324.222672 1012.458953
468.495779 374.906047 1181.315296
312.030411 -512.212336 1497.404994
-569.636109 188.991276 367.612181
-471.622703 370.267843 592.797605
278.865170 -531.328685 1297.640132
-598.769993 -28.646968 50.237517
159.341633 -578.948545 1775.467136
-329.892777 -501.571550 268.698331
-599.382437 -26.035708 1060.678009
-598.450354 -39.080758 980.244793
323.135278 505.491452 816.618228
-520.782418 297.197531 895.847342
551.177449 -238.178262 556.320104
205.114909 564.137085 177.078754
169.988339 -575.338234 1243.901335
92.457132 -592.593470 1082.483303
-205.226531 563.573006 695.464114
557.314201 -222.551844 73.934405
-125.837965 587.213210 1346.715440
171.704240 -575.340360 2189.304952
-327.812435 502.666645 2081.106322
599.977015 -3.023235 1174.867888
-162.852548 -577.664309 915.518131
535.887343 -269.646718 979.721950
236.229722 -551.453816 15.399260
-447.415903 -400.176396 938.860491
503.797691 -326.617192 1096.686056
585.021435 134.241252 2183.386841
591.032281 -101.985834 2101.044312
595.490000 -72.296731 1250.232714
-186.283120 -570.641858 2134.539970
-585.150496 -132.380158 485.354559
-575.525691 171.381941 414.517997
-595.917526 72.031439 1885.223620
-550.555381 -239.311333 1448.002263
452.102966 394.433820 135.974013
-408.279927 439.150187 951.160753
-176.421925 -572.943216 525.279432
598.672651 -43.626859 1903.427887
-347.605792 488.925586 1946.968263
99.558707 -591.852235 256.374684
456.050867 -389.914123 1152.673218
-597.816457 54.338706 1457.332806
-86.756962 -593.835681 1134.478347
583.582533 -138.705931 787.883764
341.616906 493.426055 193.188722
-578.275086 160.513865 286.965910
-580.861945 -152.345309 1892.553360
62.279298 596.805644 157.882903
-476.116513 -365.088800 1458.270378
-506.608659 321.417395 661.779072
254.205413 543.449252 1743.811667
-140.265508 582.852481 1132.857300
-599.837771 5.216327 1892.589608
-539.070511 263.450657 497.600574
270.215609 536.115711 690.557733
265.013082 -537.499118 1076.181323
-356.076589 -482.608880 302.333792
-40.181885 598.822507 1807.754139
-578.897980 157.862624 1972.202036
-586.480952 126.044991 1668.170662
164.001057 577.484640 652.206710
484.947487 353.686044 1223.633948
600.318725 -8.461697 2029.870747
-123.044895 -587.705628 320.690806
-478.303303 362.028972 1827.490265
-428.433815 -420.434908 1237.490762
-450.058402 397.111369 1188.092919
-517.911735 303.095567 1066.462322
-594.960467 -80.730646 1416.447047
-497.125921 335.735132 589.824105
365.393931 475.766782 983.694779
293.056554 -523.995337 1954.652895
316.935727 -509.384374 896.871680
514.360777 308.918129 1711.266514
-468.249680 374.365296 910.654421
536.138107 -269.162913 1102.024097
-122.238394 -587.308934 1449.023764
599.976011 8.428253 1187.065869
141.400614 -583.167264 1335.014485
-544.552940 -252.581445 1522.449541
-259.501478 541.140627 992.556382
571.382572 183.729414 2130.940223
520.085094 299.443061 1924.129796
-118.803392 -588.293491 1503.955529
-30.603782 -598.920491 1025.432489
-481.541866 -358.062764 361.850575
412.488781 436.240197 181.401821
-318.016372 -508.576120 701.415293
-595.451377 70.838442 905.312195
119.101202 -588.676302 120.644141
-599.479292 29.100392 2000.243170
-591.146126 101.346417 115.855809
-411.341982 437.391919 960.000063
437.143160 411.290113 889.986401
-451.924534 -394.884034 1774.319873
481.707768 357.377738 866.839667
571.317797 182.987165 576.693163
513.419831 -309.790976 1496.730628
-451.504265 396.179882 1357.847481
-595.816018 -72.951405 288.223979
500.779405 330.319123 1083.936401
-189.146761 568.980814 1690.679290
585.369467 132.637328 1472.863490
-596.930570 63.997299 607.321071
571.186125 183.493035 2113.742902
599.406577 -32.611762 841.013317
55.938748 -597.262175 993.215823
-581.684053 147.933083 1185.848124
-153.212726 580.281334 1164.120138
588.280159 119.646250 1361.253754
-58.031831 597.015814 383.084028
552.175795 234.277106 1527.537184
394.946440 451.625025 727.047884
336.645270 -496.923511 543.515181
-541.855986 -256.591782 1655.760092
113.563845 588.578131 453.270875
-101.898027 -591.175023 1854.973889
570.012627 187.717957 1223.675142
504.696434 324.775312 683.923900
491.780440 -343.360089 2035.006088
-580.828649 150.035335 1687.828690
-177.988790 -572.906980 662.173390
-256.901981 -542.270165 1345.089343
-562.546985 -209.163948 694.646931
-231.430913 -553.625368 986.651130
-9.586321 599.645939 459.619207
-599.370447 -19.043383 274.434727
-373.924480 468.873185 612.753089
537.143083 267.422567 1087.456812
-202.504923 -565.425185 1803.217246
-173.920763 574.543084 569.422414
-538.089292 -264.336015 1500.070571
-501.370077 -328.663356 1595.516425
508.193850 -319.311281 907.023907
597.242331 57.653157 246.110718
261.913785 -539.598879 750.144800
-543.118276 -254.446092 1324.026575
-483.080903 355.263115 341.358006
473.609924 368.381732 2078.999445
-190.558626 568.985012 1979.414677
598.787929 -41.149682 1904.192508
-535.415343 -271.598668 1573.794115
-596.763702 -67.541113 1957.949664
-514.604504 -308.418507 1472.835649
-560.429641 214.930354 308.116784
142.890305 582.490758 345.877625
-562.761905 207.618956 1678.282104
-166.126289 -576.274220 382.762459
550.479872 -238.039016 6.292090
-177.004338 573.569292 1343.254374
381.009222 -464.008064 1966.494091
-272.247200 534.677653 910.006598
-55.780464 597.010990 1295.122779
-146.104748 -581.884252 14.243237
597.019096 -60.397647 1603.763194
472.740885 -369.197291 1326.195282
3.845402 600.280951 1721.092338
241.471696 549.552293 844.488728
-534.072193 274.044103 1036.470539
558.715500 218.617163 950.697891
-1.967850 599.933674 931.885366
-587.525901 -122.527618 1303.102805
-378.759827 465.378655 1129.970850
517.718295 -303.059772 1497.754540
348.196558 488.721199 255.879711
175.502828 573.773563 439.511695
-562.944692 207.993320 1334.559252
573.025969 -179.228347 1841.998923
148.994886 581.693424 1783.076580
-418.381856 -430.916705 962.635443
207.160950 562.686257 1842.261528
241.820973 549.341873 413.246172
299.864216 -519.280544 1147.777760
-599.821180 -4.031568 1608.840013
-446.641497 -400.153295 67.741570
-69.894853 -596.127679 444.549637
-557.352518 221.482209 873.192183
526.342907 288.279530 1381.314609
-88.356754 593.760640 2059.571669
-399.805672 447.627746 936.930703
98.033830 -592.126047 1672.656976
-233.293404 -552.631357 1644.607044
-358.095360 -481.187823 436.961778
492.183998 342.978613 853.741149
-509.989259 -316.271661 1822.706921
-292.287980 524.177112 638.572377
588.209832 -115.480759 987.624160
66.501618 596.511312 483.651298
435.608945 -413.128045 536.241587
514.220886 -309.728201 308.477181
564.456404 -202.977940 609.789830
447.649087 -399.401103 2061.218799
574.840895 173.171382 843.036303
-588.257159 118.459877 692.659770
430.776774 417.837586 981.391459
-356.186329 -483.116559 1206.258538
-598.952596 30.465893 1633.664489
584.675381 -135.520339 233.062998
588.447321 -119.954186 783.227703
332.978162 -499.631546 565.580123
-310.498666 513.315729 1636.456349
509.206584 -317.239050 501.153470
-598.144776 -46.186923 744.472859
-599.584107 13.043847 1341.726233
-95.239701 592.199840 869.299660
-599.672243 14.416398 1066.803176
-597.888892 48.795838 1476.142789
-589.114195 114.934951 1896.868834
-161.989053 577.923793 1146.567403
-289.446598 524.814969 1707.523057
83.534204 -594.500771 1724.736277
-416.064909 432.584590 2041.149376
-228.649775 555.007796 417.479394
-163.296516 -577.705479 264.451848
550.227336 238.501088 664.545356
224.970497 556.365431 764.805500
593.495810 86.167837 2102.739585
52.899567 -598.295805 2193.522658
494.668353 -339.212742 1912.233235
-237.147452 -550.975814 870.476133
-527.604671 286.899266 2198.495066
549.983983 238.566047 491.835608
-420.121551 428.285030 564.266109
-594.793573 77.482260 1198.711300
394.566254 -451.395993 1034.724470
-444.704886 -402.222597 319.182046
583.923247 137.280052 805.488397
-136.328734 584.665363 565.490073
-386.193343 -459.379357 1654.143298
597.300901 58.313470 204.197908
-598.993510 29.115200 973.187884
56.332156 597.462777 909.186740
-370.004625 472.514171 1742.857208
-333.799209 -498.795780 1518.449112
